month,join_month,origin_month,channel,plan,active,lapsed
2,2,1,founder,studio,0.0,0
2,2,1,founder,assist,4.800000000000001,0
2,2,1,founder,business,0.0,0
2,2,1,partners,studio,0.0,0
2,2,1,partners,assist,1.68,0
2,2,1,partners,business,0.0,0
2,2,1,case_content,studio,0.0,0
2,2,1,case_content,assist,0.375,0
2,2,1,case_content,business,0.0,0
3,2,1,founder,studio,0.0,0.0
3,2,1,founder,assist,4.5120000000000005,0.28800000000000003
3,2,1,founder,business,0.0,0.0
3,2,1,partners,studio,0.0,0.0
3,2,1,partners,assist,1.5792,0.10079999999999999
3,2,1,partners,business,0.0,0.0
3,2,1,case_content,studio,0.0,0.0
3,2,1,case_content,assist,0.3525,0.0225
3,2,1,case_content,business,0.0,0.0
3,3,2,founder,studio,0.0,0
3,3,2,founder,assist,4.896,0
3,3,2,founder,business,0.0,0
3,3,2,partners,studio,0.0,0
3,3,2,partners,assist,1.7304,0
3,3,2,partners,business,0.0,0
3,3,2,case_content,studio,0.0,0
3,3,2,case_content,assist,0.38625000000000004,0
3,3,2,case_content,business,0.0,0
4,2,1,founder,studio,0.0,0.0
4,2,1,founder,assist,4.241280000000001,0.5587200000000001
4,2,1,founder,business,0.0,0.0
4,2,1,partners,studio,0.0,0.0
4,2,1,partners,assist,1.484448,0.19555199999999998
4,2,1,partners,business,0.0,0.0
4,2,1,case_content,studio,0.0,0.0
4,2,1,case_content,assist,0.33135,0.043649999999999994
4,2,1,case_content,business,0.0,0.0
4,3,2,founder,studio,0.0,0.0
4,3,2,founder,assist,4.60224,0.29375999999999997
4,3,2,founder,business,0.0,0.0
4,3,2,partners,studio,0.0,0.0
4,3,2,partners,assist,1.626576,0.10382399999999999
4,3,2,partners,business,0.0,0.0
4,3,2,case_content,studio,0.0,0.0
4,3,2,case_content,assist,0.36307500000000004,0.023175
4,3,2,case_content,business,0.0,0.0
4,4,3,founder,studio,0.0,0
4,4,3,founder,assist,4.99392,0
4,4,3,founder,business,0.0,0
4,4,3,partners,studio,0.0,0
4,4,3,partners,assist,1.782312,0
4,4,3,partners,business,0.0,0
4,4,3,case_content,studio,0.0,0
4,4,3,case_content,assist,0.3978375,0
4,4,3,case_content,business,0.0,0
5,2,1,founder,studio,0.0,0.0
5,2,1,founder,assist,3.9868032000000007,0.8131968
5,2,1,founder,business,0.0,0.0
5,2,1,partners,studio,0.0,0.0
5,2,1,partners,assist,1.39538112,0.28461887999999996
5,2,1,partners,business,0.0,0.0
5,2,1,case_content,studio,0.0,0.0
5,2,1,case_content,assist,0.311469,0.06353099999999999
5,2,1,case_content,business,0.0,0.0
5,3,2,founder,studio,0.0,0.0
5,3,2,founder,assist,4.3261056,0.5698943999999999
5,3,2,founder,business,0.0,0.0
5,3,2,partners,studio,0.0,0.0
5,3,2,partners,assist,1.52898144,0.20141855999999997
5,3,2,partners,business,0.0,0.0
5,3,2,case_content,studio,0.0,0.0
5,3,2,case_content,assist,0.34129050000000005,0.0449595
5,3,2,case_content,business,0.0,0.0
5,4,3,founder,studio,0.0,0.0
5,4,3,founder,assist,4.6942848,0.2996352
5,4,3,founder,business,0.0,0.0
5,4,3,partners,studio,0.0,0.0
5,4,3,partners,assist,1.6753732799999999,0.10693871999999999
5,4,3,partners,business,0.0,0.0
5,4,3,case_content,studio,0.0,0.0
5,4,3,case_content,assist,0.37396725000000003,0.02387025
5,4,3,case_content,business,0.0,0.0
5,5,4,founder,studio,0.0,0
5,5,4,founder,assist,5.093798400000001,0
5,5,4,founder,business,0.0,0
5,5,4,partners,studio,0.0,0
5,5,4,partners,assist,1.83578136,0
5,5,4,partners,business,0.0,0
5,5,4,case_content,studio,0.0,0
5,5,4,case_content,assist,0.409772625,0
5,5,4,case_content,business,0.0,0
6,2,1,founder,studio,0.0,0.0
6,2,1,founder,assist,3.7475950080000007,1.052404992
6,2,1,founder,business,0.0,0.0
6,2,1,partners,studio,0.0,0.0
6,2,1,partners,assist,1.3116582528,0.36834174719999996
6,2,1,partners,business,0.0,0.0
6,2,1,case_content,studio,0.0,0.0
6,2,1,case_content,assist,0.29278086,0.08221914
6,2,1,case_content,business,0.0,0.0
6,3,2,founder,studio,0.0,0.0
6,3,2,founder,assist,4.066539264,0.8294607359999999
6,3,2,founder,business,0.0,0.0
6,3,2,partners,studio,0.0,0.0
6,3,2,partners,assist,1.4372425536,0.29315744639999997
6,3,2,partners,business,0.0,0.0
6,3,2,case_content,studio,0.0,0.0
6,3,2,case_content,assist,0.32081307000000003,0.06543693
6,3,2,case_content,business,0.0,0.0
6,4,3,founder,studio,0.0,0.0
6,4,3,founder,assist,4.412627712,0.581292288
6,4,3,founder,business,0.0,0.0
6,4,3,partners,studio,0.0,0.0
6,4,3,partners,assist,1.5748508831999999,0.20746111679999996
6,4,3,partners,business,0.0,0.0
6,4,3,case_content,studio,0.0,0.0
6,4,3,case_content,assist,0.351529215,0.046308285000000005
6,4,3,case_content,business,0.0,0.0
6,5,4,founder,studio,0.0,0.0
6,5,4,founder,assist,4.788170496000001,0.305627904
6,5,4,founder,business,0.0,0.0
6,5,4,partners,studio,0.0,0.0
6,5,4,partners,assist,1.7256344784,0.1101468816
6,5,4,partners,business,0.0,0.0
6,5,4,case_content,studio,0.0,0.0
6,5,4,case_content,assist,0.3851862675,0.0245863575
6,5,4,case_content,business,0.0,0.0
6,6,5,founder,studio,0.0,0
6,6,5,founder,assist,5.195674368,0
6,6,5,founder,business,0.0,0
6,6,5,partners,studio,0.0,0
6,6,5,partners,assist,1.8908548008000001,0
6,6,5,partners,business,0.0,0
6,6,5,case_content,studio,0.0,0
6,6,5,case_content,assist,0.4220658037500001,0
6,6,5,case_content,business,0.0,0
7,2,1,founder,studio,0.0,0.0
7,2,1,founder,assist,3.5227393075200006,1.27726069248
7,2,1,founder,business,0.0,0.0
7,2,1,partners,studio,0.0,0.0
7,2,1,partners,assist,1.232958757632,0.44704124236799997
7,2,1,partners,business,0.0,0.0
7,2,1,case_content,studio,0.0,0.0
7,2,1,case_content,assist,0.2752140084,0.0997859916
7,2,1,case_content,business,0.0,0.0
7,3,2,founder,studio,0.0,0.0
7,3,2,founder,assist,3.82254690816,1.0734530918399998
7,3,2,founder,business,0.0,0.0
7,3,2,partners,studio,0.0,0.0
7,3,2,partners,assist,1.351008000384,0.37939199961599995
7,3,2,partners,business,0.0,0.0
7,3,2,case_content,studio,0.0,0.0
7,3,2,case_content,assist,0.30156428580000005,0.08468571420000001
7,3,2,case_content,business,0.0,0.0
7,4,3,founder,studio,0.0,0.0
7,4,3,founder,assist,4.14787004928,0.84604995072
7,4,3,founder,business,0.0,0.0
7,4,3,partners,studio,0.0,0.0
7,4,3,partners,assist,1.4803598302079999,0.30195216979199996
7,4,3,partners,business,0.0,0.0
7,4,3,case_content,studio,0.0,0.0
7,4,3,case_content,assist,0.3304374621,0.0674000379
7,4,3,case_content,business,0.0,0.0
7,5,4,founder,studio,0.0,0.0
7,5,4,founder,assist,4.500880266240001,0.59291813376
7,5,4,founder,business,0.0,0.0
7,5,4,partners,studio,0.0,0.0
7,5,4,partners,assist,1.622096409696,0.21368495030399998
7,5,4,partners,business,0.0,0.0
7,5,4,case_content,studio,0.0,0.0
7,5,4,case_content,assist,0.36207509145,0.047697533550000004
7,5,4,case_content,business,0.0,0.0
7,6,5,founder,studio,0.0,0.0
7,6,5,founder,assist,4.883933905919999,0.31174046207999995
7,6,5,founder,business,0.0,0.0
7,6,5,partners,studio,0.0,0.0
7,6,5,partners,assist,1.777403512752,0.113451288048
7,6,5,partners,business,0.0,0.0
7,6,5,case_content,studio,0.0,0.0
7,6,5,case_content,assist,0.3967418555250001,0.025323948225000004
7,6,5,case_content,business,0.0,0.0
7,7,6,founder,studio,0.0,0
7,7,6,founder,assist,5.29958785536,0
7,7,6,founder,business,0.0,0
7,7,6,partners,studio,0.0,0
7,7,6,partners,assist,1.947580444824,0
7,7,6,partners,business,0.0,0
7,7,6,case_content,studio,0.0,0
7,7,6,case_content,assist,0.4347277778625,0
7,7,6,case_content,business,0.0,0
8,2,1,founder,studio,0.0,0.0
8,2,1,founder,assist,3.3113749490688007,1.4886250509312
8,2,1,founder,business,0.0,0.0
8,2,1,partners,studio,0.0,0.0
8,2,1,partners,assist,1.15898123217408,0.5210187678259199
8,2,1,partners,business,0.0,0.0
8,2,1,case_content,studio,0.0,0.0
8,2,1,case_content,assist,0.258701167896,0.116298832104
8,2,1,case_content,business,0.0,0.0
8,3,2,founder,studio,0.0,0.0
8,3,2,founder,assist,3.5931940936704,1.3028059063295998
8,3,2,founder,business,0.0,0.0
8,3,2,partners,studio,0.0,0.0
8,3,2,partners,assist,1.26994752036096,0.46045247963903996
8,3,2,partners,business,0.0,0.0
8,3,2,case_content,studio,0.0,0.0
8,3,2,case_content,assist,0.28347042865200006,0.10277957134800002
8,3,2,case_content,business,0.0,0.0
8,4,3,founder,studio,0.0,0.0
8,4,3,founder,assist,3.8989978463232,1.0949221536768
8,4,3,founder,business,0.0,0.0
8,4,3,partners,studio,0.0,0.0
8,4,3,partners,assist,1.3915382403955199,0.39077375960447996
8,4,3,partners,business,0.0,0.0
8,4,3,case_content,studio,0.0,0.0
8,4,3,case_content,assist,0.310611214374,0.087226285626
8,4,3,case_content,business,0.0,0.0
8,5,4,founder,studio,0.0,0.0
8,5,4,founder,assist,4.230827450265601,0.8629709497344
8,5,4,founder,business,0.0,0.0
8,5,4,partners,studio,0.0,0.0
8,5,4,partners,assist,1.52477062511424,0.31101073488576
8,5,4,partners,business,0.0,0.0
8,5,4,case_content,studio,0.0,0.0
8,5,4,case_content,assist,0.340350585963,0.069422039037
8,5,4,case_content,business,0.0,0.0
8,6,5,founder,studio,0.0,0.0
8,6,5,founder,assist,4.590897871564799,0.6047764964351998
8,6,5,founder,business,0.0,0.0
8,6,5,partners,studio,0.0,0.0
8,6,5,partners,assist,1.67075930198688,0.22009549881312002
8,6,5,partners,business,0.0,0.0
8,6,5,case_content,studio,0.0,0.0
8,6,5,case_content,assist,0.37293734419350005,0.04912845955650001
8,6,5,case_content,business,0.0,0.0
8,7,6,founder,studio,0.0,0.0
8,7,6,founder,assist,4.9816125840384,0.31797527132160003
8,7,6,founder,business,0.0,0.0
8,7,6,partners,studio,0.0,0.0
8,7,6,partners,assist,1.83072561813456,0.11685482668943999
8,7,6,partners,business,0.0,0.0
8,7,6,case_content,studio,0.0,0.0
8,7,6,case_content,assist,0.40864411119075,0.026083666671749998
8,7,6,case_content,business,0.0,0.0
8,8,7,founder,studio,0.0,0
8,8,7,founder,assist,5.405579612467201,0
8,8,7,founder,business,0.0,0
8,8,7,partners,studio,0.0,0
8,8,7,partners,assist,2.00600785816872,0
8,8,7,partners,business,0.0,0
8,8,7,case_content,studio,0.0,0
8,8,7,case_content,assist,0.447769611198375,0
8,8,7,case_content,business,0.0,0
9,2,1,founder,studio,0.0,0.0
9,2,1,founder,assist,3.112692452124673,1.687307547875328
9,2,1,founder,business,0.0,0.0
9,2,1,partners,studio,0.0,0.0
9,2,1,partners,assist,1.0894423582436352,0.5905576417563647
9,2,1,partners,business,0.0,0.0
9,2,1,case_content,studio,0.0,0.0
9,2,1,case_content,assist,0.24317909782224,0.13182090217776
9,2,1,case_content,business,0.0,0.0
9,3,2,founder,studio,0.0,0.0
9,3,2,founder,assist,3.377602448050176,1.5183975519498238
9,3,2,founder,business,0.0,0.0
9,3,2,partners,studio,0.0,0.0
9,3,2,partners,assist,1.1937506691393025,0.5366493308606975
9,3,2,partners,business,0.0,0.0
9,3,2,case_content,studio,0.0,0.0
9,3,2,case_content,assist,0.26646220293288003,0.11978779706712002
9,3,2,case_content,business,0.0,0.0
9,4,3,founder,studio,0.0,0.0
9,4,3,founder,assist,3.665057975543808,1.328862024456192
9,4,3,founder,business,0.0,0.0
9,4,3,partners,studio,0.0,0.0
9,4,3,partners,assist,1.3080459459717888,0.47426605402821115
9,4,3,partners,business,0.0,0.0
9,4,3,case_content,studio,0.0,0.0
9,4,3,case_content,assist,0.29197454151156,0.10586295848844
9,4,3,case_content,business,0.0,0.0
9,5,4,founder,studio,0.0,0.0
9,5,4,founder,assist,3.976977803249665,1.1168205967503362
9,5,4,founder,business,0.0,0.0
9,5,4,partners,studio,0.0,0.0
9,5,4,partners,assist,1.4332843876073857,0.4024969723926144
9,5,4,partners,business,0.0,0.0
9,5,4,case_content,studio,0.0,0.0
9,5,4,case_content,assist,0.31992955080522,0.08984307419478
9,5,4,case_content,business,0.0,0.0
9,6,5,founder,studio,0.0,0.0
9,6,5,founder,assist,4.3154439992709115,0.8802303687290878
9,6,5,founder,business,0.0,0.0
9,6,5,partners,studio,0.0,0.0
9,6,5,partners,assist,1.5705137438676673,0.32034105693233283
9,6,5,partners,business,0.0,0.0
9,6,5,case_content,studio,0.0,0.0
9,6,5,case_content,assist,0.3505611035418901,0.07150470020811
9,6,5,case_content,business,0.0,0.0
9,7,6,founder,studio,0.0,0.0
9,7,6,founder,assist,4.682715828996096,0.616872026363904
9,7,6,founder,business,0.0,0.0
9,7,6,partners,studio,0.0,0.0
9,7,6,partners,assist,1.7208820810464864,0.22669836377751357
9,7,6,partners,business,0.0,0.0
9,7,6,case_content,studio,0.0,0.0
9,7,6,case_content,assist,0.384125464519305,0.050602313343194996
9,7,6,case_content,business,0.0,0.0
9,8,7,founder,studio,0.0,0.0
9,8,7,founder,assist,5.081244835719168,0.324334776748032
9,8,7,founder,business,0.0,0.0
9,8,7,partners,studio,0.0,0.0
9,8,7,partners,assist,1.8856473866785968,0.12036047149012319
9,8,7,partners,business,0.0,0.0
9,8,7,case_content,studio,0.0,0.0
9,8,7,case_content,assist,0.4209034345264725,0.026866176671902497
9,8,7,case_content,business,0.0,0.0
9,9,8,founder,studio,0.0,0
9,9,8,founder,assist,5.513691204716545,0
9,9,8,founder,business,0.0,0
9,9,8,partners,studio,0.0,0
9,9,8,partners,assist,2.0661880939137816,0
9,9,8,partners,business,0.0,0
9,9,8,case_content,studio,0.0,0
9,9,8,case_content,assist,0.4612026995343263,0
9,9,8,case_content,business,0.0,0
10,2,1,founder,studio,0.0,0.0
10,2,1,founder,assist,2.9259309049971924,1.8740690950028085
10,2,1,founder,business,0.0,0.0
10,2,1,partners,studio,0.0,0.0
10,2,1,partners,assist,1.0240758167490172,0.6559241832509828
10,2,1,partners,business,0.0,0.0
10,2,1,case_content,studio,0.0,0.0
10,2,1,case_content,assist,0.2285883519529056,0.1464116480470944
10,2,1,case_content,business,0.0,0.0
10,3,2,founder,studio,0.0,0.0
10,3,2,founder,assist,3.1749463011671657,1.7210536988328344
10,3,2,founder,business,0.0,0.0
10,3,2,partners,studio,0.0,0.0
10,3,2,partners,assist,1.1221256289909443,0.6082743710090557
10,3,2,partners,business,0.0,0.0
10,3,2,case_content,studio,0.0,0.0
10,3,2,case_content,assist,0.2504744707569072,0.13577552924309283
10,3,2,case_content,business,0.0,0.0
10,4,3,founder,studio,0.0,0.0
10,4,3,founder,assist,3.4451544970111794,1.5487655029888203
10,4,3,founder,business,0.0,0.0
10,4,3,partners,studio,0.0,0.0
10,4,3,partners,assist,1.2295631892134815,0.5527488107865185
10,4,3,partners,business,0.0,0.0
10,4,3,case_content,studio,0.0,0.0
10,4,3,case_content,assist,0.2744560690208664,0.12338143097913361
10,4,3,case_content,business,0.0,0.0
10,5,4,founder,studio,0.0,0.0
10,5,4,founder,assist,3.738359135054685,1.355439264945316
10,5,4,founder,business,0.0,0.0
10,5,4,partners,studio,0.0,0.0
10,5,4,partners,assist,1.3472873243509427,0.4884940356490575
10,5,4,partners,business,0.0,0.0
10,5,4,case_content,studio,0.0,0.0
10,5,4,case_content,assist,0.3007337777569068,0.1090388472430932
10,5,4,case_content,business,0.0,0.0
10,6,5,founder,studio,0.0,0.0
10,6,5,founder,assist,4.056517359314657,1.1391570086853424
10,6,5,founder,business,0.0,0.0
10,6,5,partners,studio,0.0,0.0
10,6,5,partners,assist,1.4762829192356073,0.41457188156439284
10,6,5,partners,business,0.0,0.0
10,6,5,case_content,studio,0.0,0.0
10,6,5,case_content,assist,0.32952743732937667,0.09253836642062341
10,6,5,case_content,business,0.0,0.0
10,7,6,founder,studio,0.0,0.0
10,7,6,founder,assist,4.40175287925633,0.8978349761036697
10,7,6,founder,business,0.0,0.0
10,7,6,partners,studio,0.0,0.0
10,7,6,partners,assist,1.6176291561836973,0.32995128864030276
10,7,6,partners,business,0.0,0.0
10,7,6,case_content,studio,0.0,0.0
10,7,6,case_content,assist,0.3610779366481467,0.07364984121435329
10,7,6,case_content,business,0.0,0.0
10,8,7,founder,studio,0.0,0.0
10,8,7,founder,assist,4.776370145576018,0.6292094668911821
10,8,7,founder,business,0.0,0.0
10,8,7,partners,studio,0.0,0.0
10,8,7,partners,assist,1.772508543477881,0.233499314690839
10,8,7,partners,business,0.0,0.0
10,8,7,case_content,studio,0.0,0.0
10,8,7,case_content,assist,0.39564922845488415,0.052120382743490845
10,8,7,case_content,business,0.0,0.0
10,9,8,founder,studio,0.0,0.0
10,9,8,founder,assist,5.182869732433552,0.3308214722829927
10,9,8,founder,business,0.0,0.0
10,9,8,partners,studio,0.0,0.0
10,9,8,partners,assist,1.9422168082789546,0.12397128563482689
10,9,8,partners,business,0.0,0.0
10,9,8,case_content,studio,0.0,0.0
10,9,8,case_content,assist,0.4335305375622667,0.027672161972059576
10,9,8,case_content,business,0.0,0.0
10,10,9,founder,studio,0.0,0
10,10,9,founder,assist,5.623965028810876,0
10,10,9,founder,business,0.0,0
10,10,9,partners,studio,0.0,0
10,10,9,partners,assist,2.128173736731195,0
10,10,9,partners,business,0.0,0
10,10,9,case_content,studio,0.0,0
10,10,9,case_content,assist,0.4750387805203561,0
10,10,9,case_content,business,0.0,0
11,2,1,founder,studio,0.0,0.0
11,2,1,founder,assist,2.750375050697361,2.04962494930264
11,2,1,founder,business,0.0,0.0
11,2,1,partners,studio,0.0,0.0
11,2,1,partners,assist,0.9626312677440761,0.7173687322559238
11,2,1,partners,business,0.0,0.0
11,2,1,case_content,studio,0.0,0.0
11,2,1,case_content,assist,0.21487305083573127,0.16012694916426873
11,2,1,case_content,business,0.0,0.0
11,3,2,founder,studio,0.0,0.0
11,3,2,founder,assist,2.984449523097136,1.9115504769028644
11,3,2,founder,business,0.0,0.0
11,3,2,partners,studio,0.0,0.0
11,3,2,partners,assist,1.0547980912514876,0.6756019087485123
11,3,2,partners,business,0.0,0.0
11,3,2,case_content,studio,0.0,0.0
11,3,2,case_content,assist,0.23544600251149278,0.15080399748850726
11,3,2,case_content,business,0.0,0.0
11,4,3,founder,studio,0.0,0.0
11,4,3,founder,assist,3.2384452271905086,1.755474772809491
11,4,3,founder,business,0.0,0.0
11,4,3,partners,studio,0.0,0.0
11,4,3,partners,assist,1.1557893978606726,0.6265226021393274
11,4,3,partners,business,0.0,0.0
11,4,3,case_content,studio,0.0,0.0
11,4,3,case_content,assist,0.2579887048796144,0.1398487951203856
11,4,3,case_content,business,0.0,0.0
11,5,4,founder,studio,0.0,0.0
11,5,4,founder,assist,3.514057586951404,1.579740813048597
11,5,4,founder,business,0.0,0.0
11,5,4,partners,studio,0.0,0.0
11,5,4,partners,assist,1.266450084889886,0.569331275110114
11,5,4,partners,business,0.0,0.0
11,5,4,case_content,studio,0.0,0.0
11,5,4,case_content,assist,0.2826897510914924,0.12708287390850762
11,5,4,case_content,business,0.0,0.0
11,6,5,founder,studio,0.0,0.0
11,6,5,founder,assist,3.8131263177557773,1.3825480502442218
11,6,5,founder,business,0.0,0.0
11,6,5,partners,studio,0.0,0.0
11,6,5,partners,assist,1.3877059440814707,0.5031488567185293
11,6,5,partners,business,0.0,0.0
11,6,5,case_content,studio,0.0,0.0
11,6,5,case_content,assist,0.3097557910896141,0.11231001266038601
11,6,5,case_content,business,0.0,0.0
11,7,6,founder,studio,0.0,0.0
11,7,6,founder,assist,4.1376477065009505,1.1619401488590495
11,7,6,founder,business,0.0,0.0
11,7,6,partners,studio,0.0,0.0
11,7,6,partners,assist,1.5205714068126754,0.4270090380113246
11,7,6,partners,business,0.0,0.0
11,7,6,case_content,studio,0.0,0.0
11,7,6,case_content,assist,0.3394132604492579,0.0953145174132421
11,7,6,case_content,business,0.0,0.0
11,8,7,founder,studio,0.0,0.0
11,8,7,founder,assist,4.489787936841457,0.9157916756257432
11,8,7,founder,business,0.0,0.0
11,8,7,partners,studio,0.0,0.0
11,8,7,partners,assist,1.666158030869208,0.33984982729951185
11,8,7,partners,business,0.0,0.0
11,8,7,case_content,studio,0.0,0.0
11,8,7,case_content,assist,0.3719102747475911,0.0758593364507839
11,8,7,case_content,business,0.0,0.0
11,9,8,founder,studio,0.0,0.0
11,9,8,founder,assist,4.871897548487539,0.6417936562290059
11,9,8,founder,business,0.0,0.0
11,9,8,partners,studio,0.0,0.0
11,9,8,partners,assist,1.8256837997822173,0.24050429413156416
11,9,8,partners,business,0.0,0.0
11,9,8,case_content,studio,0.0,0.0
11,9,8,case_content,assist,0.40751870530853074,0.053683994225795575
11,9,8,case_content,business,0.0,0.0
11,10,9,founder,studio,0.0,0.0
11,10,9,founder,assist,5.286527127082223,0.3374379017286525
11,10,9,founder,business,0.0,0.0
11,10,9,partners,studio,0.0,0.0
11,10,9,partners,assist,2.000483312527323,0.1276904242038717
11,10,9,partners,business,0.0,0.0
11,10,9,case_content,studio,0.0,0.0
11,10,9,case_content,assist,0.44653645368913475,0.028502326831221364
11,10,9,case_content,business,0.0,0.0
11,11,10,founder,studio,0.0,0
11,11,10,founder,assist,5.736444329387093,0
11,11,10,founder,business,0.0,0
11,11,10,partners,studio,0.0,0
11,11,10,partners,assist,2.1920189488331316,0
11,11,10,partners,business,0.0,0
11,11,10,case_content,studio,0.0,0
11,11,10,case_content,assist,0.4892899439359668,0
11,11,10,case_content,business,0.0,0
12,2,1,founder,studio,0.0,0.0
12,2,1,founder,assist,2.5853525476555195,2.2146474523444817
12,2,1,founder,business,0.0,0.0
12,2,1,partners,studio,0.0,0.0
12,2,1,partners,assist,0.9048733916794316,0.7751266083205683
12,2,1,partners,business,0.0,0.0
12,2,1,case_content,studio,0.0,0.0
12,2,1,case_content,assist,0.2019806677855874,0.1730193322144126
12,2,1,case_content,business,0.0,0.0
12,3,2,founder,studio,0.0,0.0
12,3,2,founder,assist,2.805382551711308,2.0906174482886923
12,3,2,founder,business,0.0,0.0
12,3,2,partners,studio,0.0,0.0
12,3,2,partners,assist,0.9915102057763984,0.7388897942236016
12,3,2,partners,business,0.0,0.0
12,3,2,case_content,studio,0.0,0.0
12,3,2,case_content,assist,0.22131924236080322,0.16493075763919682
12,3,2,case_content,business,0.0,0.0
12,4,3,founder,studio,0.0,0.0
12,4,3,founder,assist,3.044138513559078,1.9497814864409215
12,4,3,founder,business,0.0,0.0
12,4,3,partners,studio,0.0,0.0
12,4,3,partners,assist,1.0864420339890322,0.6958699660109677
12,4,3,partners,business,0.0,0.0
12,4,3,case_content,studio,0.0,0.0
12,4,3,case_content,assist,0.24250938258683752,0.15532811741316246
12,4,3,case_content,business,0.0,0.0
12,5,4,founder,studio,0.0,0.0
12,5,4,founder,assist,3.30321413173432,1.7905842682656812
12,5,4,founder,business,0.0,0.0
12,5,4,partners,studio,0.0,0.0
12,5,4,partners,assist,1.190463079796493,0.6453182802035072
12,5,4,partners,business,0.0,0.0
12,5,4,case_content,studio,0.0,0.0
12,5,4,case_content,assist,0.26572836602600286,0.14404425897399717
12,5,4,case_content,business,0.0,0.0
12,6,5,founder,studio,0.0,0.0
12,6,5,founder,assist,3.5843387386904304,1.6113356293095684
12,6,5,founder,business,0.0,0.0
12,6,5,partners,studio,0.0,0.0
12,6,5,partners,assist,1.3044435874365825,0.5864112133634175
12,6,5,partners,business,0.0,0.0
12,6,5,case_content,studio,0.0,0.0
12,6,5,case_content,assist,0.2911704436242373,0.13089536012576286
12,6,5,case_content,business,0.0,0.0
12,7,6,founder,studio,0.0,0.0
12,7,6,founder,assist,3.8893888441108935,1.4101990112491065
12,7,6,founder,business,0.0,0.0
12,7,6,partners,studio,0.0,0.0
12,7,6,partners,assist,1.4293371224039149,0.5182433224200851
12,7,6,partners,business,0.0,0.0
12,7,6,case_content,studio,0.0,0.0
12,7,6,case_content,assist,0.3190484648223024,0.11567931304019757
12,7,6,case_content,business,0.0,0.0
12,8,7,founder,studio,0.0,0.0
12,8,7,founder,assist,4.220400660630969,1.1851789518362306
12,8,7,founder,business,0.0,0.0
12,8,7,partners,studio,0.0,0.0
12,8,7,partners,assist,1.5661885490170557,0.43981930915166434
12,8,7,partners,business,0.0,0.0
12,8,7,case_content,studio,0.0,0.0
12,8,7,case_content,assist,0.34959565826273564,0.09817395293563935
12,8,7,case_content,business,0.0,0.0
12,9,8,founder,studio,0.0,0.0
12,9,8,founder,assist,4.579583695578286,0.9341075091382582
12,9,8,founder,business,0.0,0.0
12,9,8,partners,studio,0.0,0.0
12,9,8,partners,assist,1.7161427717952842,0.3500453221184972
12,9,8,partners,business,0.0,0.0
12,9,8,case_content,studio,0.0,0.0
12,9,8,case_content,assist,0.3830675829900189,0.07813511654430742
12,9,8,case_content,business,0.0,0.0
12,10,9,founder,studio,0.0,0.0
12,10,9,founder,assist,4.96933549945729,0.654629529353586
12,10,9,founder,business,0.0,0.0
12,10,9,partners,studio,0.0,0.0
12,10,9,partners,assist,1.8804543137756837,0.24771942295551108
12,10,9,partners,business,0.0,0.0
12,10,9,case_content,studio,0.0,0.0
12,10,9,case_content,assist,0.4197442664677867,0.05529451405256945
12,10,9,case_content,business,0.0,0.0
12,11,10,founder,studio,0.0,0.0
12,11,10,founder,assist,5.392257669623867,0.3441866597632256
12,11,10,founder,business,0.0,0.0
12,11,10,partners,studio,0.0,0.0
12,11,10,partners,assist,2.0604978119031436,0.1315211369299879
12,11,10,partners,business,0.0,0.0
12,11,10,case_content,studio,0.0,0.0
12,11,10,case_content,assist,0.4599325472998088,0.02935739663615801
12,11,10,case_content,business,0.0,0.0
12,12,11,founder,studio,0.0,0
12,12,11,founder,assist,5.8511732159748355,0
12,12,11,founder,business,0.0,0
12,12,11,partners,studio,0.0,0
12,12,11,partners,assist,2.2577795172981254,0
12,12,11,partners,business,0.0,0
12,12,11,case_content,studio,0.0,0
12,12,11,case_content,assist,0.5039686422540458,0
12,12,11,case_content,business,0.0,0
13,2,1,founder,studio,0.0,0.0
13,2,1,founder,assist,2.430231394796188,2.369768605203813
13,2,1,founder,business,0.0,0.0
13,2,1,partners,studio,0.0,0.0
13,2,1,partners,assist,0.8505809881786657,0.8294190118213343
13,2,1,partners,business,0.0,0.0
13,2,1,case_content,studio,0.0,0.0
13,2,1,case_content,assist,0.18986182771845217,0.18513817228154783
13,2,1,case_content,business,0.0,0.0
13,3,2,founder,studio,0.0,0.0
13,3,2,founder,assist,2.6370595986086296,2.2589404013913708
13,3,2,founder,business,0.0,0.0
13,3,2,partners,studio,0.0,0.0
13,3,2,partners,assist,0.9320195934298144,0.7983804065701855
13,3,2,partners,business,0.0,0.0
13,3,2,case_content,studio,0.0,0.0
13,3,2,case_content,assist,0.20804008781915503,0.178209912180845
13,3,2,case_content,business,0.0,0.0
13,4,3,founder,studio,0.0,0.0
13,4,3,founder,assist,2.8614902027455336,2.132429797254466
13,4,3,founder,business,0.0,0.0
13,4,3,partners,studio,0.0,0.0
13,4,3,partners,assist,1.0212555119496902,0.7610564880503097
13,4,3,partners,business,0.0,0.0
13,4,3,case_content,studio,0.0,0.0
13,4,3,case_content,assist,0.22795881963162726,0.16987868036837273
13,4,3,case_content,business,0.0,0.0
13,5,4,founder,studio,0.0,0.0
13,5,4,founder,assist,3.105021283830261,1.9887771161697403
13,5,4,founder,business,0.0,0.0
13,5,4,partners,studio,0.0,0.0
13,5,4,partners,assist,1.1190352950087035,0.7167460649912968
13,5,4,partners,business,0.0,0.0
13,5,4,case_content,studio,0.0,0.0
13,5,4,case_content,assist,0.2497846640644427,0.15998796093555734
13,5,4,case_content,business,0.0,0.0
13,6,5,founder,studio,0.0,0.0
13,6,5,founder,assist,3.3692784143690044,1.8263959536309942
13,6,5,founder,business,0.0,0.0
13,6,5,partners,studio,0.0,0.0
13,6,5,partners,assist,1.2261769721903875,0.6646778286096124
13,6,5,partners,business,0.0,0.0
13,6,5,case_content,studio,0.0,0.0
13,6,5,case_content,assist,0.27370021700678304,0.1483655867432171
13,6,5,case_content,business,0.0,0.0
13,7,6,founder,studio,0.0,0.0
13,7,6,founder,assist,3.6560255134642397,1.6435623418957601
13,7,6,founder,business,0.0,0.0
13,7,6,partners,studio,0.0,0.0
13,7,6,partners,assist,1.34357689505968,0.6040035497643199
13,7,6,partners,business,0.0,0.0
13,7,6,case_content,studio,0.0,0.0
13,7,6,case_content,assist,0.2999055569329643,0.13482222092953572
13,7,6,case_content,business,0.0,0.0
13,8,7,founder,studio,0.0,0.0
13,8,7,founder,assist,3.967176620993111,1.4384029914740888
13,8,7,founder,business,0.0,0.0
13,8,7,partners,studio,0.0,0.0
13,8,7,partners,assist,1.4722172360760324,0.5337906220926877
13,8,7,partners,business,0.0,0.0
13,8,7,case_content,studio,0.0,0.0
13,8,7,case_content,assist,0.3286199187669715,0.1191496924314035
13,8,7,case_content,business,0.0,0.0
13,9,8,founder,studio,0.0,0.0
13,9,8,founder,assist,4.3048086738435885,1.2088825308729554
13,9,8,founder,business,0.0,0.0
13,9,8,partners,studio,0.0,0.0
13,9,8,partners,assist,1.613174205487567,0.45301388842621426
13,9,8,partners,business,0.0,0.0
13,9,8,case_content,studio,0.0,0.0
13,9,8,case_content,assist,0.36008352801061777,0.10111917152370856
13,9,8,case_content,business,0.0,0.0
13,10,9,founder,studio,0.0,0.0
13,10,9,founder,assist,4.671175369489853,0.9527896593210234
13,10,9,founder,business,0.0,0.0
13,10,9,partners,studio,0.0,0.0
13,10,9,partners,assist,1.7676270549491426,0.36054668178205207
13,10,9,partners,business,0.0,0.0
13,10,9,case_content,studio,0.0,0.0
13,10,9,case_content,assist,0.3945596104797195,0.08047917004063665
13,10,9,case_content,business,0.0,0.0
13,11,10,founder,studio,0.0,0.0
13,11,10,founder,assist,5.0687222094464355,0.6677221199406576
13,11,10,founder,business,0.0,0.0
13,11,10,partners,studio,0.0,0.0
13,11,10,partners,assist,1.936867943188955,0.25515100564417653
13,11,10,partners,business,0.0,0.0
13,11,10,case_content,studio,0.0,0.0
13,11,10,case_content,assist,0.43233659446182027,0.05695334947414654
13,11,10,case_content,business,0.0,0.0
13,12,11,founder,studio,0.0,0.0
13,12,11,founder,assist,5.500102823016346,0.35107039295849013
13,12,11,founder,business,0.0,0.0
13,12,11,partners,studio,0.0,0.0
13,12,11,partners,assist,2.122312746260238,0.1354667710378875
13,12,11,partners,business,0.0,0.0
13,12,11,case_content,studio,0.0,0.0
13,12,11,case_content,assist,0.4737305237188031,0.030238118535242747
13,12,11,case_content,business,0.0,0.0
13,13,12,founder,studio,0.0,0
13,13,12,founder,assist,5.968196680294332,0
13,13,12,founder,business,0.0,0
13,13,12,partners,studio,0.0,0
13,13,12,partners,assist,2.325512902817069,0
13,13,12,partners,business,0.0,0
13,13,12,case_content,studio,0.0,0
13,13,12,case_content,assist,0.5190877015216672,0
13,13,12,case_content,business,0.0,0
14,2,1,founder,studio,0.0,0.0
14,2,1,founder,assist,2.284417511108417,2.5155824888915843
14,2,1,founder,business,0.0,0.0
14,2,1,partners,studio,0.0,0.0
14,2,1,partners,assist,0.7995461288879457,0.8804538711120542
14,2,1,partners,business,0.0,0.0
14,2,1,case_content,studio,0.0,0.0
14,2,1,case_content,assist,0.17847011805534505,0.19652988194465495
14,2,1,case_content,business,0.0,0.0
14,3,2,founder,studio,0.0,0.0
14,3,2,founder,assist,2.478836022692112,2.4171639773078883
14,3,2,founder,business,0.0,0.0
14,3,2,partners,studio,0.0,0.0
14,3,2,partners,assist,0.8760984178240255,0.8543015821759744
14,3,2,partners,business,0.0,0.0
14,3,2,case_content,studio,0.0,0.0
14,3,2,case_content,assist,0.19555768255000572,0.19069231744999432
14,3,2,case_content,business,0.0,0.0
14,4,3,founder,studio,0.0,0.0
14,4,3,founder,assist,2.6898007905808017,2.304119209419198
14,4,3,founder,business,0.0,0.0
14,4,3,partners,studio,0.0,0.0
14,4,3,partners,assist,0.9599801812327088,0.8223318187672911
14,4,3,partners,business,0.0,0.0
14,4,3,case_content,studio,0.0,0.0
14,4,3,case_content,assist,0.21428129045372962,0.18355620954627036
14,4,3,case_content,business,0.0,0.0
14,5,4,founder,studio,0.0,0.0
14,5,4,founder,assist,2.918720006800445,2.175078393199556
14,5,4,founder,business,0.0,0.0
14,5,4,partners,studio,0.0,0.0
14,5,4,partners,assist,1.0518931773081812,0.783888182691819
14,5,4,partners,business,0.0,0.0
14,5,4,case_content,studio,0.0,0.0
14,5,4,case_content,assist,0.23479758422057612,0.17497504077942388
14,5,4,case_content,business,0.0,0.0
14,6,5,founder,studio,0.0,0.0
14,6,5,founder,assist,3.1671217095068642,2.0285526584931346
14,6,5,founder,business,0.0,0.0
14,6,5,partners,studio,0.0,0.0
14,6,5,partners,assist,1.1526063538589641,0.7382484469410356
14,6,5,partners,business,0.0,0.0
14,6,5,case_content,studio,0.0,0.0
14,6,5,case_content,assist,0.2572782039863761,0.16478759976362406
14,6,5,case_content,business,0.0,0.0
14,7,6,founder,studio,0.0,0.0
14,7,6,founder,assist,3.4366639826563854,1.8629238727036146
14,7,6,founder,business,0.0,0.0
14,7,6,partners,studio,0.0,0.0
14,7,6,partners,assist,1.2629622813560992,0.6846181634679007
14,7,6,partners,business,0.0,0.0
14,7,6,case_content,studio,0.0,0.0
14,7,6,case_content,assist,0.28191122351698644,0.15281655434551358
14,7,6,case_content,business,0.0,0.0
14,8,7,founder,studio,0.0,0.0
14,8,7,founder,assist,3.7291460237335246,1.6764335887336754
14,8,7,founder,business,0.0,0.0
14,8,7,partners,studio,0.0,0.0
14,8,7,partners,assist,1.3838842019114705,0.6221236562572496
14,8,7,partners,business,0.0,0.0
14,8,7,case_content,studio,0.0,0.0
14,8,7,case_content,assist,0.3089027236409532,0.1388668875574218
14,8,7,case_content,business,0.0,0.0
14,9,8,founder,studio,0.0,0.0
14,9,8,founder,assist,4.046520153412973,1.4671710513035707
14,9,8,founder,business,0.0,0.0
14,9,8,partners,studio,0.0,0.0
14,9,8,partners,assist,1.516383753158313,0.5498043407554682
14,9,8,partners,business,0.0,0.0
14,9,8,case_content,studio,0.0,0.0
14,9,8,case_content,assist,0.3384785163299807,0.12272418320434562
14,9,8,case_content,business,0.0,0.0
14,10,9,founder,studio,0.0,0.0
14,10,9,founder,assist,4.390904847320462,1.2330601814904145
14,10,9,founder,business,0.0,0.0
14,10,9,partners,studio,0.0,0.0
14,10,9,partners,assist,1.661569431652194,0.46660430507900064
14,10,9,partners,business,0.0,0.0
14,10,9,case_content,studio,0.0,0.0
14,10,9,case_content,assist,0.3708860338509363,0.10415274666941982
14,10,9,case_content,business,0.0,0.0
14,11,10,founder,studio,0.0,0.0
14,11,10,founder,assist,4.764598876879649,0.9718454525074437
14,11,10,founder,business,0.0,0.0
14,11,10,partners,studio,0.0,0.0
14,11,10,partners,assist,1.8206558665976178,0.37136308223551384
14,11,10,partners,business,0.0,0.0
14,11,10,case_content,studio,0.0,0.0
14,11,10,case_content,assist,0.40639639879411105,0.08289354514185576
14,11,10,case_content,business,0.0,0.0
14,12,11,founder,studio,0.0,0.0
14,12,11,founder,assist,5.170096653635365,0.6810765623394708
14,12,11,founder,business,0.0,0.0
14,12,11,partners,studio,0.0,0.0
14,12,11,partners,assist,1.9949739814846237,0.2628055358135018
14,12,11,partners,business,0.0,0.0
14,12,11,case_content,studio,0.0,0.0
14,12,11,case_content,assist,0.4453066922956749,0.05866194995837093
14,12,11,case_content,business,0.0,0.0
14,13,12,founder,studio,0.0,0.0
14,13,12,founder,assist,5.610104879476672,0.3580918008176599
14,13,12,founder,business,0.0,0.0
14,13,12,partners,studio,0.0,0.0
14,13,12,partners,assist,2.1859821286480448,0.13953077416902412
14,13,12,partners,business,0.0,0.0
14,13,12,case_content,studio,0.0,0.0
14,13,12,case_content,assist,0.48794243943036714,0.03114526209130003
14,13,12,case_content,business,0.0,0.0
14,14,13,founder,studio,0.0,0
14,14,13,founder,assist,6.0875606139002185,0
14,14,13,founder,business,0.0,0
14,14,13,partners,studio,0.0,0
14,14,13,partners,assist,2.395278289901581,0
14,14,13,partners,business,0.0,0
14,14,13,case_content,studio,0.0,0
14,14,13,case_content,assist,0.5346603325673172,0
14,14,13,case_content,business,0.0,0
15,2,1,founder,studio,0.0,0.0
15,2,1,founder,assist,2.147352460441912,2.6526475395580893
15,2,1,founder,business,0.0,0.0
15,2,1,partners,studio,0.0,0.0
15,2,1,partners,assist,0.751573361154669,0.9284266388453309
15,2,1,partners,business,0.0,0.0
15,2,1,case_content,studio,0.0,0.0
15,2,1,case_content,assist,0.16776191097202434,0.20723808902797566
15,2,1,case_content,business,0.0,0.0
15,3,2,founder,studio,0.0,0.0
15,3,2,founder,assist,2.330105861330585,2.565894138669415
15,3,2,founder,business,0.0,0.0
15,3,2,partners,studio,0.0,0.0
15,3,2,partners,assist,0.8235325127545841,0.9068674872454159
15,3,2,partners,business,0.0,0.0
15,3,2,case_content,studio,0.0,0.0
15,3,2,case_content,assist,0.18382422159700537,0.20242577840299467
15,3,2,case_content,business,0.0,0.0
15,4,3,founder,studio,0.0,0.0
15,4,3,founder,assist,2.5284127431459535,2.465507256854046
15,4,3,founder,business,0.0,0.0
15,4,3,partners,studio,0.0,0.0
15,4,3,partners,assist,0.9023813703587462,0.8799306296412537
15,4,3,partners,business,0.0,0.0
15,4,3,case_content,studio,0.0,0.0
15,4,3,case_content,assist,0.20142441302650585,0.19641308697349413
15,4,3,case_content,business,0.0,0.0
15,5,4,founder,studio,0.0,0.0
15,5,4,founder,assist,2.7435968063924183,2.350201593607583
15,5,4,founder,business,0.0,0.0
15,5,4,partners,studio,0.0,0.0
15,5,4,partners,assist,0.9887795866696903,0.8470017733303099
15,5,4,partners,business,0.0,0.0
15,5,4,case_content,studio,0.0,0.0
15,5,4,case_content,assist,0.22070972916734155,0.18906289583265845
15,5,4,case_content,business,0.0,0.0
15,6,5,founder,studio,0.0,0.0
15,6,5,founder,assist,2.977094406936452,2.2185799610635466
15,6,5,founder,business,0.0,0.0
15,6,5,partners,studio,0.0,0.0
15,6,5,partners,assist,1.0834499726274263,0.8074048281725735
15,6,5,partners,business,0.0,0.0
15,6,5,case_content,studio,0.0,0.0
15,6,5,case_content,assist,0.2418415117471935,0.18022429200280662
15,6,5,case_content,business,0.0,0.0
15,7,6,founder,studio,0.0,0.0
15,7,6,founder,assist,3.2304641436970023,2.0691237116629977
15,7,6,founder,business,0.0,0.0
15,7,6,partners,studio,0.0,0.0
15,7,6,partners,assist,1.1871845444747333,0.7603959003492666
15,7,6,partners,business,0.0,0.0
15,7,6,case_content,studio,0.0,0.0
15,7,6,case_content,assist,0.26499655010596723,0.16973122775653277
15,7,6,case_content,business,0.0,0.0
15,8,7,founder,studio,0.0,0.0
15,8,7,founder,assist,3.505397262309513,1.9001823501576869
15,8,7,founder,business,0.0,0.0
15,8,7,partners,studio,0.0,0.0
15,8,7,partners,assist,1.3008511497967823,0.7051567083719379
15,8,7,partners,business,0.0,0.0
15,8,7,case_content,studio,0.0,0.0
15,8,7,case_content,assist,0.290368560222496,0.15740105097587898
15,8,7,case_content,business,0.0,0.0
15,9,8,founder,studio,0.0,0.0
15,9,8,founder,assist,3.8037289442081947,1.709962260508349
15,9,8,founder,business,0.0,0.0
15,9,8,partners,studio,0.0,0.0
15,9,8,partners,assist,1.4254007279688143,0.640787365944967
15,9,8,partners,business,0.0,0.0
15,9,8,case_content,studio,0.0,0.0
15,9,8,case_content,assist,0.31816980535018186,0.14303289418414447
15,9,8,case_content,business,0.0,0.0
15,10,9,founder,studio,0.0,0.0
15,10,9,founder,assist,4.127450556481234,1.4965144723296422
15,10,9,founder,business,0.0,0.0
15,10,9,partners,studio,0.0,0.0
15,10,9,partners,assist,1.5618752657530623,0.5662984709781322
15,10,9,partners,business,0.0,0.0
15,10,9,case_content,studio,0.0,0.0
15,10,9,case_content,assist,0.3486328718198801,0.126405908700476
15,10,9,case_content,business,0.0,0.0
15,11,10,founder,studio,0.0,0.0
15,11,10,founder,assist,4.47872294426687,1.2577213851202227
15,11,10,founder,business,0.0,0.0
15,11,10,partners,studio,0.0,0.0
15,11,10,partners,assist,1.7114165146017608,0.4806024342313709
15,11,10,partners,business,0.0,0.0
15,11,10,case_content,studio,0.0,0.0
15,11,10,case_content,assist,0.3820126148664644,0.10727732906950242
15,11,10,case_content,business,0.0,0.0
15,12,11,founder,studio,0.0,0.0
15,12,11,founder,assist,4.859890854417244,0.9912823615575928
15,12,11,founder,business,0.0,0.0
15,12,11,partners,studio,0.0,0.0
15,12,11,partners,assist,1.8752755425955463,0.38250397470257924
15,12,11,partners,business,0.0,0.0
15,12,11,case_content,studio,0.0,0.0
15,12,11,case_content,assist,0.4185882907579344,0.08538035149611142
15,12,11,case_content,business,0.0,0.0
15,13,12,founder,studio,0.0,0.0
15,13,12,founder,assist,5.2734985867080715,0.6946980935862601
15,13,12,founder,business,0.0,0.0
15,13,12,partners,studio,0.0,0.0
15,13,12,partners,assist,2.054823200929162,0.2706897018879068
15,13,12,partners,business,0.0,0.0
15,13,12,case_content,studio,0.0,0.0
15,13,12,case_content,assist,0.4586658930645451,0.060421808457122056
15,13,12,case_content,business,0.0,0.0
15,14,13,founder,studio,0.0,0.0
15,14,13,founder,assist,5.722306977066205,0.3652536368340131
15,14,13,founder,business,0.0,0.0
15,14,13,partners,studio,0.0,0.0
15,14,13,partners,assist,2.2515615925074863,0.14371669739409487
15,14,13,partners,business,0.0,0.0
15,14,13,case_content,studio,0.0,0.0
15,14,13,case_content,assist,0.5025807126132781,0.032079619954039025
15,14,13,case_content,business,0.0,0.0
15,15,14,founder,studio,0.0,0
15,15,14,founder,assist,6.209311826178223,0
15,15,14,founder,business,0.0,0
15,15,14,partners,studio,0.0,0
15,15,14,partners,assist,2.467136638598629,0
15,15,14,partners,business,0.0,0
15,15,14,case_content,studio,0.0,0
15,15,14,case_content,assist,0.5507001425443369,0
15,15,14,case_content,business,0.0,0
16,2,1,founder,studio,0.0,0.0
16,2,1,founder,assist,2.0185113128153973,2.781488687184604
16,2,1,founder,business,0.0,0.0
16,2,1,partners,studio,0.0,0.0
16,2,1,partners,assist,0.7064789594853889,0.9735210405146111
16,2,1,partners,business,0.0,0.0
16,2,1,case_content,studio,0.0,0.0
16,2,1,case_content,assist,0.15769619631370288,0.21730380368629712
16,2,1,case_content,business,0.0,0.0
16,3,2,founder,studio,0.0,0.0
16,3,2,founder,assist,2.19029950965075,2.7057004903492503
16,3,2,founder,business,0.0,0.0
16,3,2,partners,studio,0.0,0.0
16,3,2,partners,assist,0.774120561989309,0.9562794380106909
16,3,2,partners,business,0.0,0.0
16,3,2,case_content,studio,0.0,0.0
16,3,2,case_content,assist,0.17279476830118506,0.21345523169881497
16,3,2,case_content,business,0.0,0.0
16,4,3,founder,studio,0.0,0.0
16,4,3,founder,assist,2.3767079785571963,2.6172120214428034
16,4,3,founder,business,0.0,0.0
16,4,3,partners,studio,0.0,0.0
16,4,3,partners,assist,0.8482384881372215,0.9340735118627784
16,4,3,partners,business,0.0,0.0
16,4,3,case_content,studio,0.0,0.0
16,4,3,case_content,assist,0.1893389482449155,0.20849855175508447
16,4,3,case_content,business,0.0,0.0
16,5,4,founder,studio,0.0,0.0
16,5,4,founder,assist,2.5789809980088734,2.514817401991128
16,5,4,founder,business,0.0,0.0
16,5,4,partners,studio,0.0,0.0
16,5,4,partners,assist,0.929452811469509,0.9063285485304913
16,5,4,partners,business,0.0,0.0
16,5,4,case_content,studio,0.0,0.0
16,5,4,case_content,assist,0.20746714541730105,0.20230547958269895
16,5,4,case_content,business,0.0,0.0
16,6,5,founder,studio,0.0,0.0
16,6,5,founder,assist,2.798468742520265,2.397205625479734
16,6,5,founder,business,0.0,0.0
16,6,5,partners,studio,0.0,0.0
16,6,5,partners,assist,1.0184429742697807,0.8724118265302191
16,6,5,partners,business,0.0,0.0
16,6,5,case_content,studio,0.0,0.0
16,6,5,case_content,assist,0.2273310210423619,0.19473478270763822
16,6,5,case_content,business,0.0,0.0
16,7,6,founder,studio,0.0,0.0
16,7,6,founder,assist,3.036636295075182,2.262951560284818
16,7,6,founder,business,0.0,0.0
16,7,6,partners,studio,0.0,0.0
16,7,6,partners,assist,1.1159534718062494,0.8316269730177506
16,7,6,partners,business,0.0,0.0
16,7,6,case_content,studio,0.0,0.0
16,7,6,case_content,assist,0.2490967570996092,0.18563102076289079
16,7,6,case_content,business,0.0,0.0
16,8,7,founder,studio,0.0,0.0
16,8,7,founder,assist,3.2950734265709425,2.1105061858962575
16,8,7,founder,business,0.0,0.0
16,8,7,partners,studio,0.0,0.0
16,8,7,partners,assist,1.2228000808089754,0.7832077773597448
16,8,7,partners,business,0.0,0.0
16,8,7,case_content,studio,0.0,0.0
16,8,7,case_content,assist,0.27294644660914624,0.17482316458922872
16,8,7,case_content,business,0.0,0.0
16,9,8,founder,studio,0.0,0.0
16,9,8,founder,assist,3.575505207555703,1.9381859971608408
16,9,8,founder,business,0.0,0.0
16,9,8,partners,studio,0.0,0.0
16,9,8,partners,assist,1.3398766842906855,0.7263114096230958
16,9,8,partners,business,0.0,0.0
16,9,8,case_content,studio,0.0,0.0
16,9,8,case_content,assist,0.29907961702917096,0.1621230825051554
16,9,8,case_content,business,0.0,0.0
16,10,9,founder,studio,0.0,0.0
16,10,9,founder,assist,3.87980352309236,1.7441615057185162
16,10,9,founder,business,0.0,0.0
16,10,9,partners,studio,0.0,0.0
16,10,9,partners,assist,1.4681627498078786,0.660010986923316
16,10,9,partners,business,0.0,0.0
16,10,9,case_content,studio,0.0,0.0
16,10,9,case_content,assist,0.32771489951068733,0.1473238810096688
16,10,9,case_content,business,0.0,0.0
16,11,10,founder,studio,0.0,0.0
16,11,10,founder,assist,4.209999567610858,1.526444761776235
16,11,10,founder,business,0.0,0.0
16,11,10,partners,studio,0.0,0.0
16,11,10,partners,assist,1.6087315237256552,0.5832874251074766
16,11,10,partners,business,0.0,0.0
16,11,10,case_content,studio,0.0,0.0
16,11,10,case_content,assist,0.3590918579744765,0.1301980859614903
16,11,10,case_content,business,0.0,0.0
16,12,11,founder,studio,0.0,0.0
16,12,11,founder,assist,4.568297403152209,1.2828758128226274
16,12,11,founder,business,0.0,0.0
16,12,11,partners,studio,0.0,0.0
16,12,11,partners,assist,1.7627590100398136,0.49502050725831204
16,12,11,partners,business,0.0,0.0
16,12,11,case_content,studio,0.0,0.0
16,12,11,case_content,assist,0.39347299331245833,0.11049564894158749
16,12,11,case_content,business,0.0,0.0
16,13,12,founder,studio,0.0,0.0
16,13,12,founder,assist,4.957088671505587,1.0111080087887445
16,13,12,founder,business,0.0,0.0
16,13,12,partners,studio,0.0,0.0
16,13,12,partners,assist,1.9315338088734124,0.39397909394365654
16,13,12,partners,business,0.0,0.0
16,13,12,case_content,studio,0.0,0.0
16,13,12,case_content,assist,0.43114593948067237,0.08794176204099476
16,13,12,case_content,business,0.0,0.0
16,14,13,founder,studio,0.0,0.0
16,14,13,founder,assist,5.378968558442233,0.7085920554579854
16,14,13,founder,business,0.0,0.0
16,14,13,partners,studio,0.0,0.0
16,14,13,partners,assist,2.116467896957037,0.278810392944544
16,14,13,partners,business,0.0,0.0
16,14,13,case_content,studio,0.0,0.0
16,14,13,case_content,assist,0.4724258698564814,0.06223446271083571
16,14,13,case_content,business,0.0,0.0
16,15,14,founder,studio,0.0,0.0
16,15,14,founder,assist,5.83675311660753,0.37255870957069337
16,15,14,founder,business,0.0,0.0
16,15,14,partners,studio,0.0,0.0
16,15,14,partners,assist,2.3191084402827116,0.14802819831591774
16,15,14,partners,business,0.0,0.0
16,15,14,case_content,studio,0.0,0.0
16,15,14,case_content,assist,0.5176581339916766,0.03304200855266021
16,15,14,case_content,business,0.0,0.0
16,16,15,founder,studio,0.0,0
16,16,15,founder,assist,6.333498062701787,0
16,16,15,founder,business,0.0,0
16,16,15,partners,studio,0.0,0
16,16,15,partners,assist,2.541150737756588,0
16,16,15,partners,business,0.0,0
16,16,15,case_content,studio,0.0,0
16,16,15,case_content,assist,0.5672211468206669,0
16,16,15,case_content,business,0.0,0
17,2,1,founder,studio,0.0,0.0
17,2,1,founder,assist,1.8974006340464735,2.902599365953528
17,2,1,founder,business,0.0,0.0
17,2,1,partners,studio,0.0,0.0
17,2,1,partners,assist,0.6640902219162655,1.0159097780837345
17,2,1,partners,business,0.0,0.0
17,2,1,case_content,studio,0.0,0.0
17,2,1,case_content,assist,0.1482344245348807,0.2267655754651193
17,2,1,case_content,business,0.0,0.0
17,3,2,founder,studio,0.0,0.0
17,3,2,founder,assist,2.058881539071705,2.8371184609282953
17,3,2,founder,business,0.0,0.0
17,3,2,partners,studio,0.0,0.0
17,3,2,partners,assist,0.7276733282699505,1.0027266717300494
17,3,2,partners,business,0.0,0.0
17,3,2,case_content,studio,0.0,0.0
17,3,2,case_content,assist,0.16242708220311397,0.22382291779688607
17,3,2,case_content,business,0.0,0.0
17,4,3,founder,studio,0.0,0.0
17,4,3,founder,assist,2.2341054998437646,2.759814500156235
17,4,3,founder,business,0.0,0.0
17,4,3,partners,studio,0.0,0.0
17,4,3,partners,assist,0.7973441788489882,0.9849678211510117
17,4,3,partners,business,0.0,0.0
17,4,3,case_content,studio,0.0,0.0
17,4,3,case_content,assist,0.17797861135022058,0.2198588886497794
17,4,3,case_content,business,0.0,0.0
17,5,4,founder,studio,0.0,0.0
17,5,4,founder,assist,2.4242421381283408,2.6695562618716604
17,5,4,founder,business,0.0,0.0
17,5,4,partners,studio,0.0,0.0
17,5,4,partners,assist,0.8736856427813384,0.9620957172186618
17,5,4,partners,business,0.0,0.0
17,5,4,case_content,studio,0.0,0.0
17,5,4,case_content,assist,0.195019116692263,0.214753508307737
17,5,4,case_content,business,0.0,0.0
17,6,5,founder,studio,0.0,0.0
17,6,5,founder,assist,2.6305606179690493,2.5651137500309495
17,6,5,founder,business,0.0,0.0
17,6,5,partners,studio,0.0,0.0
17,6,5,partners,assist,0.9573363958135939,0.9335184049864059
17,6,5,partners,business,0.0,0.0
17,6,5,case_content,studio,0.0,0.0
17,6,5,case_content,assist,0.2136911597798202,0.20837464397017993
17,6,5,case_content,business,0.0,0.0
17,7,6,founder,studio,0.0,0.0
17,7,6,founder,assist,2.8544381173706714,2.4451497379893286
17,7,6,founder,business,0.0,0.0
17,7,6,partners,studio,0.0,0.0
17,7,6,partners,assist,1.0489962634978744,0.8985841813261255
17,7,6,partners,business,0.0,0.0
17,7,6,case_content,studio,0.0,0.0
17,7,6,case_content,assist,0.23415095167363265,0.20057682618886735
17,7,6,case_content,business,0.0,0.0
17,8,7,founder,studio,0.0,0.0
17,8,7,founder,assist,3.0973690209766858,2.308210591490514
17,8,7,founder,business,0.0,0.0
17,8,7,partners,studio,0.0,0.0
17,8,7,partners,assist,1.1494320759604368,0.8565757822082833
17,8,7,partners,business,0.0,0.0
17,8,7,case_content,studio,0.0,0.0
17,8,7,case_content,assist,0.2565696598125975,0.1911999513857775
17,8,7,case_content,business,0.0,0.0
17,9,8,founder,studio,0.0,0.0
17,9,8,founder,assist,3.360974895102361,2.152716309614183
17,9,8,founder,business,0.0,0.0
17,9,8,partners,studio,0.0,0.0
17,9,8,partners,assist,1.2594840832332443,0.806704010680537
17,9,8,partners,business,0.0,0.0
17,9,8,case_content,studio,0.0,0.0
17,9,8,case_content,assist,0.2811348400074207,0.18006785952690565
17,9,8,case_content,business,0.0,0.0
17,10,9,founder,studio,0.0,0.0
17,10,9,founder,assist,3.6470153117068183,1.9769497171040578
17,10,9,founder,business,0.0,0.0
17,10,9,partners,studio,0.0,0.0
17,10,9,partners,assist,1.380072984819406,0.7481007519117887
17,10,9,partners,business,0.0,0.0
17,10,9,case_content,studio,0.0,0.0
17,10,9,case_content,assist,0.3080520055400461,0.16698677498031006
17,10,9,case_content,business,0.0,0.0
17,11,10,founder,studio,0.0,0.0
17,11,10,founder,assist,3.9573995935542063,1.7790447358328865
17,11,10,founder,business,0.0,0.0
17,11,10,partners,studio,0.0,0.0
17,11,10,partners,assist,1.5122076323021159,0.6798113165310159
17,11,10,partners,business,0.0,0.0
17,11,10,case_content,studio,0.0,0.0
17,11,10,case_content,assist,0.3375463464960079,0.15174359743995888
17,11,10,case_content,business,0.0,0.0
17,12,11,founder,studio,0.0,0.0
17,12,11,founder,assist,4.294199558963077,1.5569736570117598
17,12,11,founder,business,0.0,0.0
17,12,11,partners,studio,0.0,0.0
17,12,11,partners,assist,1.6569934694374249,0.6007860478607009
17,12,11,partners,business,0.0,0.0
17,12,11,case_content,studio,0.0,0.0
17,12,11,case_content,assist,0.3698646137137108,0.13410402854033499
17,12,11,case_content,business,0.0,0.0
17,13,12,founder,studio,0.0,0.0
17,13,12,founder,assist,4.659663351215252,1.3085333290790797
17,13,12,founder,business,0.0,0.0
17,13,12,partners,studio,0.0,0.0
17,13,12,partners,assist,1.8156417803410076,0.5098711224760613
17,13,12,partners,business,0.0,0.0
17,13,12,case_content,studio,0.0,0.0
17,13,12,case_content,assist,0.40527718311183203,0.1138105184098351
17,13,12,case_content,business,0.0,0.0
17,14,13,founder,studio,0.0,0.0
17,14,13,founder,assist,5.056230444935699,1.0313301689645193
17,14,13,founder,business,0.0,0.0
17,14,13,partners,studio,0.0,0.0
17,14,13,partners,assist,1.989479823139615,0.40579846676196624
17,14,13,partners,business,0.0,0.0
17,14,13,case_content,studio,0.0,0.0
17,14,13,case_content,assist,0.4440803176650925,0.09058001490222459
17,14,13,case_content,business,0.0,0.0
17,15,14,founder,studio,0.0,0.0
17,15,14,founder,assist,5.486547929611078,0.7227638965671451
17,15,14,founder,business,0.0,0.0
17,15,14,partners,studio,0.0,0.0
17,15,14,partners,assist,2.1799619338657488,0.2871747047328804
17,15,14,partners,business,0.0,0.0
17,15,14,case_content,studio,0.0,0.0
17,15,14,case_content,assist,0.486598645952176,0.0641014965921608
17,15,14,case_content,business,0.0,0.0
17,16,15,founder,studio,0.0,0.0
17,16,15,founder,assist,5.95348817893968,0.3800098837621072
17,16,15,founder,business,0.0,0.0
17,16,15,partners,studio,0.0,0.0
17,16,15,partners,assist,2.3886816934911925,0.15246904426539526
17,16,15,partners,business,0.0,0.0
17,16,15,case_content,studio,0.0,0.0
17,16,15,case_content,assist,0.533187878011427,0.034033268809240014
17,16,15,case_content,business,0.0,0.0
17,17,16,founder,studio,0.0,0
17,17,16,founder,assist,6.4601680239558235,0
17,17,16,founder,business,0.0,0
17,17,16,partners,studio,0.0,0
17,17,16,partners,assist,2.6173852598892853,0
17,17,16,partners,business,0.0,0
17,17,16,case_content,studio,0.0,0
17,17,16,case_content,assist,0.5842377812252869,0
17,17,16,case_content,business,0.0,0
18,2,1,founder,studio,0.0,0.0
18,2,1,founder,assist,1.7835565960036852,3.016443403996316
18,2,1,founder,business,0.0,0.0
18,2,1,partners,studio,0.0,0.0
18,2,1,partners,assist,0.6242448086012896,1.0557551913987104
18,2,1,partners,business,0.0,0.0
18,2,1,case_content,studio,0.0,0.0
18,2,1,case_content,assist,0.13934035906278786,0.23565964093721214
18,2,1,case_content,business,0.0,0.0
18,3,2,founder,studio,0.0,0.0
18,3,2,founder,assist,1.9353486467274028,2.9606513532725978
18,3,2,founder,business,0.0,0.0
18,3,2,partners,studio,0.0,0.0
18,3,2,partners,assist,0.6840129285737534,1.0463870714262464
18,3,2,partners,business,0.0,0.0
18,3,2,case_content,studio,0.0,0.0
18,3,2,case_content,assist,0.15268145727092713,0.2335685427290729
18,3,2,case_content,business,0.0,0.0
18,4,3,founder,studio,0.0,0.0
18,4,3,founder,assist,2.1000591698531386,2.893860830146861
18,4,3,founder,business,0.0,0.0
18,4,3,partners,studio,0.0,0.0
18,4,3,partners,assist,0.7495035281180489,1.032808471881951
18,4,3,partners,business,0.0,0.0
18,4,3,case_content,studio,0.0,0.0
18,4,3,case_content,assist,0.16729989466920736,0.23053760533079262
18,4,3,case_content,business,0.0,0.0
18,5,4,founder,studio,0.0,0.0
18,5,4,founder,assist,2.2787876098406405,2.815010790159361
18,5,4,founder,business,0.0,0.0
18,5,4,partners,studio,0.0,0.0
18,5,4,partners,assist,0.8212645042144581,1.0145168557855422
18,5,4,partners,business,0.0,0.0
18,5,4,case_content,studio,0.0,0.0
18,5,4,case_content,assist,0.18331796969072722,0.22645465530927278
18,5,4,case_content,business,0.0,0.0
18,6,5,founder,studio,0.0,0.0
18,6,5,founder,assist,2.4727269808909065,2.7229473871090923
18,6,5,founder,business,0.0,0.0
18,6,5,partners,studio,0.0,0.0
18,6,5,partners,assist,0.8998962120647782,0.9909585887352216
18,6,5,partners,business,0.0,0.0
18,6,5,case_content,studio,0.0,0.0
18,6,5,case_content,assist,0.200869690193031,0.22119611355696914
18,6,5,case_content,business,0.0,0.0
18,7,6,founder,studio,0.0,0.0
18,7,6,founder,assist,2.683171830328431,2.616416025031569
18,7,6,founder,business,0.0,0.0
18,7,6,partners,studio,0.0,0.0
18,7,6,partners,assist,0.986056487688002,0.9615239571359979
18,7,6,partners,business,0.0,0.0
18,7,6,case_content,studio,0.0,0.0
18,7,6,case_content,assist,0.2201018945732147,0.2146258832892853
18,7,6,case_content,business,0.0,0.0
18,8,7,founder,studio,0.0,0.0
18,8,7,founder,assist,2.9115268797180844,2.4940527327491155
18,8,7,founder,business,0.0,0.0
18,8,7,partners,studio,0.0,0.0
18,8,7,partners,assist,1.0804661514028107,0.9255417067659095
18,8,7,partners,business,0.0,0.0
18,8,7,case_content,studio,0.0,0.0
18,8,7,case_content,assist,0.24117548022384164,0.20659413097453336
18,8,7,case_content,business,0.0,0.0
18,9,8,founder,studio,0.0,0.0
18,9,8,founder,assist,3.159316401396219,2.354374803320325
18,9,8,founder,business,0.0,0.0
18,9,8,partners,studio,0.0,0.0
18,9,8,partners,assist,1.1839150382392496,0.8822730556745316
18,9,8,partners,business,0.0,0.0
18,9,8,case_content,studio,0.0,0.0
18,9,8,case_content,assist,0.2642667496069755,0.1969359499273509
18,9,8,case_content,business,0.0,0.0
18,10,9,founder,studio,0.0,0.0
18,10,9,founder,assist,3.428194393004409,2.195770635806467
18,10,9,founder,business,0.0,0.0
18,10,9,partners,studio,0.0,0.0
18,10,9,partners,assist,1.2972686057302416,0.8309051310009531
18,10,9,partners,business,0.0,0.0
18,10,9,case_content,studio,0.0,0.0
18,10,9,case_content,assist,0.28956888520764335,0.18546989531271282
18,10,9,case_content,business,0.0,0.0
18,11,10,founder,studio,0.0,0.0
18,11,10,founder,assist,3.719955617940954,2.0164887114461387
18,11,10,founder,business,0.0,0.0
18,11,10,partners,studio,0.0,0.0
18,11,10,partners,assist,1.4214751743639888,0.7705437744691428
18,11,10,partners,business,0.0,0.0
18,11,10,case_content,studio,0.0,0.0
18,11,10,case_content,assist,0.31729356570624745,0.17199637822971936
18,11,10,case_content,business,0.0,0.0
18,12,11,founder,studio,0.0,0.0
18,12,11,founder,assist,4.036547585425292,1.8146256305495445
18,12,11,founder,business,0.0,0.0
18,12,11,partners,studio,0.0,0.0
18,12,11,partners,assist,1.5575738612711794,0.7002056560269464
18,12,11,partners,business,0.0,0.0
18,12,11,case_content,studio,0.0,0.0
18,12,11,case_content,assist,0.3476727368908882,0.15629590536315763
18,12,11,case_content,business,0.0,0.0
18,13,12,founder,studio,0.0,0.0
18,13,12,founder,assist,4.380083550142337,1.5881131301519948
18,13,12,founder,business,0.0,0.0
18,13,12,partners,studio,0.0,0.0
18,13,12,partners,assist,1.7067032735205472,0.6188096292965217
18,13,12,partners,business,0.0,0.0
18,13,12,case_content,studio,0.0,0.0
18,13,12,case_content,assist,0.3809605521251221,0.13812714939654502
18,13,12,case_content,business,0.0,0.0
18,14,13,founder,studio,0.0,0.0
18,14,13,founder,assist,4.752856618239557,1.3347039956606612
18,14,13,founder,business,0.0,0.0
18,14,13,partners,studio,0.0,0.0
18,14,13,partners,assist,1.870111033751238,0.5251672561503431
18,14,13,partners,business,0.0,0.0
18,14,13,case_content,studio,0.0,0.0
18,14,13,case_content,assist,0.4174354986051869,0.11722483396213014
18,14,13,case_content,business,0.0,0.0
18,15,14,founder,studio,0.0,0.0
18,15,14,founder,assist,5.157355053834413,1.05195677234381
18,15,14,founder,business,0.0,0.0
18,15,14,partners,studio,0.0,0.0
18,15,14,partners,assist,2.0491642178338036,0.4179724207648253
18,15,14,partners,business,0.0,0.0
18,15,14,case_content,studio,0.0,0.0
18,15,14,case_content,assist,0.45740272719504543,0.09329741534929135
18,15,14,case_content,business,0.0,0.0
18,16,15,founder,studio,0.0,0.0
18,16,15,founder,assist,5.596278888203299,0.737219174498488
18,16,15,founder,business,0.0,0.0
18,16,15,partners,studio,0.0,0.0
18,16,15,partners,assist,2.245360791881721,0.29578994587486684
18,16,15,partners,business,0.0,0.0
18,16,15,case_content,studio,0.0,0.0
18,16,15,case_content,assist,0.5011966053307414,0.06602454148992563
18,16,15,case_content,business,0.0,0.0
18,17,16,founder,studio,0.0,0.0
18,17,16,founder,assist,6.072557942518474,0.3876100814373494
18,17,16,founder,business,0.0,0.0
18,17,16,partners,studio,0.0,0.0
18,17,16,partners,assist,2.4603421442959283,0.15704311559335712
18,17,16,partners,business,0.0,0.0
18,17,16,case_content,studio,0.0,0.0
18,17,16,case_content,assist,0.5491835143517697,0.03505426687351721
18,17,16,case_content,business,0.0,0.0
18,18,17,founder,studio,0.0,0
18,18,17,founder,assist,6.58937138443494,0
18,18,17,founder,business,0.0,0
18,18,17,partners,studio,0.0,0
18,18,17,partners,assist,2.6959068176859637,0
18,18,17,partners,business,0.0,0
18,18,17,case_content,studio,0.0,0
18,18,17,case_content,assist,0.6017649146620455,0
18,18,17,case_content,business,0.0,0
19,2,1,founder,studio,0.0,0.0
19,2,1,founder,assist,1.6765432002434641,3.1234567997565374
19,2,1,founder,business,0.0,0.0
19,2,1,partners,studio,0.0,0.0
19,2,1,partners,assist,0.5867901200852123,1.0932098799147878
19,2,1,partners,business,0.0,0.0
19,2,1,case_content,studio,0.0,0.0
19,2,1,case_content,assist,0.1309799375190206,0.2440200624809794
19,2,1,case_content,business,0.0,0.0
19,3,2,founder,studio,0.0,0.0
19,3,2,founder,assist,1.8192277279237588,3.076772272076242
19,3,2,founder,business,0.0,0.0
19,3,2,partners,studio,0.0,0.0
19,3,2,partners,assist,0.6429721528593282,1.0874278471406715
19,3,2,partners,business,0.0,0.0
19,3,2,case_content,studio,0.0,0.0
19,3,2,case_content,assist,0.1435205698346715,0.24272943016532852
19,3,2,case_content,business,0.0,0.0
19,4,3,founder,studio,0.0,0.0
19,4,3,founder,assist,1.9740556196619503,3.0198643803380496
19,4,3,founder,business,0.0,0.0
19,4,3,partners,studio,0.0,0.0
19,4,3,partners,assist,0.704533316430966,1.077778683569034
19,4,3,partners,business,0.0,0.0
19,4,3,case_content,studio,0.0,0.0
19,4,3,case_content,assist,0.15726190098905493,0.24057559901094505
19,4,3,case_content,business,0.0,0.0
19,5,4,founder,studio,0.0,0.0
19,5,4,founder,assist,2.1420603532502023,2.9517380467497993
19,5,4,founder,business,0.0,0.0
19,5,4,partners,studio,0.0,0.0
19,5,4,partners,assist,0.7719886339615906,1.0637927260384097
19,5,4,partners,business,0.0,0.0
19,5,4,case_content,studio,0.0,0.0
19,5,4,case_content,assist,0.1723188915092836,0.2374537334907164
19,5,4,case_content,business,0.0,0.0
19,6,5,founder,studio,0.0,0.0
19,6,5,founder,assist,2.324363362037452,2.871311005962547
19,6,5,founder,business,0.0,0.0
19,6,5,partners,studio,0.0,0.0
19,6,5,partners,assist,0.8459024393408915,1.0449523614591083
19,6,5,partners,business,0.0,0.0
19,6,5,case_content,studio,0.0,0.0
19,6,5,case_content,assist,0.18881750878144915,0.23324829496855098
19,6,5,case_content,business,0.0,0.0
19,7,6,founder,studio,0.0,0.0
19,7,6,founder,assist,2.5221815205087252,2.7774063348512747
19,7,6,founder,business,0.0,0.0
19,7,6,partners,studio,0.0,0.0
19,7,6,partners,assist,0.9268930984267219,1.020687346397278
19,7,6,partners,business,0.0,0.0
19,7,6,case_content,studio,0.0,0.0
19,7,6,case_content,assist,0.20689578089882182,0.22783199696367817
19,7,6,case_content,business,0.0,0.0
19,8,7,founder,studio,0.0,0.0
19,8,7,founder,assist,2.7368352669349996,2.6687443455322004
19,8,7,founder,business,0.0,0.0
19,8,7,partners,studio,0.0,0.0
19,8,7,partners,assist,1.015638182318642,0.9903696758500782
19,8,7,partners,business,0.0,0.0
19,8,7,case_content,studio,0.0,0.0
19,8,7,case_content,assist,0.22670495141041114,0.22106465978796386
19,8,7,case_content,business,0.0,0.0
19,9,8,founder,studio,0.0,0.0
19,9,8,founder,assist,2.969757417312446,2.543933787404098
19,9,8,founder,business,0.0,0.0
19,9,8,partners,studio,0.0,0.0
19,9,8,partners,assist,1.1128801359448945,0.9533079579688866
19,9,8,partners,business,0.0,0.0
19,9,8,case_content,studio,0.0,0.0
19,9,8,case_content,assist,0.24841074463055696,0.21279195490376943
19,9,8,case_content,business,0.0,0.0
19,10,9,founder,studio,0.0,0.0
19,10,9,founder,assist,3.2225027294241446,2.4014622993867314
19,10,9,founder,business,0.0,0.0
19,10,9,partners,studio,0.0,0.0
19,10,9,partners,assist,1.2194324893864272,0.9087412473447676
19,10,9,partners,business,0.0,0.0
19,10,9,case_content,studio,0.0,0.0
19,10,9,case_content,assist,0.27219475209518473,0.20284402842517144
19,10,9,case_content,business,0.0,0.0
19,11,10,founder,studio,0.0,0.0
19,11,10,founder,assist,3.496758280864497,2.239686048522596
19,11,10,founder,business,0.0,0.0
19,11,10,partners,studio,0.0,0.0
19,11,10,partners,assist,1.3361866639021496,0.8558322849309821
19,11,10,partners,business,0.0,0.0
19,11,10,case_content,studio,0.0,0.0
19,11,10,case_content,assist,0.2982559517638726,0.1910339921720942
19,11,10,case_content,business,0.0,0.0
19,12,11,founder,studio,0.0,0.0
19,12,11,founder,assist,3.794354730299774,2.056818485675062
19,12,11,founder,business,0.0,0.0
19,12,11,partners,studio,0.0,0.0
19,12,11,partners,assist,1.4641194295949087,0.7936600877032172
19,12,11,partners,business,0.0,0.0
19,12,11,case_content,studio,0.0,0.0
19,12,11,case_content,assist,0.3268123726774349,0.1771562695766109
19,12,11,case_content,business,0.0,0.0
19,13,12,founder,studio,0.0,0.0
19,13,12,founder,assist,4.117278537133797,1.850918143160535
19,13,12,founder,business,0.0,0.0
19,13,12,partners,studio,0.0,0.0
19,13,12,partners,assist,1.6043010771093145,0.7212118257077546
19,13,12,partners,business,0.0,0.0
19,13,12,case_content,studio,0.0,0.0
19,13,12,case_content,assist,0.35810291899761476,0.16098478252405235
19,13,12,case_content,business,0.0,0.0
19,14,13,founder,studio,0.0,0.0
19,14,13,founder,assist,4.467685221145183,1.6198753927550347
19,14,13,founder,business,0.0,0.0
19,14,13,partners,studio,0.0,0.0
19,14,13,partners,assist,1.7579043717261638,0.6373739181754174
19,14,13,partners,business,0.0,0.0
19,14,13,case_content,studio,0.0,0.0
19,14,13,case_content,assist,0.3923893686888757,0.14227096387844135
19,14,13,case_content,business,0.0,0.0
19,15,14,founder,studio,0.0,0.0
19,15,14,founder,assist,4.847913750604349,1.3613980755738746
19,15,14,founder,business,0.0,0.0
19,15,14,partners,studio,0.0,0.0
19,15,14,partners,assist,1.9262143647637755,0.5409222738348536
19,15,14,partners,business,0.0,0.0
19,15,14,case_content,studio,0.0,0.0
19,15,14,case_content,assist,0.4299585635633427,0.12074157898099408
19,15,14,case_content,business,0.0,0.0
19,16,15,founder,studio,0.0,0.0
19,16,15,founder,assist,5.2605021549111015,1.0729959077906859
19,16,15,founder,business,0.0,0.0
19,16,15,partners,studio,0.0,0.0
19,16,15,partners,assist,2.1106391443688177,0.4305115933877701
19,16,15,partners,business,0.0,0.0
19,16,15,case_content,studio,0.0,0.0
19,16,15,case_content,assist,0.4711248090108969,0.09609633780977012
19,16,15,case_content,business,0.0,0.0
19,17,16,founder,studio,0.0,0.0
19,17,16,founder,assist,5.708204465967365,0.7519635579884578
19,17,16,founder,business,0.0,0.0
19,17,16,partners,studio,0.0,0.0
19,17,16,partners,assist,2.3127216156381727,0.3046636442511128
19,17,16,partners,business,0.0,0.0
19,17,16,case_content,studio,0.0,0.0
19,17,16,case_content,assist,0.5162325034906635,0.06800527773462339
19,17,16,case_content,business,0.0,0.0
19,18,17,founder,studio,0.0,0.0
19,18,17,founder,assist,6.194009101368843,0.3953622830660964
19,18,17,founder,business,0.0,0.0
19,18,17,partners,studio,0.0,0.0
19,18,17,partners,assist,2.5341524086248057,0.16175440906115782
19,18,17,partners,business,0.0,0.0
19,18,17,case_content,studio,0.0,0.0
19,18,17,case_content,assist,0.5656590197823228,0.03610589487972273
19,18,17,case_content,business,0.0,0.0
19,19,18,founder,studio,0.0,0
19,19,18,founder,assist,6.721158812123639,0
19,19,18,founder,business,0.0,0
19,19,18,partners,studio,0.0,0
19,19,18,partners,assist,2.7767840222165425,0
19,19,18,partners,business,0.0,0
19,19,18,case_content,studio,0.0,0
19,19,18,case_content,assist,0.6198178621019068,0
19,19,18,case_content,business,0.0,0
20,2,1,founder,studio,0.0,0.0
20,2,1,founder,assist,1.5759506082288564,3.2240493917711452
20,2,1,founder,business,0.0,0.0
20,2,1,partners,studio,0.0,0.0
20,2,1,partners,assist,0.5515827128800995,1.1284172871199005
20,2,1,partners,business,0.0,0.0
20,2,1,case_content,studio,0.0,0.0
20,2,1,case_content,assist,0.12312114126787936,0.2518788587321206
20,2,1,case_content,business,0.0,0.0
20,3,2,founder,studio,0.0,0.0
20,3,2,founder,assist,1.7100740642483332,3.1859259357516674
20,3,2,founder,business,0.0,0.0
20,3,2,partners,studio,0.0,0.0
20,3,2,partners,assist,0.6043938236877685,1.1260061763122313
20,3,2,partners,business,0.0,0.0
20,3,2,case_content,studio,0.0,0.0
20,3,2,case_content,assist,0.13490933564459123,0.2513406643554088
20,3,2,case_content,business,0.0,0.0
20,4,3,founder,studio,0.0,0.0
20,4,3,founder,assist,1.8556122824822332,3.1383077175177667
20,4,3,founder,business,0.0,0.0
20,4,3,partners,studio,0.0,0.0
20,4,3,partners,assist,0.662261317445108,1.120050682554892
20,4,3,partners,business,0.0,0.0
20,4,3,case_content,studio,0.0,0.0
20,4,3,case_content,assist,0.14782618692971164,0.25001131307028834
20,4,3,case_content,business,0.0,0.0
20,5,4,founder,studio,0.0,0.0
20,5,4,founder,assist,2.01353673205519,3.0802616679448116
20,5,4,founder,business,0.0,0.0
20,5,4,partners,studio,0.0,0.0
20,5,4,partners,assist,0.7256693159238952,1.1101120440761052
20,5,4,partners,business,0.0,0.0
20,5,4,case_content,studio,0.0,0.0
20,5,4,case_content,assist,0.16197975801872658,0.24779286698127342
20,5,4,case_content,business,0.0,0.0
20,6,5,founder,studio,0.0,0.0
20,6,5,founder,assist,2.184901560315205,3.010772807684794
20,6,5,founder,business,0.0,0.0
20,6,5,partners,studio,0.0,0.0
20,6,5,partners,assist,0.795148292980438,1.0957065078195618
20,6,5,partners,business,0.0,0.0
20,6,5,case_content,studio,0.0,0.0
20,6,5,case_content,assist,0.1774884582545622,0.24457734549543794
20,6,5,case_content,business,0.0,0.0
20,7,6,founder,studio,0.0,0.0
20,7,6,founder,assist,2.370850629278202,2.928737226081798
20,7,6,founder,business,0.0,0.0
20,7,6,partners,studio,0.0,0.0
20,7,6,partners,assist,0.8712795125211186,1.0763009323028814
20,7,6,partners,business,0.0,0.0
20,7,6,case_content,studio,0.0,0.0
20,7,6,case_content,assist,0.1944820340448925,0.2402457438176075
20,7,6,case_content,business,0.0,0.0
20,8,7,founder,studio,0.0,0.0
20,8,7,founder,assist,2.5726251509188995,2.8329544615483004
20,8,7,founder,business,0.0,0.0
20,8,7,partners,studio,0.0,0.0
20,8,7,partners,assist,0.9546998913795235,1.0513079667891967
20,8,7,partners,business,0.0,0.0
20,8,7,case_content,studio,0.0,0.0
20,8,7,case_content,assist,0.21310265432578646,0.23466695687258854
20,8,7,case_content,business,0.0,0.0
20,9,8,founder,studio,0.0,0.0
20,9,8,founder,assist,2.791571972273699,2.7221192324428447
20,9,8,founder,business,0.0,0.0
20,9,8,partners,studio,0.0,0.0
20,9,8,partners,assist,1.046107327788201,1.0200807661255802
20,9,8,partners,business,0.0,0.0
20,9,8,case_content,studio,0.0,0.0
20,9,8,case_content,assist,0.23350609995272353,0.22769659958160285
20,9,8,case_content,business,0.0,0.0
20,10,9,founder,studio,0.0,0.0
20,10,9,founder,assist,3.0291525656586957,2.59481246315218
20,10,9,founder,business,0.0,0.0
20,10,9,partners,studio,0.0,0.0
20,10,9,partners,assist,1.1462665400232417,0.9819071967079532
20,10,9,partners,business,0.0,0.0
20,10,9,case_content,studio,0.0,0.0
20,10,9,case_content,assist,0.25586306696947364,0.21917571355088253
20,10,9,case_content,business,0.0,0.0
20,11,10,founder,studio,0.0,0.0
20,11,10,founder,assist,3.286952784012627,2.4494915453744657
20,11,10,founder,business,0.0,0.0
20,11,10,partners,studio,0.0,0.0
20,11,10,partners,assist,1.2560154640680206,0.9360034847651111
20,11,10,partners,business,0.0,0.0
20,11,10,case_content,studio,0.0,0.0
20,11,10,case_content,assist,0.28036059465804025,0.20892934927792656
20,11,10,case_content,business,0.0,0.0
20,12,11,founder,studio,0.0,0.0
20,12,11,founder,assist,3.566693446481788,2.2844797694930485
20,12,11,founder,business,0.0,0.0
20,12,11,partners,studio,0.0,0.0
20,12,11,partners,assist,1.3762722638192142,0.8815072534789117
20,12,11,partners,business,0.0,0.0
20,12,11,case_content,studio,0.0,0.0
20,12,11,case_content,assist,0.3072036303167888,0.19676501193725698
20,12,11,case_content,business,0.0,0.0
20,13,12,founder,studio,0.0,0.0
20,13,12,founder,assist,3.870241824905769,2.0979548553885627
20,13,12,founder,business,0.0,0.0
20,13,12,partners,studio,0.0,0.0
20,13,12,partners,assist,1.5080430124827555,0.8174698903343134
20,13,12,partners,business,0.0,0.0
20,13,12,case_content,studio,0.0,0.0
20,13,12,case_content,assist,0.33661674385775786,0.18247095766390925
20,13,12,case_content,business,0.0,0.0
20,14,13,founder,studio,0.0,0.0
20,14,13,founder,assist,4.199624107876472,1.8879365060237456
20,14,13,founder,business,0.0,0.0
20,14,13,partners,studio,0.0,0.0
20,14,13,partners,assist,1.652430109422594,0.7428481804789873
20,14,13,partners,business,0.0,0.0
20,14,13,case_content,studio,0.0,0.0
20,14,13,case_content,assist,0.3688460065675432,0.1658143259997739
20,14,13,case_content,business,0.0,0.0
20,15,14,founder,studio,0.0,0.0
20,15,14,founder,assist,4.557038925568087,1.6522729006101355
20,15,14,founder,business,0.0,0.0
20,15,14,partners,studio,0.0,0.0
20,15,14,partners,assist,1.810641502877949,0.6564951357206801
20,15,14,partners,business,0.0,0.0
20,15,14,case_content,studio,0.0,0.0
20,15,14,case_content,assist,0.40416104974954215,0.14653909279479466
20,15,14,case_content,business,0.0,0.0
20,16,15,founder,studio,0.0,0.0
20,16,15,founder,assist,4.944872025616435,1.388626037085352
20,16,15,founder,business,0.0,0.0
20,16,15,partners,studio,0.0,0.0
20,16,15,partners,assist,1.9840007957066887,0.5571499420498992
20,16,15,partners,business,0.0,0.0
20,16,15,case_content,studio,0.0,0.0
20,16,15,case_content,assist,0.4428573204702431,0.12436382635042392
20,16,15,case_content,business,0.0,0.0
20,17,16,founder,studio,0.0,0.0
20,17,16,founder,assist,5.365712198009324,1.0944558259464996
20,17,16,founder,business,0.0,0.0
20,17,16,partners,studio,0.0,0.0
20,17,16,partners,assist,2.1739583186998823,0.4434269411894032
20,17,16,partners,business,0.0,0.0
20,17,16,case_content,studio,0.0,0.0
20,17,16,case_content,assist,0.4852585532812237,0.0989792279440632
20,17,16,case_content,business,0.0,0.0
20,18,17,founder,studio,0.0,0.0
20,18,17,founder,assist,5.822368555286713,0.7670028291482269
20,18,17,founder,business,0.0,0.0
20,18,17,partners,studio,0.0,0.0
20,18,17,partners,assist,2.382103264107317,0.31380355357864614
20,18,17,partners,business,0.0,0.0
20,18,17,case_content,studio,0.0,0.0
20,18,17,case_content,assist,0.5317194785953835,0.0700454360666621
20,18,17,case_content,business,0.0,0.0
20,19,18,founder,studio,0.0,0.0
20,19,18,founder,assist,6.317889283396221,0.40326952872741834
20,19,18,founder,business,0.0,0.0
20,19,18,partners,studio,0.0,0.0
20,19,18,partners,assist,2.61017698088355,0.16660704133299253
20,19,18,partners,business,0.0,0.0
20,19,18,case_content,studio,0.0,0.0
20,19,18,case_content,assist,0.5826287903757924,0.03718907172611441
20,19,18,case_content,business,0.0,0.0
20,20,19,founder,studio,0.0,0
20,20,19,founder,assist,6.855581988366113,0
20,20,19,founder,business,0.0,0
20,20,19,partners,studio,0.0,0
20,20,19,partners,assist,2.8600875428830395,0
20,20,19,partners,business,0.0,0
20,20,19,case_content,studio,0.0,0
20,20,19,case_content,assist,0.6384123979649642,0
20,20,19,case_content,business,0.0,0
21,2,1,founder,studio,0.0,0.0
21,2,1,founder,assist,1.481393571735125,3.318606428264877
21,2,1,founder,business,0.0,0.0
21,2,1,partners,studio,0.0,0.0
21,2,1,partners,assist,0.5184877501072935,1.1615122498927064
21,2,1,partners,business,0.0,0.0
21,2,1,case_content,studio,0.0,0.0
21,2,1,case_content,assist,0.1157338727918066,0.25926612720819336
21,2,1,case_content,business,0.0,0.0
21,3,2,founder,studio,0.0,0.0
21,3,2,founder,assist,1.607469620393433,3.2885303796065672
21,3,2,founder,business,0.0,0.0
21,3,2,partners,studio,0.0,0.0
21,3,2,partners,assist,0.5681301942665024,1.1622698057334975
21,3,2,partners,business,0.0,0.0
21,3,2,case_content,studio,0.0,0.0
21,3,2,case_content,assist,0.12681477550591574,0.2594352244940843
21,3,2,case_content,business,0.0,0.0
21,4,3,founder,studio,0.0,0.0
21,4,3,founder,assist,1.7442755455332992,3.2496444544667007
21,4,3,founder,business,0.0,0.0
21,4,3,partners,studio,0.0,0.0
21,4,3,partners,assist,0.6225256383984015,1.1597863616015984
21,4,3,partners,business,0.0,0.0
21,4,3,case_content,studio,0.0,0.0
21,4,3,case_content,assist,0.13895661571392895,0.25888088428607103
21,4,3,case_content,business,0.0,0.0
21,5,4,founder,studio,0.0,0.0
21,5,4,founder,assist,1.8927245281318785,3.201073871868123
21,5,4,founder,business,0.0,0.0
21,5,4,partners,studio,0.0,0.0
21,5,4,partners,assist,0.6821291569684614,1.1536522030315388
21,5,4,partners,business,0.0,0.0
21,5,4,case_content,studio,0.0,0.0
21,5,4,case_content,assist,0.15226097253760298,0.25751165246239704
21,5,4,case_content,business,0.0,0.0
21,6,5,founder,studio,0.0,0.0
21,6,5,founder,assist,2.0538074666962927,3.141866901303706
21,6,5,founder,business,0.0,0.0
21,6,5,partners,studio,0.0,0.0
21,6,5,partners,assist,0.7474393954016118,1.143415405398388
21,6,5,partners,business,0.0,0.0
21,6,5,case_content,studio,0.0,0.0
21,6,5,case_content,assist,0.16683915075928846,0.2552266529907117
21,6,5,case_content,business,0.0,0.0
21,7,6,founder,studio,0.0,0.0
21,7,6,founder,assist,2.22859959152151,3.07098826383849
21,7,6,founder,business,0.0,0.0
21,7,6,partners,studio,0.0,0.0
21,7,6,partners,assist,0.8190027417698514,1.1285777030541484
21,7,6,partners,business,0.0,0.0
21,7,6,case_content,studio,0.0,0.0
21,7,6,case_content,assist,0.18281311200219896,0.25191466586030103
21,7,6,case_content,business,0.0,0.0
21,8,7,founder,studio,0.0,0.0
21,8,7,founder,assist,2.4182676418637654,2.9873119706034346
21,8,7,founder,business,0.0,0.0
21,8,7,partners,studio,0.0,0.0
21,8,7,partners,assist,0.8974178978967521,1.108589960271968
21,8,7,partners,business,0.0,0.0
21,8,7,case_content,studio,0.0,0.0
21,8,7,case_content,assist,0.20031649506623928,0.24745311613213572
21,8,7,case_content,business,0.0,0.0
21,9,8,founder,studio,0.0,0.0
21,9,8,founder,assist,2.624077653937277,2.889613550779267
21,9,8,founder,business,0.0,0.0
21,9,8,partners,studio,0.0,0.0
21,9,8,partners,assist,0.9833408881209089,1.0828472057928722
21,9,8,partners,business,0.0,0.0
21,9,8,case_content,studio,0.0,0.0
21,9,8,case_content,assist,0.21949573395556013,0.24170696557876625
21,9,8,case_content,business,0.0,0.0
21,10,9,founder,studio,0.0,0.0
21,10,9,founder,assist,2.847403411719174,2.7765616170917014
21,10,9,founder,business,0.0,0.0
21,10,9,partners,studio,0.0,0.0
21,10,9,partners,assist,1.0774905476218473,1.0506831891093478
21,10,9,partners,business,0.0,0.0
21,10,9,case_content,studio,0.0,0.0
21,10,9,case_content,assist,0.24051128295130522,0.23452749756905095
21,10,9,case_content,business,0.0,0.0
21,11,10,founder,studio,0.0,0.0
21,11,10,founder,assist,3.0897356169718697,2.646708712415223
21,11,10,founder,business,0.0,0.0
21,11,10,partners,studio,0.0,0.0
21,11,10,partners,assist,1.1806545362239393,1.0113644126091923
21,11,10,partners,business,0.0,0.0
21,11,10,case_content,studio,0.0,0.0
21,11,10,case_content,assist,0.26353895897855784,0.22575098495740897
21,11,10,case_content,business,0.0,0.0
21,12,11,founder,studio,0.0,0.0
21,12,11,founder,assist,3.3526918396928806,2.4984813762819558
21,12,11,founder,business,0.0,0.0
21,12,11,partners,studio,0.0,0.0
21,12,11,partners,assist,1.2936959279900613,0.9640835893080645
21,12,11,partners,business,0.0,0.0
21,12,11,case_content,studio,0.0,0.0
21,12,11,case_content,assist,0.2887714124977815,0.21519722975626432
21,12,11,case_content,business,0.0,0.0
21,13,12,founder,studio,0.0,0.0
21,13,12,founder,assist,3.638027315411423,2.330169364882909
21,13,12,founder,business,0.0,0.0
21,13,12,partners,studio,0.0,0.0
21,13,12,partners,assist,1.4175604317337902,0.9079524710832787
21,13,12,partners,business,0.0,0.0
21,13,12,case_content,studio,0.0,0.0
21,13,12,case_content,assist,0.3164197392262924,0.20266796229537473
21,13,12,case_content,business,0.0,0.0
21,14,13,founder,studio,0.0,0.0
21,14,13,founder,assist,3.947646661403884,2.139913952496334
21,14,13,founder,business,0.0,0.0
21,14,13,partners,studio,0.0,0.0
21,14,13,partners,assist,1.5532843028572383,0.8419939870443429
21,14,13,partners,business,0.0,0.0
21,14,13,case_content,studio,0.0,0.0
21,14,13,case_content,assist,0.3467152461734906,0.18794508639382648
21,14,13,case_content,business,0.0,0.0
21,15,14,founder,studio,0.0,0.0
21,15,14,founder,assist,4.283616590034002,1.9256952361442208
21,15,14,founder,business,0.0,0.0
21,15,14,partners,studio,0.0,0.0
21,15,14,partners,assist,1.702003012705272,0.765133625893357
21,15,14,partners,business,0.0,0.0
21,15,14,case_content,studio,0.0,0.0
21,15,14,case_content,assist,0.3799113867645696,0.17078875577976718
21,15,14,case_content,business,0.0,0.0
21,16,15,founder,studio,0.0,0.0
21,16,15,founder,assist,4.64817970407945,1.6853183586223381
21,16,15,founder,business,0.0,0.0
21,16,15,partners,studio,0.0,0.0
21,16,15,partners,assist,1.8649607479642873,0.6761899897923005
21,16,15,partners,business,0.0,0.0
21,16,15,case_content,studio,0.0,0.0
21,16,15,case_content,assist,0.41628588124202853,0.1509352655786385
21,16,15,case_content,business,0.0,0.0
21,17,16,founder,studio,0.0,0.0
21,17,16,founder,assist,5.043769466128764,1.416398557827059
21,17,16,founder,business,0.0,0.0
21,17,16,partners,studio,0.0,0.0
21,17,16,partners,assist,2.0435208195778896,0.5738644403113962
21,17,16,partners,business,0.0,0.0
21,17,16,case_content,studio,0.0,0.0
21,17,16,case_content,assist,0.45614304008435025,0.12809474114093664
21,17,16,case_content,business,0.0,0.0
21,18,17,founder,studio,0.0,0.0
21,18,17,founder,assist,5.47302644196951,1.1163449424654297
21,18,17,founder,business,0.0,0.0
21,18,17,partners,studio,0.0,0.0
21,18,17,partners,assist,2.239177068260878,0.45672974942508515
21,18,17,partners,business,0.0,0.0
21,18,17,case_content,studio,0.0,0.0
21,18,17,case_content,assist,0.49981630987966047,0.1019486047823851
21,18,17,case_content,business,0.0,0.0
21,19,18,founder,studio,0.0,0.0
21,19,18,founder,assist,5.938815926392448,0.7823428857311916
21,19,18,founder,business,0.0,0.0
21,19,18,partners,studio,0.0,0.0
21,19,18,partners,assist,2.453566362030537,0.3232176601860055
21,19,18,partners,business,0.0,0.0
21,19,18,case_content,studio,0.0,0.0
21,19,18,case_content,assist,0.5476710629532449,0.07214679914866196
21,19,18,case_content,business,0.0,0.0
21,20,19,founder,studio,0.0,0.0
21,20,19,founder,assist,6.444247069064146,0.4113349193019668
21,20,19,founder,business,0.0,0.0
21,20,19,partners,studio,0.0,0.0
21,20,19,partners,assist,2.688482290310057,0.17160525257298237
21,20,19,partners,business,0.0,0.0
21,20,19,case_content,studio,0.0,0.0
21,20,19,case_content,assist,0.6001076540870663,0.03830474387789785
21,20,19,case_content,business,0.0,0.0
21,21,20,founder,studio,0.0,0
21,21,20,founder,assist,6.992693628133434,0
21,21,20,founder,business,0.0,0
21,21,20,partners,studio,0.0,0
21,21,20,partners,assist,2.9458901691695303,0
21,21,20,partners,business,0.0,0
21,21,20,case_content,studio,0.0,0
21,21,20,case_content,assist,0.6575647699039131,0
21,21,20,case_content,business,0.0,0
22,2,1,founder,studio,0.0,0.0
22,2,1,founder,assist,1.3925099574310176,3.4074900425689845
22,2,1,founder,business,0.0,0.0
22,2,1,partners,studio,0.0,0.0
22,2,1,partners,assist,0.4873784851008559,1.192621514899144
22,2,1,partners,business,0.0,0.0
22,2,1,case_content,studio,0.0,0.0
22,2,1,case_content,assist,0.10878984042429819,0.26621015957570177
22,2,1,case_content,business,0.0,0.0
22,3,2,founder,studio,0.0,0.0
22,3,2,founder,assist,1.5110214431698272,3.3849785568301733
22,3,2,founder,business,0.0,0.0
22,3,2,partners,studio,0.0,0.0
22,3,2,partners,assist,0.5340423826105122,1.1963576173894876
22,3,2,partners,business,0.0,0.0
22,3,2,case_content,studio,0.0,0.0
22,3,2,case_content,assist,0.1192058889755608,0.26704411102443926
22,3,2,case_content,business,0.0,0.0
22,4,3,founder,studio,0.0,0.0
22,4,3,founder,assist,1.6396190128013013,3.3543009871986986
22,4,3,founder,business,0.0,0.0
22,4,3,partners,studio,0.0,0.0
22,4,3,partners,assist,0.5851741000944974,1.1971378999055025
22,4,3,partners,business,0.0,0.0
22,4,3,case_content,studio,0.0,0.0
22,4,3,case_content,assist,0.13061921877109323,0.2672182812289068
22,4,3,case_content,business,0.0,0.0
22,5,4,founder,studio,0.0,0.0
22,5,4,founder,assist,1.7791610564439657,3.314637343556036
22,5,4,founder,business,0.0,0.0
22,5,4,partners,studio,0.0,0.0
22,5,4,partners,assist,0.6412014075503537,1.1945799524496465
22,5,4,partners,business,0.0,0.0
22,5,4,case_content,studio,0.0,0.0
22,5,4,case_content,assist,0.1431253141853468,0.2666473108146532
22,5,4,case_content,business,0.0,0.0
22,6,5,founder,studio,0.0,0.0
22,6,5,founder,assist,1.930579018694515,3.2650953493054837
22,6,5,founder,business,0.0,0.0
22,6,5,partners,studio,0.0,0.0
22,6,5,partners,assist,0.7025930316775151,1.1882617691224848
22,6,5,partners,business,0.0,0.0
22,6,5,case_content,studio,0.0,0.0
22,6,5,case_content,assist,0.15682880171373115,0.265237002036269
22,6,5,case_content,business,0.0,0.0
22,7,6,founder,studio,0.0,0.0
22,7,6,founder,assist,2.0948836160302196,3.2047042393297804
22,7,6,founder,business,0.0,0.0
22,7,6,partners,studio,0.0,0.0
22,7,6,partners,assist,0.7698625772636604,1.1777178675603395
22,7,6,partners,business,0.0,0.0
22,7,6,case_content,studio,0.0,0.0
22,7,6,case_content,assist,0.17184432528206703,0.262883452580433
22,7,6,case_content,business,0.0,0.0
22,8,7,founder,studio,0.0,0.0
22,8,7,founder,assist,2.2731715833519397,3.1324080291152603
22,8,7,founder,business,0.0,0.0
22,8,7,partners,studio,0.0,0.0
22,8,7,partners,assist,0.843572824022947,1.1624350341457732
22,8,7,partners,business,0.0,0.0
22,8,7,case_content,studio,0.0,0.0
22,8,7,case_content,assist,0.18829750536226492,0.2594721058361101
22,8,7,case_content,business,0.0,0.0
22,9,8,founder,studio,0.0,0.0
22,9,8,founder,assist,2.4666329947010404,3.0470582100155035
22,9,8,founder,business,0.0,0.0
22,9,8,partners,studio,0.0,0.0
22,9,8,partners,assist,0.9243404348336544,1.1418476590801268
22,9,8,partners,business,0.0,0.0
22,9,8,case_content,studio,0.0,0.0
22,9,8,case_content,assist,0.2063259899182265,0.2548767096160999
22,9,8,case_content,business,0.0,0.0
22,10,9,founder,studio,0.0,0.0
22,10,9,founder,assist,2.6765592070160236,2.947405821794852
22,10,9,founder,business,0.0,0.0
22,10,9,partners,studio,0.0,0.0
22,10,9,partners,assist,1.0128411147645364,1.1153326219666586
22,10,9,partners,business,0.0,0.0
22,10,9,case_content,studio,0.0,0.0
22,10,9,case_content,assist,0.2260806059742269,0.24895817454612926
22,10,9,case_content,business,0.0,0.0
22,11,10,founder,studio,0.0,0.0
22,11,10,founder,assist,2.9043514799535575,2.8320928494335353
22,11,10,founder,business,0.0,0.0
22,11,10,partners,studio,0.0,0.0
22,11,10,partners,assist,1.109815264050503,1.0822036847826286
22,11,10,partners,business,0.0,0.0
22,11,10,case_content,studio,0.0,0.0
22,11,10,case_content,assist,0.24772662143984436,0.24156332249612245
22,11,10,case_content,business,0.0,0.0
22,12,11,founder,studio,0.0,0.0
22,12,11,founder,assist,3.1515303293113077,2.6996428866635287
22,12,11,founder,business,0.0,0.0
22,12,11,partners,studio,0.0,0.0
22,12,11,partners,assist,1.2160741723106576,1.0417053449874683
22,12,11,partners,business,0.0,0.0
22,12,11,case_content,studio,0.0,0.0
22,12,11,case_content,assist,0.2714451277479146,0.2325235145061312
22,12,11,case_content,business,0.0,0.0
22,13,12,founder,studio,0.0,0.0
22,13,12,founder,assist,3.4197456764867376,2.5484510038075943
22,13,12,founder,business,0.0,0.0
22,13,12,partners,studio,0.0,0.0
22,13,12,partners,assist,1.3325068058297629,0.9930060969873061
22,13,12,partners,business,0.0,0.0
22,13,12,case_content,studio,0.0,0.0
22,13,12,case_content,assist,0.29743455487271486,0.22165314664895228
22,13,12,case_content,business,0.0,0.0
22,14,13,founder,studio,0.0,0.0
22,14,13,founder,assist,3.710787861719651,2.376772752180567
22,14,13,founder,business,0.0,0.0
22,14,13,partners,studio,0.0,0.0
22,14,13,partners,assist,1.460087244685804,0.9351910452157772
22,14,13,partners,business,0.0,0.0
22,14,13,case_content,studio,0.0,0.0
22,14,13,case_content,assist,0.3259123314030812,0.20874800116423592
22,14,13,case_content,business,0.0,0.0
22,15,14,founder,studio,0.0,0.0
22,15,14,founder,assist,4.026599594631962,2.182712231546261
22,15,14,founder,business,0.0,0.0
22,15,14,partners,studio,0.0,0.0
22,15,14,partners,assist,1.5998828319429559,0.8672538066556733
22,15,14,partners,business,0.0,0.0
22,15,14,case_content,studio,0.0,0.0
22,15,14,case_content,assist,0.3571167035586954,0.19358343898564134
22,15,14,case_content,business,0.0,0.0
22,16,15,founder,studio,0.0,0.0
22,16,15,founder,assist,4.369288921834682,1.9642091408671052
22,16,15,founder,business,0.0,0.0
22,16,15,partners,studio,0.0,0.0
22,16,15,partners,assist,1.75306310308643,0.7880876346701577
22,16,15,partners,business,0.0,0.0
22,16,15,case_content,studio,0.0,0.0
22,16,15,case_content,assist,0.3913087283675068,0.17591241845316022
22,16,15,case_content,business,0.0,0.0
22,17,16,founder,studio,0.0,0.0
22,17,16,founder,assist,4.741143298161038,1.7190247257947848
22,17,16,founder,business,0.0,0.0
22,17,16,partners,studio,0.0,0.0
22,17,16,partners,assist,1.9209095704032162,0.6964756894860695
22,17,16,partners,business,0.0,0.0
22,17,16,case_content,studio,0.0,0.0
22,17,16,case_content,assist,0.42877445767928923,0.15546332354599765
22,17,16,case_content,business,0.0,0.0
22,18,17,founder,studio,0.0,0.0
22,18,17,founder,assist,5.1446448554513395,1.4447265289836002
22,18,17,founder,business,0.0,0.0
22,18,17,partners,studio,0.0,0.0
22,18,17,partners,assist,2.1048264441652256,0.5910803735207378
22,18,17,partners,business,0.0,0.0
22,18,17,case_content,studio,0.0,0.0
22,18,17,case_content,assist,0.46982733128688087,0.13193758337516473
22,18,17,case_content,business,0.0,0.0
22,19,18,founder,studio,0.0,0.0
22,19,18,founder,assist,5.582486970808901,1.1386718413147385
22,19,18,founder,business,0.0,0.0
22,19,18,partners,studio,0.0,0.0
22,19,18,partners,assist,2.306352380308705,0.4704316419078377
22,19,18,partners,business,0.0,0.0
22,19,18,case_content,studio,0.0,0.0
22,19,18,case_content,assist,0.5148107991760502,0.10500706292585665
22,19,18,case_content,business,0.0,0.0
22,20,19,founder,studio,0.0,0.0
22,20,19,founder,assist,6.057592244920297,0.7979897434458156
22,20,19,founder,business,0.0,0.0
22,20,19,partners,studio,0.0,0.0
22,20,19,partners,assist,2.5271733528914533,0.3329141899915858
22,20,19,partners,business,0.0,0.0
22,20,19,case_content,studio,0.0,0.0
22,20,19,case_content,assist,0.5641011948418424,0.07431120312312182
22,20,19,case_content,business,0.0,0.0
22,21,20,founder,studio,0.0,0.0
22,21,20,founder,assist,6.573132010445428,0.41956161768800604
22,21,20,founder,business,0.0,0.0
22,21,20,partners,studio,0.0,0.0
22,21,20,partners,assist,2.7691367590193585,0.17675341015017182
22,21,20,partners,business,0.0,0.0
22,21,20,case_content,studio,0.0,0.0
22,21,20,case_content,assist,0.6181108837096784,0.03945388619423478
22,21,20,case_content,business,0.0,0.0
22,22,21,founder,studio,0.0,0
22,22,21,founder,assist,7.132547500696105,0
22,22,21,founder,business,0.0,0
22,22,21,partners,studio,0.0,0
22,22,21,partners,assist,3.034266874244617,0
22,22,21,partners,business,0.0,0
22,22,21,case_content,studio,0.0,0
22,22,21,case_content,assist,0.6772917130010305,0
22,22,21,case_content,business,0.0,0
23,2,1,founder,studio,0.0,0.0
23,2,1,founder,assist,1.3089593599851566,3.4910406400148455
23,2,1,founder,business,0.0,0.0
23,2,1,partners,studio,0.0,0.0
23,2,1,partners,assist,0.45813577599480454,1.2218642240051953
23,2,1,partners,business,0.0,0.0
23,2,1,case_content,studio,0.0,0.0
23,2,1,case_content,assist,0.10226244999884031,0.2727375500011597
23,2,1,case_content,business,0.0,0.0
23,3,2,founder,studio,0.0,0.0
23,3,2,founder,assist,1.4203601565796375,3.475639843420363
23,3,2,founder,business,0.0,0.0
23,3,2,partners,studio,0.0,0.0
23,3,2,partners,assist,0.5019998396538814,1.2284001603461183
23,3,2,partners,business,0.0,0.0
23,3,2,case_content,studio,0.0,0.0
23,3,2,case_content,assist,0.11205353563702715,0.2741964643629729
23,3,2,case_content,business,0.0,0.0
23,4,3,founder,studio,0.0,0.0
23,4,3,founder,assist,1.5412418720332233,3.452678127966777
23,4,3,founder,business,0.0,0.0
23,4,3,partners,studio,0.0,0.0
23,4,3,partners,assist,0.5500636540888276,1.2322483459111724
23,4,3,partners,business,0.0,0.0
23,4,3,case_content,studio,0.0,0.0
23,4,3,case_content,assist,0.12278206564482763,0.2750554343551724
23,4,3,case_content,business,0.0,0.0
23,5,4,founder,studio,0.0,0.0
23,5,4,founder,assist,1.6724113930573279,3.4213870069426737
23,5,4,founder,business,0.0,0.0
23,5,4,partners,studio,0.0,0.0
23,5,4,partners,assist,0.6027293230973325,1.2330520369026678
23,5,4,partners,business,0.0,0.0
23,5,4,case_content,studio,0.0,0.0
23,5,4,case_content,assist,0.134537795334226,0.275234829665774
23,5,4,case_content,business,0.0,0.0
23,6,5,founder,studio,0.0,0.0
23,6,5,founder,assist,1.8147442775728442,3.3809300904271544
23,6,5,founder,business,0.0,0.0
23,6,5,partners,studio,0.0,0.0
23,6,5,partners,assist,0.6604374497768641,1.2304173510231358
23,6,5,partners,business,0.0,0.0
23,6,5,case_content,studio,0.0,0.0
23,6,5,case_content,assist,0.14741907361090728,0.27464673013909285
23,6,5,case_content,business,0.0,0.0
23,7,6,founder,studio,0.0,0.0
23,7,6,founder,assist,1.9691905990684064,3.3303972562915938
23,7,6,founder,business,0.0,0.0
23,7,6,partners,studio,0.0,0.0
23,7,6,partners,assist,0.7236708226278408,1.2239096221961592
23,7,6,partners,business,0.0,0.0
23,7,6,case_content,studio,0.0,0.0
23,7,6,case_content,assist,0.161533665765143,0.273194112097357
23,7,6,case_content,business,0.0,0.0
23,8,7,founder,studio,0.0,0.0
23,8,7,founder,assist,2.1367812883508233,3.2687983241163767
23,8,7,founder,business,0.0,0.0
23,8,7,partners,studio,0.0,0.0
23,8,7,partners,assist,0.7929584545815702,1.21304940358715
23,8,7,partners,business,0.0,0.0
23,8,7,case_content,studio,0.0,0.0
23,8,7,case_content,assist,0.17699965504052903,0.270769956157846
23,8,7,case_content,business,0.0,0.0
23,9,8,founder,studio,0.0,0.0
23,9,8,founder,assist,2.318635015018978,3.1950561896975658
23,9,8,founder,business,0.0,0.0
23,9,8,partners,studio,0.0,0.0
23,9,8,partners,assist,0.8688800087436351,1.197308085170146
23,9,8,partners,business,0.0,0.0
23,9,8,case_content,studio,0.0,0.0
23,9,8,case_content,assist,0.19394643052313293,0.2672562690111935
23,9,8,case_content,business,0.0,0.0
23,10,9,founder,studio,0.0,0.0
23,10,9,founder,assist,2.515965654595062,3.1079993742158134
23,10,9,founder,business,0.0,0.0
23,10,9,partners,studio,0.0,0.0
23,10,9,partners,assist,0.9520706478786642,1.1761030888525308
23,10,9,partners,business,0.0,0.0
23,10,9,case_content,studio,0.0,0.0
23,10,9,case_content,assist,0.2125157696157733,0.26252301090458285
23,10,9,case_content,business,0.0,0.0
23,11,10,founder,studio,0.0,0.0
23,11,10,founder,assist,2.730090391156344,3.006353938230749
23,11,10,founder,business,0.0,0.0
23,11,10,partners,studio,0.0,0.0
23,11,10,partners,assist,1.0432263482074728,1.1487926006256588
23,11,10,partners,business,0.0,0.0
23,11,10,case_content,studio,0.0,0.0
23,11,10,case_content,assist,0.2328630241534537,0.2564269197825131
23,11,10,case_content,business,0.0,0.0
23,12,11,founder,studio,0.0,0.0
23,12,11,founder,assist,2.962438509552629,2.8887347064222073
23,12,11,founder,business,0.0,0.0
23,12,11,partners,studio,0.0,0.0
23,12,11,partners,assist,1.143109721972018,1.1146697953261078
23,12,11,partners,business,0.0,0.0
23,12,11,case_content,studio,0.0,0.0
23,12,11,case_content,assist,0.25515842008303974,0.2488102221710061
23,12,11,case_content,business,0.0,0.0
23,13,12,founder,studio,0.0,0.0
23,13,12,founder,assist,3.2145609358975333,2.7536357443967985
23,13,12,founder,business,0.0,0.0
23,13,12,partners,studio,0.0,0.0
23,13,12,partners,assist,1.2525563974799772,1.072956505337092
23,13,12,partners,business,0.0,0.0
23,13,12,case_content,studio,0.0,0.0
23,13,12,case_content,assist,0.279588481580352,0.23949921994131518
23,13,12,case_content,business,0.0,0.0
23,14,13,founder,studio,0.0,0.0
23,14,13,founder,assist,3.488140590016472,2.599420023883746
23,14,13,founder,business,0.0,0.0
23,14,13,partners,studio,0.0,0.0
23,14,13,partners,assist,1.3724820100046558,1.0227962798969255
23,14,13,partners,business,0.0,0.0
23,14,13,case_content,studio,0.0,0.0
23,14,13,case_content,assist,0.3063575915188963,0.2283027410484208
23,14,13,case_content,business,0.0,0.0
23,15,14,founder,studio,0.0,0.0
23,15,14,founder,assist,3.7850036189540446,2.4243082072241786
23,15,14,founder,business,0.0,0.0
23,15,14,partners,studio,0.0,0.0
23,15,14,partners,assist,1.5038898620263785,0.9632467765722507
23,15,14,partners,business,0.0,0.0
23,15,14,case_content,studio,0.0,0.0
23,15,14,case_content,assist,0.3356897013451737,0.21501044119916307
23,15,14,case_content,business,0.0,0.0
23,16,15,founder,studio,0.0,0.0
23,16,15,founder,assist,4.107131586524601,2.226366476177186
23,16,15,founder,business,0.0,0.0
23,16,15,partners,studio,0.0,0.0
23,16,15,partners,assist,1.6478793169012442,0.8932714208553435
23,16,15,partners,business,0.0,0.0
23,16,15,case_content,studio,0.0,0.0
23,16,15,case_content,assist,0.3678302046654564,0.19939094215521064
23,16,15,case_content,business,0.0,0.0
23,17,16,founder,studio,0.0,0.0
23,17,16,founder,assist,4.456674700271376,2.003493323684447
23,17,16,founder,business,0.0,0.0
23,17,16,partners,studio,0.0,0.0
23,17,16,partners,assist,1.8056549961790231,0.8117302637102625
23,17,16,partners,business,0.0,0.0
23,17,16,case_content,studio,0.0,0.0
23,17,16,case_content,assist,0.4030479902185319,0.181189791006755
23,17,16,case_content,business,0.0,0.0
23,18,17,founder,studio,0.0,0.0
23,18,17,founder,assist,4.835966164124259,1.7534052203106807
23,18,17,founder,business,0.0,0.0
23,18,17,partners,studio,0.0,0.0
23,18,17,partners,assist,1.9785368575153122,0.7173699601706514
23,18,17,partners,business,0.0,0.0
23,18,17,case_content,studio,0.0,0.0
23,18,17,case_content,assist,0.441637691409668,0.16012722325237758
23,18,17,case_content,business,0.0,0.0
23,19,18,founder,studio,0.0,0.0
23,19,18,founder,assist,5.247537752560367,1.4736210595632726
23,19,18,founder,business,0.0,0.0
23,19,18,partners,studio,0.0,0.0
23,19,18,partners,assist,2.1679712374901827,0.60881278472636
23,19,18,partners,business,0.0,0.0
23,19,18,case_content,studio,0.0,0.0
23,19,18,case_content,assist,0.4839221512254872,0.13589571087641966
23,19,18,case_content,business,0.0,0.0
23,20,19,founder,studio,0.0,0.0
23,20,19,founder,assist,5.694136710225079,1.1614452781410334
23,20,19,founder,business,0.0,0.0
23,20,19,partners,studio,0.0,0.0
23,20,19,partners,assist,2.375542951717966,0.484544591165073
23,20,19,partners,business,0.0,0.0
23,20,19,case_content,studio,0.0,0.0
23,20,19,case_content,assist,0.5302551231513318,0.10815727481363237
23,20,19,case_content,business,0.0,0.0
23,21,20,founder,studio,0.0,0.0
23,21,20,founder,assist,6.178744089818702,0.8139495383147317
23,21,20,founder,business,0.0,0.0
23,21,20,partners,studio,0.0,0.0
23,21,20,partners,assist,2.602988553478197,0.3429016156913333
23,21,20,partners,business,0.0,0.0
23,21,20,case_content,studio,0.0,0.0
23,21,20,case_content,assist,0.5810242306870976,0.07654053921681547
23,21,20,case_content,business,0.0,0.0
23,22,21,founder,studio,0.0,0.0
23,22,21,founder,assist,6.704594650654339,0.42795285004176625
23,22,21,founder,business,0.0,0.0
23,22,21,partners,studio,0.0,0.0
23,22,21,partners,assist,2.8522108617899398,0.182056012454677
23,22,21,partners,business,0.0,0.0
23,22,21,case_content,studio,0.0,0.0
23,22,21,case_content,assist,0.6366542102209687,0.040637502780061834
23,22,21,case_content,business,0.0,0.0
23,23,22,founder,studio,0.0,0
23,23,22,founder,assist,7.275198450710025,0
23,23,22,founder,business,0.0,0
23,23,22,partners,studio,0.0,0
23,23,22,partners,assist,3.125294880471955,0
23,23,22,partners,business,0.0,0
23,23,22,case_content,studio,0.0,0
23,23,22,case_content,assist,0.6976104643910614,0
23,23,22,case_content,business,0.0,0
24,2,1,founder,studio,0.0,0.0
24,2,1,founder,assist,1.2304217983860473,3.569578201613955
24,2,1,founder,business,0.0,0.0
24,2,1,partners,studio,0.0,0.0
24,2,1,partners,assist,0.43064762943511625,1.2493523705648837
24,2,1,partners,business,0.0,0.0
24,2,1,case_content,studio,0.0,0.0
24,2,1,case_content,assist,0.0961267029989099,0.2788732970010901
24,2,1,case_content,business,0.0,0.0
24,3,2,founder,studio,0.0,0.0
24,3,2,founder,assist,1.3351385471848594,3.5608614528151414
24,3,2,founder,business,0.0,0.0
24,3,2,partners,studio,0.0,0.0
24,3,2,partners,assist,0.4718798492746485,1.2585201507253512
24,3,2,partners,business,0.0,0.0
24,3,2,case_content,studio,0.0,0.0
24,3,2,case_content,assist,0.10533032349880551,0.28091967650119454
24,3,2,case_content,business,0.0,0.0
24,4,3,founder,studio,0.0,0.0
24,4,3,founder,assist,1.4487673597112298,3.5451526402887703
24,4,3,founder,business,0.0,0.0
24,4,3,partners,studio,0.0,0.0
24,4,3,partners,assist,0.5170598348434979,1.265252165156502
24,4,3,partners,business,0.0,0.0
24,4,3,case_content,studio,0.0,0.0
24,4,3,case_content,assist,0.11541514170613798,0.28242235829386203
24,4,3,case_content,business,0.0,0.0
24,5,4,founder,studio,0.0,0.0
24,5,4,founder,assist,1.5720667094738883,3.5217316905261136
24,5,4,founder,business,0.0,0.0
24,5,4,partners,studio,0.0,0.0
24,5,4,partners,assist,0.5665655637114926,1.2692157962885078
24,5,4,partners,business,0.0,0.0
24,5,4,case_content,studio,0.0,0.0
24,5,4,case_content,assist,0.12646552761417243,0.28330709738582754
24,5,4,case_content,business,0.0,0.0
24,6,5,founder,studio,0.0,0.0
24,6,5,founder,assist,1.7058596209184735,3.489814747081525
24,6,5,founder,business,0.0,0.0
24,6,5,partners,studio,0.0,0.0
24,6,5,partners,assist,0.6208112027902523,1.2700435980097475
24,6,5,partners,business,0.0,0.0
24,6,5,case_content,studio,0.0,0.0
24,6,5,case_content,assist,0.13857392919425285,0.2834918745557473
24,6,5,case_content,business,0.0,0.0
24,7,6,founder,studio,0.0,0.0
24,7,6,founder,assist,1.8510391631243022,3.4485486922356983
24,7,6,founder,business,0.0,0.0
24,7,6,partners,studio,0.0,0.0
24,7,6,partners,assist,0.6802505732701704,1.2673298715538297
24,7,6,partners,business,0.0,0.0
24,7,6,case_content,studio,0.0,0.0
24,7,6,case_content,assist,0.15184164581923443,0.28288613204326557
24,7,6,case_content,business,0.0,0.0
24,8,7,founder,studio,0.0,0.0
24,8,7,founder,assist,2.008574411049774,3.397005201417426
24,8,7,founder,business,0.0,0.0
24,8,7,partners,studio,0.0,0.0
24,8,7,partners,assist,0.745380947306676,1.2606269108620443
24,8,7,partners,business,0.0,0.0
24,8,7,case_content,studio,0.0,0.0
24,8,7,case_content,assist,0.16637967573809728,0.28138993546027774
24,8,7,case_content,business,0.0,0.0
24,9,8,founder,studio,0.0,0.0
24,9,8,founder,assist,2.179516914117839,3.3341742905987046
24,9,8,founder,business,0.0,0.0
24,9,8,partners,studio,0.0,0.0
24,9,8,partners,assist,0.816747208219017,1.249440885694764
24,9,8,partners,business,0.0,0.0
24,9,8,case_content,studio,0.0,0.0
24,9,8,case_content,assist,0.18230964469174496,0.2788930548425815
24,9,8,case_content,business,0.0,0.0
24,10,9,founder,studio,0.0,0.0
24,10,9,founder,assist,2.3650077153193583,3.2589573134915173
24,10,9,founder,business,0.0,0.0
24,10,9,partners,studio,0.0,0.0
24,10,9,partners,assist,0.8949464090059444,1.2332273277252506
24,10,9,partners,business,0.0,0.0
24,10,9,case_content,studio,0.0,0.0
24,10,9,case_content,assist,0.1997648234388269,0.27527395708152924
24,10,9,case_content,business,0.0,0.0
24,11,10,founder,studio,0.0,0.0
24,11,10,founder,assist,2.5662849676869635,3.1701593617001294
24,11,10,founder,business,0.0,0.0
24,11,10,partners,studio,0.0,0.0
24,11,10,partners,assist,0.9806327673150245,1.2113861815181073
24,11,10,partners,business,0.0,0.0
24,11,10,case_content,studio,0.0,0.0
24,11,10,case_content,assist,0.21889124270424648,0.27039870123172033
24,11,10,case_content,business,0.0,0.0
24,12,11,founder,studio,0.0,0.0
24,12,11,founder,assist,2.7846921989794713,3.066481016995365
24,12,11,founder,business,0.0,0.0
24,12,11,partners,studio,0.0,0.0
24,12,11,partners,assist,1.074523138653697,1.1832563786444288
24,12,11,partners,business,0.0,0.0
24,12,11,case_content,studio,0.0,0.0
24,12,11,case_content,assist,0.23984891487805735,0.2641197273759885
24,12,11,case_content,business,0.0,0.0
24,13,12,founder,studio,0.0,0.0
24,13,12,founder,assist,3.0216872797436816,2.9465094005506502
24,13,12,founder,business,0.0,0.0
24,13,12,partners,studio,0.0,0.0
24,13,12,partners,assist,1.1774030136311786,1.1481098891858905
24,13,12,partners,business,0.0,0.0
24,13,12,case_content,studio,0.0,0.0
24,13,12,case_content,assist,0.2628131726855309,0.2562745288361363
24,13,12,case_content,business,0.0,0.0
24,14,13,founder,studio,0.0,0.0
24,14,13,founder,assist,3.2788521546154836,2.8087084592847344
24,14,13,founder,business,0.0,0.0
24,14,13,partners,studio,0.0,0.0
24,14,13,partners,assist,1.2901330894043763,1.1051452004972049
24,14,13,partners,business,0.0,0.0
24,14,13,case_content,studio,0.0,0.0
24,14,13,case_content,assist,0.2879761360277625,0.2466841965395546
24,14,13,case_content,business,0.0,0.0
24,15,14,founder,studio,0.0,0.0
24,15,14,founder,assist,3.557903401816802,2.651408424361421
24,15,14,founder,business,0.0,0.0
24,15,14,partners,studio,0.0,0.0
24,15,14,partners,assist,1.4136564703047958,1.0534801682938333
24,15,14,partners,business,0.0,0.0
24,15,14,case_content,studio,0.0,0.0
24,15,14,case_content,assist,0.31554831926446325,0.2351518232798735
24,15,14,case_content,business,0.0,0.0
24,16,15,founder,studio,0.0,0.0
24,16,15,founder,assist,3.860703691333125,2.4727943713686624
24,16,15,founder,business,0.0,0.0
24,16,15,partners,studio,0.0,0.0
24,16,15,partners,assist,1.5490065578871697,0.9921441798694182
24,16,15,partners,business,0.0,0.0
24,16,15,case_content,studio,0.0,0.0
24,16,15,case_content,assist,0.345760392385529,0.22146075443513802
24,16,15,case_content,business,0.0,0.0
24,17,16,founder,studio,0.0,0.0
24,17,16,founder,assist,4.189274218255093,2.2708938057007293
24,17,16,founder,business,0.0,0.0
24,17,16,partners,studio,0.0,0.0
24,17,16,partners,assist,1.6973156964082818,0.9200695634810039
24,17,16,partners,business,0.0,0.0
24,17,16,case_content,studio,0.0,0.0
24,17,16,case_content,assist,0.37886511080541996,0.20537267041986693
24,17,16,case_content,business,0.0,0.0
24,18,17,founder,studio,0.0,0.0
24,18,17,founder,assist,4.545808194276804,2.043563190158136
24,18,17,founder,business,0.0,0.0
24,18,17,partners,studio,0.0,0.0
24,18,17,partners,assist,1.8598246460643935,0.8360821716215701
24,18,17,partners,business,0.0,0.0
24,18,17,case_content,studio,0.0,0.0
24,18,17,case_content,assist,0.41513942992508795,0.18662548473695767
24,18,17,case_content,business,0.0,0.0
24,19,18,founder,studio,0.0,0.0
24,19,18,founder,assist,4.932685487406745,1.7884733247168947
24,19,18,founder,business,0.0,0.0
24,19,18,partners,studio,0.0,0.0
24,19,18,partners,assist,2.037892963240772,0.738891058975771
24,19,18,partners,business,0.0,0.0
24,19,18,case_content,studio,0.0,0.0
24,19,18,case_content,assist,0.45488682215195797,0.1649310399499489
24,19,18,case_content,business,0.0,0.0
24,20,19,founder,studio,0.0,0.0
24,20,19,founder,assist,5.352488507611574,1.5030934807545382
24,20,19,founder,business,0.0,0.0
24,20,19,partners,studio,0.0,0.0
24,20,19,partners,assist,2.233010374614888,0.627077168268151
24,20,19,partners,business,0.0,0.0
24,20,19,case_content,studio,0.0,0.0
24,20,19,case_content,assist,0.49843981576225194,0.13997258220271228
24,20,19,case_content,business,0.0,0.0
24,21,20,founder,studio,0.0,0.0
24,21,20,founder,assist,5.80801944442958,1.1846741837038537
24,21,20,founder,business,0.0,0.0
24,21,20,partners,studio,0.0,0.0
24,21,20,partners,assist,2.446809240269505,0.4990809289000251
24,21,20,partners,business,0.0,0.0
24,21,20,case_content,studio,0.0,0.0
24,21,20,case_content,assist,0.5461627768458718,0.11140199305804133
24,21,20,case_content,business,0.0,0.0
24,22,21,founder,studio,0.0,0.0
24,22,21,founder,assist,6.302318971615078,0.8302285290810265
24,22,21,founder,business,0.0,0.0
24,22,21,partners,studio,0.0,0.0
24,22,21,partners,assist,2.681078210082543,0.3531886641620734
24,22,21,partners,business,0.0,0.0
24,22,21,case_content,studio,0.0,0.0
24,22,21,case_content,assist,0.5984549576077106,0.07883675539331995
24,22,21,case_content,business,0.0,0.0
24,23,22,founder,studio,0.0,0.0
24,23,22,founder,assist,6.838686543667424,0.4365119070426015
24,23,22,founder,business,0.0,0.0
24,23,22,partners,studio,0.0,0.0
24,23,22,partners,assist,2.937777187643638,0.1875176928283173
24,23,22,partners,business,0.0,0.0
24,23,22,case_content,studio,0.0,0.0
24,23,22,case_content,assist,0.6557538365275978,0.04185662786346368
24,23,22,case_content,business,0.0,0.0
24,24,23,founder,studio,0.0,0
24,24,23,founder,assist,7.4207024197242255,0
24,24,23,founder,business,0.0,0
24,24,23,partners,studio,0.0,0
24,24,23,partners,assist,3.2190537268861137,0
24,24,23,partners,business,0.0,0
24,24,23,case_content,studio,0.0,0
24,24,23,case_content,assist,0.7185387783227932,0
24,24,23,case_content,business,0.0,0
25,2,1,founder,studio,0.0,0.0
25,2,1,founder,assist,1.1565964904828845,3.6434035095171176
25,2,1,founder,business,0.0,0.0
25,2,1,partners,studio,0.0,0.0
25,2,1,partners,assist,0.4048087716690093,1.2751912283309907
25,2,1,partners,business,0.0,0.0
25,2,1,case_content,studio,0.0,0.0
25,2,1,case_content,assist,0.0903591008189753,0.2846408991810247
25,2,1,case_content,business,0.0,0.0
25,3,2,founder,studio,0.0,0.0
25,3,2,founder,assist,1.2550302343537678,3.640969765646233
25,3,2,founder,business,0.0,0.0
25,3,2,partners,studio,0.0,0.0
25,3,2,partners,assist,0.44356705831816956,1.28683294168183
25,3,2,partners,business,0.0,0.0
25,3,2,case_content,studio,0.0,0.0
25,3,2,case_content,assist,0.09901050408887718,0.28723949591112286
25,3,2,case_content,business,0.0,0.0
25,4,3,founder,studio,0.0,0.0
25,4,3,founder,assist,1.361841318128556,3.632078681871444
25,4,3,founder,business,0.0,0.0
25,4,3,partners,studio,0.0,0.0
25,4,3,partners,assist,0.48603624475288804,1.296275755247112
25,4,3,partners,business,0.0,0.0
25,4,3,case_content,studio,0.0,0.0
25,4,3,case_content,assist,0.1084902332037697,0.2893472667962303
25,4,3,case_content,business,0.0,0.0
25,5,4,founder,studio,0.0,0.0
25,5,4,founder,assist,1.477742706905455,3.616055693094547
25,5,4,founder,business,0.0,0.0
25,5,4,partners,studio,0.0,0.0
25,5,4,partners,assist,0.532571629888803,1.3032097301111973
25,5,4,partners,business,0.0,0.0
25,5,4,case_content,studio,0.0,0.0
25,5,4,case_content,assist,0.11887759595732209,0.2908950290426779
25,5,4,case_content,business,0.0,0.0
25,6,5,founder,studio,0.0,0.0
25,6,5,founder,assist,1.603508043663365,3.5921663243366333
25,6,5,founder,business,0.0,0.0
25,6,5,partners,studio,0.0,0.0
25,6,5,partners,assist,0.5835625306228371,1.3072922701771628
25,6,5,partners,business,0.0,0.0
25,6,5,case_content,studio,0.0,0.0
25,6,5,case_content,assist,0.13025949344259768,0.2918063103074025
25,6,5,case_content,business,0.0,0.0
25,7,6,founder,studio,0.0,0.0
25,7,6,founder,assist,1.739976813336844,3.5596110420231564
25,7,6,founder,business,0.0,0.0
25,7,6,partners,studio,0.0,0.0
25,7,6,partners,assist,0.6394355388739601,1.3081449059500398
25,7,6,partners,business,0.0,0.0
25,7,6,case_content,studio,0.0,0.0
25,7,6,case_content,assist,0.14273114707008036,0.2919966307924196
25,7,6,case_content,business,0.0,0.0
25,8,7,founder,studio,0.0,0.0
25,8,7,founder,assist,1.8880599463867875,3.517519666080412
25,8,7,founder,business,0.0,0.0
25,8,7,partners,studio,0.0,0.0
25,8,7,partners,assist,0.7006580904682754,1.3053497677004449
25,8,7,partners,business,0.0,0.0
25,8,7,case_content,studio,0.0,0.0
25,8,7,case_content,assist,0.15639689519381145,0.2913727160045636
25,8,7,case_content,business,0.0,0.0
25,9,8,founder,studio,0.0,0.0
25,9,8,founder,assist,2.0487458992707688,3.464945305445775
25,9,8,founder,business,0.0,0.0
25,9,8,partners,studio,0.0,0.0
25,9,8,partners,assist,0.767742375725876,1.298445718187905
25,9,8,partners,business,0.0,0.0
25,9,8,case_content,studio,0.0,0.0
25,9,8,case_content,assist,0.17137106601024027,0.2898316335240862
25,9,8,case_content,business,0.0,0.0
25,10,9,founder,studio,0.0,0.0
25,10,9,founder,assist,2.223107252400197,3.4008577764106787
25,10,9,founder,business,0.0,0.0
25,10,9,partners,studio,0.0,0.0
25,10,9,partners,assist,0.8412496244655877,1.2869241122656072
25,10,9,partners,business,0.0,0.0
25,10,9,case_content,studio,0.0,0.0
25,10,9,case_content,assist,0.1877789340324973,0.28725984648785885
25,10,9,case_content,business,0.0,0.0
25,11,10,founder,studio,0.0,0.0
25,11,10,founder,assist,2.412307869625746,3.324136459761347
25,11,10,founder,business,0.0,0.0
25,11,10,partners,studio,0.0,0.0
25,11,10,partners,assist,0.921794801276123,1.2702241475570089
25,11,10,partners,business,0.0,0.0
25,11,10,case_content,studio,0.0,0.0
25,11,10,case_content,assist,0.2057577681419917,0.2835321757939751
25,11,10,case_content,business,0.0,0.0
25,12,11,founder,studio,0.0,0.0
25,12,11,founder,assist,2.617610667040703,3.2335625489341333
25,12,11,founder,business,0.0,0.0
25,12,11,partners,studio,0.0,0.0
25,12,11,partners,assist,1.0100517503344753,1.2477277669636506
25,12,11,partners,business,0.0,0.0
25,12,11,case_content,studio,0.0,0.0
25,12,11,case_content,assist,0.2254579799853739,0.27851066226867194
25,12,11,case_content,business,0.0,0.0
25,13,12,founder,studio,0.0,0.0
25,13,12,founder,assist,2.840386042959061,3.127810637335271
25,13,12,founder,business,0.0,0.0
25,13,12,partners,studio,0.0,0.0
25,13,12,partners,assist,1.1067588328133078,1.2187540700037611
25,13,12,partners,business,0.0,0.0
25,13,12,case_content,studio,0.0,0.0
25,13,12,case_content,assist,0.24704438232439904,0.2720433191972681
25,13,12,case_content,business,0.0,0.0
25,14,13,founder,studio,0.0,0.0
25,14,13,founder,assist,3.0821210253385547,3.0054395885616634
25,14,13,founder,business,0.0,0.0
25,14,13,partners,studio,0.0,0.0
25,14,13,partners,assist,1.2127251040401137,1.1825531858614675
25,14,13,partners,business,0.0,0.0
25,14,13,case_content,studio,0.0,0.0
25,14,13,case_content,assist,0.2706975678660968,0.2639627647012203
25,14,13,case_content,business,0.0,0.0
25,15,14,founder,studio,0.0,0.0
25,15,14,founder,assist,3.344429197707794,2.864882628470429
25,15,14,founder,business,0.0,0.0
25,15,14,partners,studio,0.0,0.0
25,15,14,partners,assist,1.328837082086508,1.138299556512121
25,15,14,partners,business,0.0,0.0
25,15,14,case_content,studio,0.0,0.0
25,15,14,case_content,assist,0.29661542010859543,0.2540847224357413
25,15,14,case_content,business,0.0,0.0
25,16,15,founder,studio,0.0,0.0
25,16,15,founder,assist,3.6290614698531374,2.70443659284865
25,16,15,founder,business,0.0,0.0
25,16,15,partners,studio,0.0,0.0
25,16,15,partners,assist,1.4560661644139394,1.0850845733426484
25,16,15,partners,business,0.0,0.0
25,16,15,case_content,studio,0.0,0.0
25,16,15,case_content,assist,0.3250147688423973,0.24220637797826977
25,16,15,case_content,business,0.0,0.0
25,17,16,founder,studio,0.0,0.0
25,17,16,founder,assist,3.9379177651597876,2.522250258796035
25,17,16,founder,business,0.0,0.0
25,17,16,partners,studio,0.0,0.0
25,17,16,partners,assist,1.595476754623785,1.0219085052655008
25,17,16,partners,business,0.0,0.0
25,17,16,case_content,studio,0.0,0.0
25,17,16,case_content,assist,0.35613320415709476,0.22810457706819212
25,17,16,case_content,business,0.0,0.0
25,18,17,founder,studio,0.0,0.0
25,18,17,founder,assist,4.273059702620196,2.3163116818147444
25,18,17,founder,business,0.0,0.0
25,18,17,partners,studio,0.0,0.0
25,18,17,partners,assist,1.7482351673005299,0.9476716503854337
25,18,17,partners,business,0.0,0.0
25,18,17,case_content,studio,0.0,0.0
25,18,17,case_content,assist,0.3902310641295827,0.21153385053246296
25,18,17,case_content,business,0.0,0.0
25,19,18,founder,studio,0.0,0.0
25,19,18,founder,assist,4.636724358162341,2.0844344539612996
25,19,18,founder,business,0.0,0.0
25,19,18,partners,studio,0.0,0.0
25,19,18,partners,assist,1.9156193854463255,0.8611646367702173
25,19,18,partners,business,0.0,0.0
25,19,18,case_content,studio,0.0,0.0
25,19,18,case_content,assist,0.4275936128228405,0.19222424927906637
25,19,18,case_content,business,0.0,0.0
25,20,19,founder,studio,0.0,0.0
25,20,19,founder,assist,5.03133919715488,1.8242427912112327
25,20,19,founder,business,0.0,0.0
25,20,19,partners,studio,0.0,0.0
25,20,19,partners,assist,2.099029752137995,0.7610577907450442
25,20,19,partners,business,0.0,0.0
25,20,19,case_content,studio,0.0,0.0
25,20,19,case_content,assist,0.46853342681651683,0.16987897114844738
25,20,19,case_content,business,0.0,0.0
25,21,20,founder,studio,0.0,0.0
25,21,20,founder,assist,5.459538277763805,1.5331553503696285
25,21,20,founder,business,0.0,0.0
25,21,20,partners,studio,0.0,0.0
25,21,20,partners,assist,2.300000685853335,0.6458894833161954
25,21,20,partners,business,0.0,0.0
25,21,20,case_content,studio,0.0,0.0
25,21,20,case_content,assist,0.5133930102351195,0.14417175966879364
25,21,20,case_content,business,0.0,0.0
25,22,21,founder,studio,0.0,0.0
25,22,21,founder,assist,5.924179833318173,1.208367667377931
25,22,21,founder,business,0.0,0.0
25,22,21,partners,studio,0.0,0.0
25,22,21,partners,assist,2.5202135174775906,0.514053356767026
25,22,21,partners,business,0.0,0.0
25,22,21,case_content,studio,0.0,0.0
25,22,21,case_content,assist,0.562547660151248,0.11474405284978259
25,22,21,case_content,business,0.0,0.0
25,23,22,founder,studio,0.0,0.0
25,23,22,founder,assist,6.428365351047379,0.846833099662647
25,23,22,founder,business,0.0,0.0
25,23,22,partners,studio,0.0,0.0
25,23,22,partners,assist,2.7615105563850197,0.36378432408693556
25,23,22,partners,business,0.0,0.0
25,23,22,case_content,studio,0.0,0.0
25,23,22,case_content,assist,0.616408606335942,0.08120185805511955
25,23,22,case_content,business,0.0,0.0
25,24,23,founder,studio,0.0,0.0
25,24,23,founder,assist,6.975460274540772,0.4452421451834535
25,24,23,founder,business,0.0,0.0
25,24,23,partners,studio,0.0,0.0
25,24,23,partners,assist,3.025910503272947,0.19314322361316683
25,24,23,partners,business,0.0,0.0
25,24,23,case_content,studio,0.0,0.0
25,24,23,case_content,assist,0.6754264516234256,0.04311232669936759
25,24,23,case_content,business,0.0,0.0
25,25,24,founder,studio,0.0,0
25,25,24,founder,assist,7.569116468118712,0
25,25,24,founder,business,0.0,0
25,25,24,partners,studio,0.0,0
25,25,24,partners,assist,3.3156253386926977,0
25,25,24,partners,business,0.0,0
25,25,24,case_content,studio,0.0,0
25,25,24,case_content,assist,0.7400949416724771,0
25,25,24,case_content,business,0.0,0
26,2,1,founder,studio,0.0,0.0
26,2,1,founder,assist,1.0872007010539115,3.7127992989460905
26,2,1,founder,business,0.0,0.0
26,2,1,partners,studio,0.0,0.0
26,2,1,partners,assist,0.38052024536886875,1.2994797546311312
26,2,1,partners,business,0.0,0.0
26,2,1,case_content,studio,0.0,0.0
26,2,1,case_content,assist,0.08493755476983679,0.2900624452301632
26,2,1,case_content,business,0.0,0.0
26,3,2,founder,studio,0.0,0.0
26,3,2,founder,assist,1.1797284202925418,3.7162715797074592
26,3,2,founder,business,0.0,0.0
26,3,2,partners,studio,0.0,0.0
26,3,2,partners,assist,0.4169530348190794,1.3134469651809202
26,3,2,partners,business,0.0,0.0
26,3,2,case_content,studio,0.0,0.0
26,3,2,case_content,assist,0.09306987384354455,0.2931801261564555
26,3,2,case_content,business,0.0,0.0
26,4,3,founder,studio,0.0,0.0
26,4,3,founder,assist,1.2801308390408426,3.7137891609591573
26,4,3,founder,business,0.0,0.0
26,4,3,partners,studio,0.0,0.0
26,4,3,partners,assist,0.45687407006771474,1.3254379299322854
26,4,3,partners,business,0.0,0.0
26,4,3,case_content,studio,0.0,0.0
26,4,3,case_content,assist,0.10198081921154352,0.2958566807884565
26,4,3,case_content,business,0.0,0.0
26,5,4,founder,studio,0.0,0.0
26,5,4,founder,assist,1.3890781444911275,3.704720255508874
26,5,4,founder,business,0.0,0.0
26,5,4,partners,studio,0.0,0.0
26,5,4,partners,assist,0.5006173320954749,1.3351640279045256
26,5,4,partners,business,0.0,0.0
26,5,4,case_content,studio,0.0,0.0
26,5,4,case_content,assist,0.11174494019988276,0.2980276848001172
26,5,4,case_content,business,0.0,0.0
26,6,5,founder,studio,0.0,0.0
26,6,5,founder,assist,1.5072975610435633,3.6883768069564353
26,6,5,founder,business,0.0,0.0
26,6,5,partners,studio,0.0,0.0
26,6,5,partners,assist,0.5485487787854669,1.342306022014533
26,6,5,partners,business,0.0,0.0
26,6,5,case_content,studio,0.0,0.0
26,6,5,case_content,assist,0.12244392383604183,0.2996218799139584
26,6,5,case_content,business,0.0,0.0
26,7,6,founder,studio,0.0,0.0
26,7,6,founder,assist,1.6355782045366334,3.664009650823367
26,7,6,founder,business,0.0,0.0
26,7,6,partners,studio,0.0,0.0
26,7,6,partners,assist,0.6010694065415225,1.3465110382824774
26,7,6,partners,business,0.0,0.0
26,7,6,case_content,studio,0.0,0.0
26,7,6,case_content,assist,0.13416727824587554,0.30056049961662445
26,7,6,case_content,business,0.0,0.0
26,8,7,founder,studio,0.0,0.0
26,8,7,founder,assist,1.7747763496035802,3.6308032628636195
26,8,7,founder,business,0.0,0.0
26,8,7,partners,studio,0.0,0.0
26,8,7,partners,assist,0.6586186050401789,1.3473892531285414
26,8,7,partners,business,0.0,0.0
26,8,7,case_content,studio,0.0,0.0
26,8,7,case_content,assist,0.14701308148218276,0.30075652971619227
26,8,7,case_content,business,0.0,0.0
26,9,8,founder,studio,0.0,0.0
26,9,8,founder,assist,1.9258211453145226,3.587870059402021
26,9,8,founder,business,0.0,0.0
26,9,8,partners,studio,0.0,0.0
26,9,8,partners,assist,0.7216778331823235,1.3445102607314576
26,9,8,partners,business,0.0,0.0
26,9,8,case_content,studio,0.0,0.0
26,9,8,case_content,assist,0.16108880204962586,0.30011389748470063
26,9,8,case_content,business,0.0,0.0
26,10,9,founder,studio,0.0,0.0
26,10,9,founder,assist,2.089720817256185,3.5342442115546904
26,10,9,founder,business,0.0,0.0
26,10,9,partners,studio,0.0,0.0
26,10,9,partners,assist,0.7907746469976524,1.3373990897335424
26,10,9,partners,business,0.0,0.0
26,10,9,case_content,studio,0.0,0.0
26,10,9,case_content,assist,0.17651219799054746,0.2985265825298087
26,10,9,case_content,business,0.0,0.0
26,11,10,founder,studio,0.0,0.0
26,11,10,founder,assist,2.267569397448201,3.468874931938892
26,11,10,founder,business,0.0,0.0
26,11,10,partners,studio,0.0,0.0
26,11,10,partners,assist,0.8664871131995556,1.3255318356335761
26,11,10,partners,business,0.0,0.0
26,11,10,case_content,studio,0.0,0.0
26,11,10,case_content,assist,0.1934123020534722,0.2958776418824946
26,11,10,case_content,business,0.0,0.0
26,12,11,founder,studio,0.0,0.0
26,12,11,founder,assist,2.460554027018261,3.3906191889565753
26,12,11,founder,business,0.0,0.0
26,12,11,partners,studio,0.0,0.0
26,12,11,partners,assist,0.9494486453144068,1.3083308719837192
26,12,11,partners,business,0.0,0.0
26,12,11,case_content,studio,0.0,0.0
26,12,11,case_content,assist,0.21193050118625145,0.29203814106779435
26,12,11,case_content,business,0.0,0.0
26,13,12,founder,studio,0.0,0.0
26,13,12,founder,assist,2.669962880381517,3.298233799912815
26,13,12,founder,business,0.0,0.0
26,13,12,partners,studio,0.0,0.0
26,13,12,partners,assist,1.0403533028445093,1.2851595999725596
26,13,12,partners,business,0.0,0.0
26,13,12,case_content,studio,0.0,0.0
26,13,12,case_content,assist,0.2322217193849351,0.28686598213673203
26,13,12,case_content,business,0.0,0.0
26,14,13,founder,studio,0.0,0.0
26,14,13,founder,assist,2.8971937638182412,3.190366850081977
26,14,13,founder,business,0.0,0.0
26,14,13,partners,studio,0.0,0.0
26,14,13,partners,assist,1.139961597797707,1.2553166921038743
26,14,13,partners,business,0.0,0.0
26,14,13,case_content,studio,0.0,0.0
26,14,13,case_content,assist,0.25445571379413096,0.28020461877318614
26,14,13,case_content,business,0.0,0.0
26,15,14,founder,studio,0.0,0.0
26,15,14,founder,assist,3.1437634458453263,3.065548380332897
26,15,14,founder,business,0.0,0.0
26,15,14,partners,studio,0.0,0.0
26,15,14,partners,assist,1.2491068571613175,1.2180297814373116
26,15,14,partners,business,0.0,0.0
26,15,14,case_content,studio,0.0,0.0
26,15,14,case_content,assist,0.2788184949020797,0.27188164764225703
26,15,14,case_content,business,0.0,0.0
26,16,15,founder,studio,0.0,0.0
26,16,15,founder,assist,3.4113177816619493,2.922180281039838
26,16,15,founder,business,0.0,0.0
26,16,15,partners,studio,0.0,0.0
26,16,15,partners,assist,1.3687021945491031,1.1724485432074847
26,16,15,partners,business,0.0,0.0
26,16,15,case_content,studio,0.0,0.0
26,16,15,case_content,assist,0.3055138827118534,0.2617072641088136
26,16,15,case_content,business,0.0,0.0
26,17,16,founder,studio,0.0,0.0
26,17,16,founder,assist,3.7016426992502005,2.758525324705622
26,17,16,founder,business,0.0,0.0
26,17,16,partners,studio,0.0,0.0
26,17,16,partners,assist,1.4997481493463578,1.117637110542928
26,17,16,partners,business,0.0,0.0
26,17,16,case_content,studio,0.0,0.0
26,17,16,case_content,assist,0.33476521190766906,0.2494725693176178
26,17,16,case_content,business,0.0,0.0
26,18,17,founder,studio,0.0,0.0
26,18,17,founder,assist,4.016676120462984,2.5726952639719562
26,18,17,founder,business,0.0,0.0
26,18,17,partners,studio,0.0,0.0
26,18,17,partners,assist,1.643341057262498,1.0525657604234655
26,18,17,partners,business,0.0,0.0
26,18,17,case_content,studio,0.0,0.0
26,18,17,case_content,assist,0.36681720028180775,0.23494771438023793
26,18,17,case_content,business,0.0,0.0
26,19,18,founder,studio,0.0,0.0
26,19,18,founder,assist,4.358520896672601,2.36263791545104
26,19,18,founder,business,0.0,0.0
26,19,18,partners,studio,0.0,0.0
26,19,18,partners,assist,1.800682222319546,0.9761017998969967
26,19,18,partners,business,0.0,0.0
26,19,18,case_content,studio,0.0,0.0
26,19,18,case_content,assist,0.40193799605347,0.2178798660484368
26,19,18,case_content,business,0.0,0.0
26,20,19,founder,studio,0.0,0.0
26,20,19,founder,assist,4.7294588453255875,2.1261231430405254
26,20,19,founder,business,0.0,0.0
26,20,19,partners,studio,0.0,0.0
26,20,19,partners,assist,1.973087967009715,0.8869995758733239
26,20,19,partners,business,0.0,0.0
26,20,19,case_content,studio,0.0,0.0
26,20,19,case_content,assist,0.4404214212075258,0.1979909767574384
26,20,19,case_content,business,0.0,0.0
26,21,20,founder,studio,0.0,0.0
26,21,20,founder,assist,5.131965981097977,1.8607276470354568
26,21,20,founder,business,0.0,0.0
26,21,20,partners,studio,0.0,0.0
26,21,20,partners,assist,2.1620006447021347,0.7838895244673956
26,21,20,partners,business,0.0,0.0
26,21,20,case_content,studio,0.0,0.0
26,21,20,case_content,assist,0.48258942962101237,0.17497534028290082
26,21,20,case_content,business,0.0,0.0
26,22,21,founder,studio,0.0,0.0
26,22,21,founder,assist,5.568729043319083,1.5638184573770215
26,22,21,founder,business,0.0,0.0
26,22,21,partners,studio,0.0,0.0
26,22,21,partners,assist,2.369000706428935,0.6652661678156815
26,22,21,partners,business,0.0,0.0
26,22,21,case_content,studio,0.0,0.0
26,22,21,case_content,assist,0.5287948005421731,0.14849691245885746
26,22,21,case_content,business,0.0,0.0
26,23,22,founder,studio,0.0,0.0
26,23,22,founder,assist,6.042663429984536,1.2325350207254897
26,23,22,founder,business,0.0,0.0
26,23,22,partners,studio,0.0,0.0
26,23,22,partners,assist,2.5958199230019185,0.5294749574700367
26,23,22,partners,business,0.0,0.0
26,23,22,case_content,studio,0.0,0.0
26,23,22,case_content,assist,0.5794240899557854,0.11818637443527608
26,23,22,case_content,business,0.0,0.0
26,24,23,founder,studio,0.0,0.0
26,24,23,founder,assist,6.556932658068326,0.8637697616558999
26,24,23,founder,business,0.0,0.0
26,24,23,partners,studio,0.0,0.0
26,24,23,partners,assist,2.8443558730765703,0.3746978538095436
26,24,23,partners,business,0.0,0.0
26,24,23,case_content,studio,0.0,0.0
26,24,23,case_content,assist,0.6349008645260201,0.08363791379677313
26,24,23,case_content,business,0.0,0.0
26,25,24,founder,studio,0.0,0.0
26,25,24,founder,assist,7.114969480031589,0.4541469880871227
26,25,24,founder,business,0.0,0.0
26,25,24,partners,studio,0.0,0.0
26,25,24,partners,assist,3.116687818371136,0.19893752032156187
26,25,24,partners,business,0.0,0.0
26,25,24,case_content,studio,0.0,0.0
26,25,24,case_content,assist,0.6956892451721285,0.044405696500348625
26,25,24,case_content,business,0.0,0.0
26,26,25,founder,studio,0.0,0
26,26,25,founder,assist,7.720498797481087,0
26,26,25,founder,business,0.0,0
26,26,25,partners,studio,0.0,0
26,26,25,partners,assist,3.415094098853478,0
26,26,25,partners,business,0.0,0
26,26,25,case_content,studio,0.0,0
26,26,25,case_content,assist,0.7622977899226515,0
26,26,25,case_content,business,0.0,0
27,2,1,founder,studio,0.0,0.0
27,2,1,founder,assist,1.021968658990677,3.778031341009325
27,2,1,founder,business,0.0,0.0
27,2,1,partners,studio,0.0,0.0
27,2,1,partners,assist,0.3576890306467366,1.3223109693532633
27,2,1,partners,business,0.0,0.0
27,2,1,case_content,studio,0.0,0.0
27,2,1,case_content,assist,0.07984130148364658,0.29515869851635346
27,2,1,case_content,business,0.0,0.0
27,3,2,founder,studio,0.0,0.0
27,3,2,founder,assist,1.1089447150749892,3.7870552849250116
27,3,2,founder,business,0.0,0.0
27,3,2,partners,studio,0.0,0.0
27,3,2,partners,assist,0.39193585272993464,1.338464147270065
27,3,2,partners,business,0.0,0.0
27,3,2,case_content,studio,0.0,0.0
27,3,2,case_content,assist,0.08748568141293188,0.2987643185870682
27,3,2,case_content,business,0.0,0.0
27,4,3,founder,studio,0.0,0.0
27,4,3,founder,assist,1.203322988698392,3.790597011301608
27,4,3,founder,business,0.0,0.0
27,4,3,partners,studio,0.0,0.0
27,4,3,partners,assist,0.4294616258636519,1.3528503741363482
27,4,3,partners,business,0.0,0.0
27,4,3,case_content,studio,0.0,0.0
27,4,3,case_content,assist,0.09586197005885091,0.3019755299411491
27,4,3,case_content,business,0.0,0.0
27,5,4,founder,studio,0.0,0.0
27,5,4,founder,assist,1.30573345582166,3.7880649441783416
27,5,4,founder,business,0.0,0.0
27,5,4,partners,studio,0.0,0.0
27,5,4,partners,assist,0.4705802921697464,1.3652010678302542
27,5,4,partners,business,0.0,0.0
27,5,4,case_content,studio,0.0,0.0
27,5,4,case_content,assist,0.1050402437878898,0.30473238121211016
27,5,4,case_content,business,0.0,0.0
27,6,5,founder,studio,0.0,0.0
27,6,5,founder,assist,1.4168597073809495,3.778814660619049
27,6,5,founder,business,0.0,0.0
27,6,5,partners,studio,0.0,0.0
27,6,5,partners,assist,0.515635852058339,1.375218948741661
27,6,5,partners,business,0.0,0.0
27,6,5,case_content,studio,0.0,0.0
27,6,5,case_content,assist,0.11509728840587932,0.3069685153441209
27,6,5,case_content,business,0.0,0.0
27,7,6,founder,studio,0.0,0.0
27,7,6,founder,assist,1.5374435122644354,3.762144343095565
27,7,6,founder,business,0.0,0.0
27,7,6,partners,studio,0.0,0.0
27,7,6,partners,assist,0.5650052421490311,1.3825752026749687
27,7,6,partners,business,0.0,0.0
27,7,6,case_content,studio,0.0,0.0
27,7,6,case_content,assist,0.126117241551123,0.30861053631137697
27,7,6,case_content,business,0.0,0.0
27,8,7,founder,studio,0.0,0.0
27,8,7,founder,assist,1.6682897686273654,3.7372898438398345
27,8,7,founder,business,0.0,0.0
27,8,7,partners,studio,0.0,0.0
27,8,7,partners,assist,0.6191014887377682,1.3869063694309522
27,8,7,partners,business,0.0,0.0
27,8,7,case_content,studio,0.0,0.0
27,8,7,case_content,assist,0.1381922965932518,0.3095773146051232
27,8,7,case_content,business,0.0,0.0
27,9,8,founder,studio,0.0,0.0
27,9,8,founder,assist,1.8102718765956514,3.7034193281208925
27,9,8,founder,business,0.0,0.0
27,9,8,partners,studio,0.0,0.0
27,9,8,partners,assist,0.6783771631913841,1.3878109307223971
27,9,8,partners,business,0.0,0.0
27,9,8,case_content,studio,0.0,0.0
27,9,8,case_content,assist,0.15142347392664832,0.3097792256076782
27,9,8,case_content,business,0.0,0.0
27,10,9,founder,studio,0.0,0.0
27,10,9,founder,assist,1.9643375682208142,3.6596274605900616
27,10,9,founder,business,0.0,0.0
27,10,9,partners,studio,0.0,0.0
27,10,9,partners,assist,0.7433281681777932,1.3848455685534016
27,10,9,partners,business,0.0,0.0
27,10,9,case_content,studio,0.0,0.0
27,10,9,case_content,assist,0.1659214661111146,0.3091173144092415
27,10,9,case_content,business,0.0,0.0
27,11,10,founder,studio,0.0,0.0
27,11,10,founder,assist,2.131515233601309,3.604929095785784
27,11,10,founder,business,0.0,0.0
27,11,10,partners,studio,0.0,0.0
27,11,10,partners,assist,0.8144978864075823,1.3775210624255494
27,11,10,partners,business,0.0,0.0
27,11,10,case_content,studio,0.0,0.0
27,11,10,case_content,assist,0.18180756393026387,0.30748238000570294
27,11,10,case_content,business,0.0,0.0
27,12,11,founder,studio,0.0,0.0
27,12,11,founder,assist,2.3129207853971656,3.538252430577671
27,12,11,founder,business,0.0,0.0
27,12,11,partners,studio,0.0,0.0
27,12,11,partners,assist,0.8924817265955424,1.3652977907025836
27,12,11,partners,business,0.0,0.0
27,12,11,case_content,studio,0.0,0.0
27,12,11,case_content,assist,0.19921467111507637,0.30475397113896946
27,12,11,case_content,business,0.0,0.0
27,13,12,founder,studio,0.0,0.0
27,13,12,founder,assist,2.509765107558626,3.458431572735706
27,13,12,founder,business,0.0,0.0
27,13,12,partners,studio,0.0,0.0
27,13,12,partners,assist,0.9779321046738387,1.3475807981432302
27,13,12,partners,business,0.0,0.0
27,13,12,case_content,studio,0.0,0.0
27,13,12,case_content,assist,0.218288416221839,0.30079928529982813
27,13,12,case_content,business,0.0,0.0
27,14,13,founder,studio,0.0,0.0
27,14,13,founder,assist,2.7233621379891466,3.3641984759110715
27,14,13,founder,business,0.0,0.0
27,14,13,partners,studio,0.0,0.0
27,14,13,partners,assist,1.0715639019298444,1.3237143879717368
27,14,13,partners,business,0.0,0.0
27,14,13,case_content,studio,0.0,0.0
27,14,13,case_content,assist,0.2391883709664831,0.295471961600834
27,14,13,case_content,business,0.0,0.0
27,15,14,founder,studio,0.0,0.0
27,15,14,founder,assist,2.9551376390946067,3.2541741870836165
27,15,14,founder,business,0.0,0.0
27,15,14,partners,studio,0.0,0.0
27,15,14,partners,assist,1.1741604457316386,1.2929761928669905
27,15,14,partners,business,0.0,0.0
27,15,14,case_content,studio,0.0,0.0
27,15,14,case_content,assist,0.26208938520795494,0.2886107573363818
27,15,14,case_content,business,0.0,0.0
27,16,15,founder,studio,0.0,0.0
27,16,15,founder,assist,3.2066387147622324,3.126859347939555
27,16,15,founder,business,0.0,0.0
27,16,15,partners,studio,0.0,0.0
27,16,15,partners,assist,1.286580062876157,1.2545706748804308
27,16,15,partners,business,0.0,0.0
27,16,15,case_content,studio,0.0,0.0
27,16,15,case_content,assist,0.2871830497491422,0.2800380970715248
27,16,15,case_content,business,0.0,0.0
27,17,16,founder,studio,0.0,0.0
27,17,16,founder,assist,3.4795441372951883,2.9806238866606343
27,17,16,founder,business,0.0,0.0
27,17,16,partners,studio,0.0,0.0
27,17,16,partners,assist,1.4097632603855763,1.2076219995037094
27,17,16,partners,business,0.0,0.0
27,17,16,case_content,studio,0.0,0.0
27,17,16,case_content,assist,0.3146792991932089,0.26955848203207794
27,17,16,case_content,business,0.0,0.0
27,18,17,founder,studio,0.0,0.0
27,18,17,founder,assist,3.775675553235205,2.8136958311997353
27,18,17,founder,business,0.0,0.0
27,18,17,partners,studio,0.0,0.0
27,18,17,partners,assist,1.5447405938267482,1.1511662238592153
27,18,17,partners,business,0.0,0.0
27,18,17,case_content,studio,0.0,0.0
27,18,17,case_content,assist,0.3448081682648993,0.2569567463971464
27,18,17,case_content,business,0.0,0.0
27,19,18,founder,studio,0.0,0.0
27,19,18,founder,assist,4.097009642872244,2.624149169251396
27,19,18,founder,business,0.0,0.0
27,19,18,partners,studio,0.0,0.0
27,19,18,partners,assist,1.6926412889803732,1.0841427332361695
27,19,18,partners,business,0.0,0.0
27,19,18,case_content,studio,0.0,0.0
27,19,18,case_content,assist,0.37782171629026184,0.241996145811645
27,19,18,case_content,business,0.0,0.0
27,20,19,founder,studio,0.0,0.0
27,20,19,founder,assist,4.445691314606052,2.4098906737600605
27,20,19,founder,business,0.0,0.0
27,20,19,partners,studio,0.0,0.0
27,20,19,partners,assist,1.854702688989132,1.0053848538939067
27,20,19,partners,business,0.0,0.0
27,20,19,case_content,studio,0.0,0.0
27,20,19,case_content,assist,0.4139961359350743,0.22441626202988996
27,20,19,case_content,business,0.0,0.0
27,21,20,founder,studio,0.0,0.0
27,21,20,founder,assist,4.824048022232098,2.1686456059013355
27,21,20,founder,business,0.0,0.0
27,21,20,partners,studio,0.0,0.0
27,21,20,partners,assist,2.0322806060200067,0.9136095631495237
27,21,20,partners,business,0.0,0.0
27,21,20,case_content,studio,0.0,0.0
27,21,20,case_content,assist,0.4536340638437516,0.20393070606016156
27,21,20,case_content,business,0.0,0.0
27,22,21,founder,studio,0.0,0.0
27,22,21,founder,assist,5.234605300719938,1.8979421999761665
27,22,21,founder,business,0.0,0.0
27,22,21,partners,studio,0.0,0.0
27,22,21,partners,assist,2.226860664043199,0.8074062102014176
27,22,21,partners,business,0.0,0.0
27,22,21,case_content,studio,0.0,0.0
27,22,21,case_content,assist,0.4970671125096427,0.18022460049138783
27,22,21,case_content,business,0.0,0.0
27,23,22,founder,studio,0.0,0.0
27,23,22,founder,assist,5.680103624185464,1.595094826524562
27,23,22,founder,business,0.0,0.0
27,23,22,partners,studio,0.0,0.0
27,23,22,partners,assist,2.440070727621803,0.6852241528501518
27,23,22,partners,business,0.0,0.0
27,23,22,case_content,studio,0.0,0.0
27,23,22,case_content,assist,0.5446586445584383,0.1529518198326232
27,23,22,case_content,business,0.0,0.0
27,24,23,founder,studio,0.0,0.0
27,24,23,founder,assist,6.1635166985842265,1.2571857211399995
27,24,23,founder,business,0.0,0.0
27,24,23,partners,studio,0.0,0.0
27,24,23,partners,assist,2.673694520691976,0.5453592061941378
27,24,23,partners,business,0.0,0.0
27,24,23,case_content,studio,0.0,0.0
27,24,23,case_content,assist,0.5968068126544589,0.12173196566833433
27,24,23,case_content,business,0.0,0.0
27,25,24,founder,studio,0.0,0.0
27,25,24,founder,assist,6.6880713112296934,0.8810451568890181
27,25,24,founder,business,0.0,0.0
27,25,24,partners,studio,0.0,0.0
27,25,24,partners,assist,2.929686549268868,0.38593878942383003
27,25,24,partners,business,0.0,0.0
27,25,24,case_content,studio,0.0,0.0
27,25,24,case_content,assist,0.6539478904618008,0.08614705121067634
27,25,24,case_content,business,0.0,0.0
27,26,25,founder,studio,0.0,0.0
27,26,25,founder,assist,7.257268869632221,0.4632299278488652
27,26,25,founder,business,0.0,0.0
27,26,25,partners,studio,0.0,0.0
27,26,25,partners,assist,3.2101884529222695,0.2049056459312087
27,26,25,partners,business,0.0,0.0
27,26,25,case_content,studio,0.0,0.0
27,26,25,case_content,assist,0.7165599225272924,0.04573786739535909
27,26,25,case_content,business,0.0,0.0
27,27,26,founder,studio,0.0,0
27,27,26,founder,assist,7.8749087734307075,0
27,27,26,founder,business,0.0,0
27,27,26,partners,studio,0.0,0
27,27,26,partners,assist,3.5175469218190822,0
27,27,26,partners,business,0.0,0
27,27,26,case_content,studio,0.0,0
27,27,26,case_content,assist,0.785166723620331,0
27,27,26,case_content,business,0.0,0
28,2,1,founder,studio,0.0,0.0
28,2,1,founder,assist,0.9606505394512362,3.8393494605487657
28,2,1,founder,business,0.0,0.0
28,2,1,partners,studio,0.0,0.0
28,2,1,partners,assist,0.3362276888079324,1.3437723111920674
28,2,1,partners,business,0.0,0.0
28,2,1,case_content,studio,0.0,0.0
28,2,1,case_content,assist,0.07505082339462779,0.29994917660537224
28,2,1,case_content,business,0.0,0.0
28,3,2,founder,studio,0.0,0.0
28,3,2,founder,assist,1.0424080321704898,3.853591967829511
28,3,2,founder,business,0.0,0.0
28,3,2,partners,studio,0.0,0.0
28,3,2,partners,assist,0.36841970156613857,1.361980298433861
28,3,2,partners,business,0.0,0.0
28,3,2,case_content,studio,0.0,0.0
28,3,2,case_content,assist,0.08223654052815596,0.3040134594718441
28,3,2,case_content,business,0.0,0.0
28,4,3,founder,studio,0.0,0.0
28,4,3,founder,assist,1.1311236093764885,3.8627963906235117
28,4,3,founder,business,0.0,0.0
28,4,3,partners,studio,0.0,0.0
28,4,3,partners,assist,0.40369392831183276,1.3786180716881673
28,4,3,partners,business,0.0,0.0
28,4,3,case_content,studio,0.0,0.0
28,4,3,case_content,assist,0.09011025185531986,0.30772724814468017
28,4,3,case_content,business,0.0,0.0
28,5,4,founder,studio,0.0,0.0
28,5,4,founder,assist,1.2273894484723604,3.8664089515276414
28,5,4,founder,business,0.0,0.0
28,5,4,partners,studio,0.0,0.0
28,5,4,partners,assist,0.4423454746395616,1.393435885360439
28,5,4,partners,business,0.0,0.0
28,5,4,case_content,studio,0.0,0.0
28,5,4,case_content,assist,0.09873782916061641,0.31103479583938354
28,5,4,case_content,business,0.0,0.0
28,6,5,founder,studio,0.0,0.0
28,6,5,founder,assist,1.3318481249380925,3.8638262430619057
28,6,5,founder,business,0.0,0.0
28,6,5,partners,studio,0.0,0.0
28,6,5,partners,assist,0.4846977009348386,1.4061570998651614
28,6,5,partners,business,0.0,0.0
28,6,5,case_content,studio,0.0,0.0
28,6,5,case_content,assist,0.10819145110152656,0.31387435264847363
28,6,5,case_content,business,0.0,0.0
28,7,6,founder,studio,0.0,0.0
28,7,6,founder,assist,1.4451969015285693,3.854390953831431
28,7,6,founder,business,0.0,0.0
28,7,6,partners,studio,0.0,0.0
28,7,6,partners,assist,0.5311049276200893,1.4164755172039105
28,7,6,partners,business,0.0,0.0
28,7,6,case_content,studio,0.0,0.0
28,7,6,case_content,assist,0.11855020705805562,0.31617757080444436
28,7,6,case_content,business,0.0,0.0
28,8,7,founder,studio,0.0,0.0
28,8,7,founder,assist,1.5681923825097235,3.8373872299574763
28,8,7,founder,business,0.0,0.0
28,8,7,partners,studio,0.0,0.0
28,8,7,partners,assist,0.581955399413502,1.4240524587552184
28,8,7,partners,business,0.0,0.0
28,8,7,case_content,studio,0.0,0.0
28,8,7,case_content,assist,0.1299007587976567,0.3178688524007183
28,8,7,case_content,business,0.0,0.0
28,9,8,founder,studio,0.0,0.0
28,9,8,founder,assist,1.7016555639999122,3.8120356407166316
28,9,8,founder,business,0.0,0.0
28,9,8,partners,studio,0.0,0.0
28,9,8,partners,assist,0.637674533399901,1.4285135605138801
28,9,8,partners,business,0.0,0.0
28,9,8,case_content,studio,0.0,0.0
28,9,8,case_content,assist,0.1423380654910494,0.3188646340432771
28,9,8,case_content,business,0.0,0.0
28,10,9,founder,studio,0.0,0.0
28,10,9,founder,assist,1.8464773141275654,3.7774877146833106
28,10,9,founder,business,0.0,0.0
28,10,9,partners,studio,0.0,0.0
28,10,9,partners,assist,0.6987284780871257,1.4294452586440691
28,10,9,partners,business,0.0,0.0
28,10,9,case_content,studio,0.0,0.0
28,10,9,case_content,assist,0.15596617814444774,0.3190726023759084
28,10,9,case_content,business,0.0,0.0
28,11,10,founder,studio,0.0,0.0
28,11,10,founder,assist,2.00362431958523,3.7328200098018627
28,11,10,founder,business,0.0,0.0
28,11,10,partners,studio,0.0,0.0
28,11,10,partners,assist,0.7656280132231273,1.4263909356100044
28,11,10,partners,business,0.0,0.0
28,11,10,case_content,studio,0.0,0.0
28,11,10,case_content,assist,0.17089911009444803,0.3183908338415188
28,11,10,case_content,business,0.0,0.0
28,12,11,founder,studio,0.0,0.0
28,12,11,founder,assist,2.1741455382733355,3.677027677701501
28,12,11,founder,business,0.0,0.0
28,12,11,partners,studio,0.0,0.0
28,12,11,partners,assist,0.8389328229998099,1.4188466942983162
28,12,11,partners,business,0.0,0.0
28,12,11,case_content,studio,0.0,0.0
28,12,11,case_content,assist,0.1872617908481718,0.31670685140587407
28,12,11,case_content,business,0.0,0.0
28,13,12,founder,studio,0.0,0.0
28,13,12,founder,assist,2.3591792011051083,3.6090174791892236
28,13,12,founder,business,0.0,0.0
28,13,12,partners,studio,0.0,0.0
28,13,12,partners,assist,0.9192561783934085,1.4062567244236606
28,13,12,partners,business,0.0,0.0
28,13,12,case_content,studio,0.0,0.0
28,13,12,case_content,assist,0.20519111124852868,0.3138965902731385
28,13,12,case_content,business,0.0,0.0
28,14,13,founder,studio,0.0,0.0
28,14,13,founder,assist,2.559960409709798,3.52760020419042
28,14,13,founder,business,0.0,0.0
28,14,13,partners,studio,0.0,0.0
28,14,13,partners,assist,1.0072700678140538,1.3880082220875274
28,14,13,partners,business,0.0,0.0
28,14,13,case_content,studio,0.0,0.0
28,14,13,case_content,assist,0.22483706870849413,0.309823263858823
28,14,13,case_content,business,0.0,0.0
28,15,14,founder,studio,0.0,0.0
28,15,14,founder,assist,2.7778293807489303,3.431482445429293
28,15,14,founder,business,0.0,0.0
28,15,14,partners,studio,0.0,0.0
28,15,14,partners,assist,1.1037108189877403,1.3634258196108888
28,15,14,partners,business,0.0,0.0
28,15,14,case_content,studio,0.0,0.0
28,15,14,case_content,assist,0.24636402209547764,0.3043361204488591
28,15,14,case_content,business,0.0,0.0
28,16,15,founder,studio,0.0,0.0
28,16,15,founder,assist,3.0142403918764984,3.319257670825289
28,16,15,founder,business,0.0,0.0
28,16,15,partners,studio,0.0,0.0
28,16,15,partners,assist,1.2093852591035876,1.3317654786530002
28,16,15,partners,business,0.0,0.0
28,16,15,case_content,studio,0.0,0.0
28,16,15,case_content,assist,0.2699520667641937,0.29726908005647334
28,16,15,case_content,business,0.0,0.0
28,17,16,founder,studio,0.0,0.0
28,17,16,founder,assist,3.270771489057477,3.1893965348983455
28,17,16,founder,business,0.0,0.0
28,17,16,partners,studio,0.0,0.0
28,17,16,partners,assist,1.3251774647624417,1.292207795126844
28,17,16,partners,business,0.0,0.0
28,17,16,case_content,studio,0.0,0.0
28,17,16,case_content,assist,0.29579854124161636,0.2884392399836705
28,17,16,case_content,business,0.0,0.0
28,18,17,founder,studio,0.0,0.0
28,18,17,founder,assist,3.5491350200410925,3.0402363643938477
28,18,17,founder,business,0.0,0.0
28,18,17,partners,studio,0.0,0.0
28,18,17,partners,assist,1.4520561581971434,1.2438506594888201
28,18,17,partners,business,0.0,0.0
28,18,17,case_content,studio,0.0,0.0
28,18,17,case_content,assist,0.32411967816900533,0.27764523649304035
28,18,17,case_content,business,0.0,0.0
28,19,18,founder,studio,0.0,0.0
28,19,18,founder,assist,3.8511890642999096,2.8699697478237307
28,19,18,founder,business,0.0,0.0
28,19,18,partners,studio,0.0,0.0
28,19,18,partners,assist,1.591082811641551,1.185701210574992
28,19,18,partners,business,0.0,0.0
28,19,18,case_content,studio,0.0,0.0
28,19,18,case_content,assist,0.35515241331284614,0.26466544878906073
28,19,18,case_content,business,0.0,0.0
28,20,19,founder,studio,0.0,0.0
28,20,19,founder,assist,4.178949835729689,2.6766321526364236
28,20,19,founder,business,0.0,0.0
28,20,19,partners,studio,0.0,0.0
28,20,19,partners,assist,1.743420527649784,1.1166670152332547
28,20,19,partners,business,0.0,0.0
28,20,19,case_content,studio,0.0,0.0
28,20,19,case_content,assist,0.38915636777896984,0.2492560301859944
28,20,19,case_content,business,0.0,0.0
28,21,20,founder,studio,0.0,0.0
28,21,20,founder,assist,4.534605140898172,2.4580884872352615
28,21,20,founder,business,0.0,0.0
28,21,20,partners,studio,0.0,0.0
28,21,20,partners,assist,1.9103437696588064,1.0355463995107241
28,21,20,partners,business,0.0,0.0
28,21,20,case_content,studio,0.0,0.0
28,21,20,case_content,assist,0.4264160200131265,0.23114874989078665
28,21,20,case_content,business,0.0,0.0
28,22,21,founder,studio,0.0,0.0
28,22,21,founder,assist,4.920528982676742,2.212018518019363
28,22,21,founder,business,0.0,0.0
28,22,21,partners,studio,0.0,0.0
28,22,21,partners,assist,2.093249024200607,0.9410178500440095
28,22,21,partners,business,0.0,0.0
28,22,21,case_content,studio,0.0,0.0
28,22,21,case_content,assist,0.46724308575906415,0.21004862724196638
28,22,21,case_content,business,0.0,0.0
28,23,22,founder,studio,0.0,0.0
28,23,22,founder,assist,5.339297406734336,1.9359010439756896
28,23,22,founder,business,0.0,0.0
28,23,22,partners,studio,0.0,0.0
28,23,22,partners,assist,2.293666483964495,0.83162839650746
28,23,22,partners,business,0.0,0.0
28,23,22,case_content,studio,0.0,0.0
28,23,22,case_content,assist,0.511979125884932,0.1856313385061295
28,23,22,case_content,business,0.0,0.0
28,24,23,founder,studio,0.0,0.0
28,24,23,founder,assist,5.793705696669173,1.626996723055053
28,24,23,founder,business,0.0,0.0
28,24,23,partners,studio,0.0,0.0
28,24,23,partners,assist,2.5132728494504573,0.7057808774356563
28,24,23,partners,business,0.0,0.0
28,24,23,case_content,studio,0.0,0.0
28,24,23,case_content,assist,0.5609984038951914,0.15754037442760185
28,24,23,case_content,business,0.0,0.0
28,25,24,founder,studio,0.0,0.0
28,25,24,founder,assist,6.286787032555912,1.2823294355627997
28,25,24,founder,business,0.0,0.0
28,25,24,partners,studio,0.0,0.0
28,25,24,partners,assist,2.753905356312736,0.5617199823799621
28,25,24,partners,business,0.0,0.0
28,25,24,case_content,studio,0.0,0.0
28,25,24,case_content,assist,0.6147110170340927,0.12538392463838438
28,25,24,case_content,business,0.0,0.0
28,26,25,founder,studio,0.0,0.0
28,26,25,founder,assist,6.8218327374542875,0.8986660600267984
28,26,25,founder,business,0.0,0.0
28,26,25,partners,studio,0.0,0.0
28,26,25,partners,assist,3.0175771457469334,0.3975169531065449
28,26,25,partners,business,0.0,0.0
28,26,25,case_content,studio,0.0,0.0
28,26,25,case_content,assist,0.6735663271756549,0.08873146274699663
28,26,25,case_content,business,0.0,0.0
28,27,26,founder,studio,0.0,0.0
28,27,26,founder,assist,7.402414247024865,0.47249452640584244
28,27,26,founder,business,0.0,0.0
28,27,26,partners,studio,0.0,0.0
28,27,26,partners,assist,3.306494106509937,0.21105281530914494
28,27,26,partners,business,0.0,0.0
28,27,26,case_content,studio,0.0,0.0
28,27,26,case_content,assist,0.7380567202031112,0.04711000341721986
28,27,26,case_content,business,0.0,0.0
28,28,27,founder,studio,0.0,0
28,28,27,founder,assist,8.03240694889932,0
28,28,27,founder,business,0.0,0
28,28,27,partners,studio,0.0,0
28,28,27,partners,assist,3.6230733294736552,0
28,28,27,partners,business,0.0,0
28,28,27,case_content,studio,0.0,0
28,28,27,case_content,assist,0.8087217253289409,0
28,28,27,case_content,business,0.0,0
29,2,1,founder,studio,0.0,0.0
29,2,1,founder,assist,0.9030115070841621,3.89698849291584
29,2,1,founder,business,0.0,0.0
29,2,1,partners,studio,0.0,0.0
29,2,1,partners,assist,0.3160540274794565,1.3639459725205434
29,2,1,partners,business,0.0,0.0
29,2,1,case_content,studio,0.0,0.0
29,2,1,case_content,assist,0.07054777399095012,0.3044522260090499
29,2,1,case_content,business,0.0,0.0
29,3,2,founder,studio,0.0,0.0
29,3,2,founder,assist,0.9798635502402604,3.9161364497597404
29,3,2,founder,business,0.0,0.0
29,3,2,partners,studio,0.0,0.0
29,3,2,partners,assist,0.34631451947217023,1.3840854805278293
29,3,2,partners,business,0.0,0.0
29,3,2,case_content,studio,0.0,0.0
29,3,2,case_content,assist,0.0773023480964666,0.30894765190353346
29,3,2,case_content,business,0.0,0.0
29,4,3,founder,studio,0.0,0.0
29,4,3,founder,assist,1.0632561928138993,3.930663807186101
29,4,3,founder,business,0.0,0.0
29,4,3,partners,studio,0.0,0.0
29,4,3,partners,assist,0.3794722926131228,1.4028397073868772
29,4,3,partners,business,0.0,0.0
29,4,3,case_content,studio,0.0,0.0
29,4,3,case_content,assist,0.08470363674400067,0.31313386325599935
29,4,3,case_content,business,0.0,0.0
29,5,4,founder,studio,0.0,0.0
29,5,4,founder,assist,1.1537460815640188,3.940052318435983
29,5,4,founder,business,0.0,0.0
29,5,4,partners,studio,0.0,0.0
29,5,4,partners,assist,0.4158047461611879,1.4199766138388126
29,5,4,partners,business,0.0,0.0
29,5,4,case_content,studio,0.0,0.0
29,5,4,case_content,assist,0.09281355941097942,0.31695906558902054
29,5,4,case_content,business,0.0,0.0
29,6,5,founder,studio,0.0,0.0
29,6,5,founder,assist,1.251937237441807,3.9437371305581914
29,6,5,founder,business,0.0,0.0
29,6,5,partners,studio,0.0,0.0
29,6,5,partners,assist,0.4556158388787483,1.4352389619212518
29,6,5,partners,business,0.0,0.0
29,6,5,case_content,studio,0.0,0.0
29,6,5,case_content,assist,0.10169996403543496,0.3203658397145652
29,6,5,case_content,business,0.0,0.0
29,7,6,founder,studio,0.0,0.0
29,7,6,founder,assist,1.358485087436855,3.9411027679231454
29,7,6,founder,business,0.0,0.0
29,7,6,partners,studio,0.0,0.0
29,7,6,partners,assist,0.499238631962884,1.4483418128611159
29,7,6,partners,business,0.0,0.0
29,7,6,case_content,studio,0.0,0.0
29,7,6,case_content,assist,0.11143719463457229,0.3232905832279277
29,7,6,case_content,business,0.0,0.0
29,8,7,founder,studio,0.0,0.0
29,8,7,founder,assist,1.4741008395591402,3.9314787729080596
29,8,7,founder,business,0.0,0.0
29,8,7,partners,studio,0.0,0.0
29,8,7,partners,assist,0.5470380754486919,1.4589697827200285
29,8,7,partners,business,0.0,0.0
29,8,7,case_content,studio,0.0,0.0
29,8,7,case_content,assist,0.1221067132697973,0.3256628979285777
29,8,7,case_content,business,0.0,0.0
29,9,8,founder,studio,0.0,0.0
29,9,8,founder,assist,1.5995562301599175,3.9141349745566263
29,9,8,founder,business,0.0,0.0
29,9,8,partners,studio,0.0,0.0
29,9,8,partners,assist,0.5994140613959069,1.4667740325178742
29,9,8,partners,business,0.0,0.0
29,9,8,case_content,studio,0.0,0.0
29,9,8,case_content,assist,0.13379778156158645,0.3274049179727401
29,9,8,case_content,business,0.0,0.0
29,10,9,founder,studio,0.0,0.0
29,10,9,founder,assist,1.7356886752799114,3.8882763535309643
29,10,9,founder,business,0.0,0.0
29,10,9,partners,studio,0.0,0.0
29,10,9,partners,assist,0.6568047694018981,1.4713689673292967
29,10,9,partners,business,0.0,0.0
29,10,9,case_content,studio,0.0,0.0
29,10,9,case_content,assist,0.14660820745578088,0.32843057306457524
29,10,9,case_content,business,0.0,0.0
29,11,10,founder,studio,0.0,0.0
29,11,10,founder,assist,1.8834068604101164,3.8530374689769764
29,11,10,founder,business,0.0,0.0
29,11,10,partners,studio,0.0,0.0
29,11,10,partners,assist,0.7196903324297397,1.472328616403392
29,11,10,partners,business,0.0,0.0
29,11,10,case_content,studio,0.0,0.0
29,11,10,case_content,assist,0.16064516348878113,0.32864478044718565
29,11,10,case_content,business,0.0,0.0
29,12,11,founder,studio,0.0,0.0
29,12,11,founder,assist,2.043696805976935,3.8074764099979013
29,12,11,founder,business,0.0,0.0
29,12,11,partners,studio,0.0,0.0
29,12,11,partners,assist,0.7885968536198212,1.4691826636783047
29,12,11,partners,business,0.0,0.0
29,12,11,case_content,studio,0.0,0.0
29,12,11,case_content,assist,0.17602608339728149,0.3279425588567644
29,12,11,case_content,business,0.0,0.0
29,13,12,founder,studio,0.0,0.0
29,13,12,founder,assist,2.2176284490388016,3.75056823125553
29,13,12,founder,business,0.0,0.0
29,13,12,partners,studio,0.0,0.0
29,13,12,partners,assist,0.8641008076898039,1.461412095127265
29,13,12,partners,business,0.0,0.0
29,13,12,case_content,studio,0.0,0.0
29,13,12,case_content,assist,0.19287964457361695,0.3262080569480502
29,13,12,case_content,business,0.0,0.0
29,14,13,founder,studio,0.0,0.0
29,14,13,founder,assist,2.40636278512721,3.681197828773008
29,14,13,founder,business,0.0,0.0
29,14,13,partners,studio,0.0,0.0
29,14,13,partners,assist,0.9468338637452106,1.4484444261563707
29,14,13,partners,business,0.0,0.0
29,14,13,case_content,studio,0.0,0.0
29,14,13,case_content,assist,0.2113468445859845,0.32331348798133264
29,14,13,case_content,business,0.0,0.0
29,15,14,founder,studio,0.0,0.0
29,15,14,founder,assist,2.6111596179039944,3.5981522082742288
29,15,14,founder,business,0.0,0.0
29,15,14,partners,studio,0.0,0.0
29,15,14,partners,assist,1.037488169848476,1.4296484687501532
29,15,14,partners,business,0.0,0.0
29,15,14,case_content,studio,0.0,0.0
29,15,14,case_content,assist,0.23158218076974899,0.3191179617745878
29,15,14,case_content,business,0.0,0.0
29,16,15,founder,studio,0.0,0.0
29,16,15,founder,assist,2.8333859683639084,3.500112094337879
29,16,15,founder,business,0.0,0.0
29,16,15,partners,studio,0.0,0.0
29,16,15,partners,assist,1.1368221435573724,1.4043285941992154
29,16,15,partners,business,0.0,0.0
29,16,15,case_content,studio,0.0,0.0
29,16,15,case_content,assist,0.2537549427583421,0.31346620406232495
29,16,15,case_content,business,0.0,0.0
29,17,16,founder,studio,0.0,0.0
29,17,16,founder,assist,3.0745251997140284,3.385642824241794
29,17,16,founder,business,0.0,0.0
29,17,16,partners,studio,0.0,0.0
29,17,16,partners,assist,1.2456668168766951,1.3717184430125906
29,17,16,partners,business,0.0,0.0
29,17,16,case_content,studio,0.0,0.0
29,17,16,case_content,assist,0.2780506287671194,0.30618715245816747
29,17,16,case_content,business,0.0,0.0
29,18,17,founder,studio,0.0,0.0
29,18,17,founder,assist,3.336186918838627,3.253184465596313
29,18,17,founder,business,0.0,0.0
29,18,17,partners,studio,0.0,0.0
29,18,17,partners,assist,1.3649327887053149,1.3309740289806486
29,18,17,partners,business,0.0,0.0
29,18,17,case_content,studio,0.0,0.0
29,18,17,case_content,assist,0.304672497478865,0.2970924171831807
29,18,17,case_content,business,0.0,0.0
29,19,18,founder,studio,0.0,0.0
29,19,18,founder,assist,3.620117720441915,3.1010410916817253
29,19,18,founder,business,0.0,0.0
29,19,18,partners,studio,0.0,0.0
29,19,18,partners,assist,1.495617842943058,1.281166179273485
29,19,18,partners,business,0.0,0.0
29,19,18,case_content,studio,0.0,0.0
29,19,18,case_content,assist,0.33384326851407536,0.2859745935878315
29,19,18,case_content,business,0.0,0.0
29,20,19,founder,studio,0.0,0.0
29,20,19,founder,assist,3.9282128455859078,2.927369142780205
29,20,19,founder,business,0.0,0.0
29,20,19,partners,studio,0.0,0.0
29,20,19,partners,assist,1.6388152959907971,1.2212722468922417
29,20,19,partners,business,0.0,0.0
29,20,19,case_content,studio,0.0,0.0
29,20,19,case_content,assist,0.36580698571223164,0.2726054122527326
29,20,19,case_content,business,0.0,0.0
29,21,20,founder,studio,0.0,0.0
29,21,20,founder,assist,4.262528832444282,2.7301647956891517
29,21,20,founder,business,0.0,0.0
29,21,20,partners,studio,0.0,0.0
29,21,20,partners,assist,1.795723143479278,1.1501670256902525
29,21,20,partners,business,0.0,0.0
29,21,20,case_content,studio,0.0,0.0
29,21,20,case_content,assist,0.40083105881233894,0.2567337110915742
29,21,20,case_content,business,0.0,0.0
29,22,21,founder,studio,0.0,0.0
29,22,21,founder,assist,4.625297243716137,2.5072502569799675
29,22,21,founder,business,0.0,0.0
29,22,21,partners,studio,0.0,0.0
29,22,21,partners,assist,1.9676540827485707,1.066612791496046
29,22,21,partners,business,0.0,0.0
29,22,21,case_content,studio,0.0,0.0
29,22,21,case_content,assist,0.4392085006135203,0.23808321238751023
29,22,21,case_content,business,0.0,0.0
29,23,22,founder,studio,0.0,0.0
29,23,22,founder,assist,5.018939562330276,2.2562588883797496
29,23,22,founder,business,0.0,0.0
29,23,22,partners,studio,0.0,0.0
29,23,22,partners,assist,2.1560464949266254,0.9692483855453298
29,23,22,partners,business,0.0,0.0
29,23,22,case_content,studio,0.0,0.0
29,23,22,case_content,assist,0.4812603783318361,0.21635008605922543
29,23,22,case_content,business,0.0,0.0
29,24,23,founder,studio,0.0,0.0
29,24,23,founder,assist,5.446083354869023,1.9746190648552036
29,24,23,founder,business,0.0,0.0
29,24,23,partners,studio,0.0,0.0
29,24,23,partners,assist,2.36247647848343,0.8565772484026838
29,24,23,partners,business,0.0,0.0
29,24,23,case_content,studio,0.0,0.0
29,24,23,case_content,assist,0.5273384996614799,0.19120027866131334
29,24,23,case_content,business,0.0,0.0
29,25,24,founder,studio,0.0,0.0
29,25,24,founder,assist,5.909579810602557,1.6595366575161543
29,25,24,founder,business,0.0,0.0
29,25,24,partners,studio,0.0,0.0
29,25,24,partners,assist,2.588671034933972,0.7269543037587263
29,25,24,partners,business,0.0,0.0
29,25,24,case_content,studio,0.0,0.0
29,25,24,case_content,assist,0.5778283560120472,0.16226658566042995
29,25,24,case_content,business,0.0,0.0
29,26,25,founder,studio,0.0,0.0
29,26,25,founder,assist,6.41252277320703,1.3079760242740557
29,26,25,founder,business,0.0,0.0
29,26,25,partners,studio,0.0,0.0
29,26,25,partners,assist,2.8365225170021175,0.5785715818513608
29,26,25,partners,business,0.0,0.0
29,26,25,case_content,studio,0.0,0.0
29,26,25,case_content,assist,0.6331523475451156,0.12914544237753592
29,26,25,case_content,business,0.0,0.0
29,27,26,founder,studio,0.0,0.0
29,27,26,founder,assist,6.958269392203373,0.9166393812273343
29,27,26,founder,business,0.0,0.0
29,27,26,partners,studio,0.0,0.0
29,27,26,partners,assist,3.108104460119341,0.4094424616997412
29,27,26,partners,business,0.0,0.0
29,27,26,case_content,studio,0.0,0.0
29,27,26,case_content,assist,0.6937733169909245,0.09139340662940654
29,27,26,case_content,business,0.0,0.0
29,28,27,founder,studio,0.0,0.0
29,28,27,founder,assist,7.550462531965361,0.4819444169339592
29,28,27,founder,business,0.0,0.0
29,28,27,partners,studio,0.0,0.0
29,28,27,partners,assist,3.405688929705236,0.2173843997684193
29,28,27,partners,business,0.0,0.0
29,28,27,case_content,studio,0.0,0.0
29,28,27,case_content,assist,0.7601984218092045,0.04852330351973645
29,28,27,case_content,business,0.0,0.0
29,29,28,founder,studio,0.0,0
29,29,28,founder,assist,8.193055087877308,0
29,29,28,founder,business,0.0,0
29,29,28,partners,studio,0.0,0
29,29,28,partners,assist,3.7317655293578653,0
29,29,28,partners,business,0.0,0
29,29,28,case_content,studio,0.0,0
29,29,28,case_content,assist,0.8329833770888093,0
29,29,28,case_content,business,0.0,0
30,2,1,founder,studio,0.0,0.0
30,2,1,founder,assist,0.8488308166591124,3.9511691833408897
30,2,1,founder,business,0.0,0.0
30,2,1,partners,studio,0.0,0.0
30,2,1,partners,assist,0.2970907858306891,1.3829092141693107
30,2,1,partners,business,0.0,0.0
30,2,1,case_content,studio,0.0,0.0
30,2,1,case_content,assist,0.06631490755149311,0.30868509244850695
30,2,1,case_content,business,0.0,0.0
30,3,2,founder,studio,0.0,0.0
30,3,2,founder,assist,0.9210717372258448,3.974928262774156
30,3,2,founder,business,0.0,0.0
30,3,2,partners,studio,0.0,0.0
30,3,2,partners,assist,0.32553564830384,1.4048643516961594
30,3,2,partners,business,0.0,0.0
30,3,2,case_content,studio,0.0,0.0
30,3,2,case_content,assist,0.07266420721067861,0.31358579278932147
30,3,2,case_content,business,0.0,0.0
30,4,3,founder,studio,0.0,0.0
30,4,3,founder,assist,0.9994608212450653,3.994459178754935
30,4,3,founder,business,0.0,0.0
30,4,3,partners,studio,0.0,0.0
30,4,3,partners,assist,0.35670395505633545,1.4256080449436646
30,4,3,partners,business,0.0,0.0
30,4,3,case_content,studio,0.0,0.0
30,4,3,case_content,assist,0.07962141853936062,0.3182160814606394
30,4,3,case_content,business,0.0,0.0
30,5,4,founder,studio,0.0,0.0
30,5,4,founder,assist,1.0845213166701777,4.009277083329824
30,5,4,founder,business,0.0,0.0
30,5,4,partners,studio,0.0,0.0
30,5,4,partners,assist,0.39085646139151664,1.444924898608484
30,5,4,partners,business,0.0,0.0
30,5,4,case_content,studio,0.0,0.0
30,5,4,case_content,assist,0.08724474584632065,0.3225278791536793
30,5,4,case_content,business,0.0,0.0
30,6,5,founder,studio,0.0,0.0
30,6,5,founder,assist,1.1768210031952986,4.0188533648047
30,6,5,founder,business,0.0,0.0
30,6,5,partners,studio,0.0,0.0
30,6,5,partners,assist,0.4282788885460234,1.4625759122539768
30,6,5,partners,business,0.0,0.0
30,6,5,case_content,studio,0.0,0.0
30,6,5,case_content,assist,0.09559796619330886,0.32646783755669134
30,6,5,case_content,business,0.0,0.0
30,7,6,founder,studio,0.0,0.0
30,7,6,founder,assist,1.2769759821906437,4.022611873169357
30,7,6,founder,business,0.0,0.0
30,7,6,partners,studio,0.0,0.0
30,7,6,partners,assist,0.46928431404511095,1.4782961307788889
30,7,6,partners,business,0.0,0.0
30,7,6,case_content,studio,0.0,0.0
30,7,6,case_content,assist,0.10475096295649795,0.32997681490600206
30,7,6,case_content,business,0.0,0.0
30,8,7,founder,studio,0.0,0.0
30,8,7,founder,assist,1.3856547891855917,4.019924823281608
30,8,7,founder,business,0.0,0.0
30,8,7,partners,studio,0.0,0.0
30,8,7,partners,assist,0.5142157909217704,1.49179206724695
30,8,7,partners,business,0.0,0.0
30,8,7,case_content,studio,0.0,0.0
30,8,7,case_content,assist,0.11478031047360947,0.33298930072476557
30,8,7,case_content,business,0.0,0.0
30,9,8,founder,studio,0.0,0.0
30,9,8,founder,assist,1.5035828563503224,4.010108348366221
30,9,8,founder,business,0.0,0.0
30,9,8,partners,studio,0.0,0.0
30,9,8,partners,assist,0.5634492177121525,1.5027388762016285
30,9,8,partners,business,0.0,0.0
30,9,8,case_content,studio,0.0,0.0
30,9,8,case_content,assist,0.12576991466789125,0.33543278486643524
30,9,8,case_content,business,0.0,0.0
30,10,9,founder,studio,0.0,0.0
30,10,9,founder,assist,1.6315473547631167,3.992417674047759
30,10,9,founder,business,0.0,0.0
30,10,9,partners,studio,0.0,0.0
30,10,9,partners,assist,0.6173964832377843,1.5107772534934105
30,10,9,partners,business,0.0,0.0
30,10,9,case_content,studio,0.0,0.0
30,10,9,case_content,assist,0.13781171500843403,0.3372270655119221
30,10,9,case_content,business,0.0,0.0
30,11,10,founder,studio,0.0,0.0
30,11,10,founder,assist,1.7704024487855095,3.9660418806015834
30,11,10,founder,business,0.0,0.0
30,11,10,partners,studio,0.0,0.0
30,11,10,partners,assist,0.6765089124839553,1.5155100363491762
30,11,10,partners,business,0.0,0.0
30,11,10,case_content,studio,0.0,0.0
30,11,10,case_content,assist,0.15100645367945426,0.3382834902565125
30,11,10,case_content,business,0.0,0.0
30,12,11,founder,studio,0.0,0.0
30,12,11,founder,assist,1.921074997618319,3.9300982183565174
30,12,11,founder,business,0.0,0.0
30,12,11,partners,studio,0.0,0.0
30,12,11,partners,assist,0.7412810424026319,1.516498474895494
30,12,11,partners,business,0.0,0.0
30,12,11,case_content,studio,0.0,0.0
30,12,11,case_content,assist,0.1654645183934446,0.33850412386060125
30,12,11,case_content,business,0.0,0.0
30,13,12,founder,studio,0.0,0.0
30,13,12,founder,assist,2.0845707420964734,3.8836259381978584
30,13,12,founder,business,0.0,0.0
30,13,12,partners,studio,0.0,0.0
30,13,12,partners,assist,0.8122547592284157,1.5132581435886534
30,13,12,partners,business,0.0,0.0
30,13,12,case_content,studio,0.0,0.0
30,13,12,case_content,assist,0.18130686589919992,0.33778083562246725
30,13,12,case_content,business,0.0,0.0
30,14,13,founder,studio,0.0,0.0
30,14,13,founder,assist,2.2619810180195774,3.8255795958806407
30,14,13,founder,business,0.0,0.0
30,14,13,partners,studio,0.0,0.0
30,14,13,partners,assist,0.8900238319204979,1.5052544579810834
30,14,13,partners,business,0.0,0.0
30,14,13,case_content,studio,0.0,0.0
30,14,13,case_content,assist,0.19866603391082543,0.3359942986564917
30,14,13,case_content,business,0.0,0.0
30,15,14,founder,studio,0.0,0.0
30,15,14,founder,assist,2.454490040829755,3.754821785348468
30,15,14,founder,business,0.0,0.0
30,15,14,partners,studio,0.0,0.0
30,15,14,partners,assist,0.9752388796575674,1.4918977589410618
30,15,14,partners,business,0.0,0.0
30,15,14,case_content,studio,0.0,0.0
30,15,14,case_content,assist,0.21768724992356406,0.3330128926207727
30,15,14,case_content,business,0.0,0.0
30,16,15,founder,studio,0.0,0.0
30,16,15,founder,assist,2.663382810262074,3.6701152524397136
30,16,15,founder,business,0.0,0.0
30,16,15,partners,studio,0.0,0.0
30,16,15,partners,assist,1.06861281494393,1.4725379228126578
30,16,15,partners,business,0.0,0.0
30,16,15,case_content,studio,0.0,0.0
30,16,15,case_content,assist,0.23852964619284156,0.3286915006278255
30,16,15,case_content,business,0.0,0.0
30,17,16,founder,studio,0.0,0.0
30,17,16,founder,assist,2.8900536877311866,3.570114336224636
30,17,16,founder,business,0.0,0.0
30,17,16,partners,studio,0.0,0.0
30,17,16,partners,assist,1.1709268078640933,1.4464584520251924
30,17,16,partners,business,0.0,0.0
30,17,16,case_content,studio,0.0,0.0
30,17,16,case_content,assist,0.26136759104109225,0.3228701901841946
30,17,16,case_content,business,0.0,0.0
30,18,17,founder,studio,0.0,0.0
30,18,17,founder,assist,3.1360157037083094,3.453355680726631
30,18,17,founder,business,0.0,0.0
30,18,17,partners,studio,0.0,0.0
30,18,17,partners,assist,1.283036821382996,1.4128699963029676
30,18,17,partners,business,0.0,0.0
30,18,17,case_content,studio,0.0,0.0
30,18,17,case_content,assist,0.2863921476301331,0.3153727670319126
30,18,17,case_content,business,0.0,0.0
30,19,18,founder,studio,0.0,0.0
30,19,18,founder,assist,3.4029106572154,3.31824815490824
30,19,18,founder,business,0.0,0.0
30,19,18,partners,studio,0.0,0.0
30,19,18,partners,assist,1.4058807723664746,1.3709032498500684
30,19,18,partners,business,0.0,0.0
30,19,18,case_content,studio,0.0,0.0
30,19,18,case_content,assist,0.31381267240323085,0.306005189698676
30,19,18,case_content,business,0.0,0.0
30,20,19,founder,studio,0.0,0.0
30,20,19,founder,assist,3.692520074850753,3.1630619135153597
30,20,19,founder,business,0.0,0.0
30,20,19,partners,studio,0.0,0.0
30,20,19,partners,assist,1.5404863782313494,1.3196011646516894
30,20,19,partners,business,0.0,0.0
30,20,19,case_content,studio,0.0,0.0
30,20,19,case_content,assist,0.34385856656949776,0.2945538313954665
30,20,19,case_content,business,0.0,0.0
30,21,20,founder,studio,0.0,0.0
30,21,20,founder,assist,4.006777102497625,2.9859165256358087
30,21,20,founder,business,0.0,0.0
30,21,20,partners,studio,0.0,0.0
30,21,20,partners,assist,1.6879797548705213,1.2579104142990092
30,21,20,partners,business,0.0,0.0
30,21,20,case_content,studio,0.0,0.0
30,21,20,case_content,assist,0.3767811952835986,0.28078357462031456
30,21,20,case_content,business,0.0,0.0
30,22,21,founder,studio,0.0,0.0
30,22,21,founder,assist,4.347779409093168,2.7847680916029356
30,22,21,founder,business,0.0,0.0
30,22,21,partners,studio,0.0,0.0
30,22,21,partners,assist,1.8495948377836564,1.1846720364609602
30,22,21,partners,business,0.0,0.0
30,22,21,case_content,studio,0.0,0.0
30,22,21,case_content,assist,0.4128559905767091,0.26443572242432145
30,22,21,case_content,business,0.0,0.0
30,23,22,founder,studio,0.0,0.0
30,23,22,founder,assist,4.71780318859046,2.557395262119566
30,23,22,founder,business,0.0,0.0
30,23,22,partners,studio,0.0,0.0
30,23,22,partners,assist,2.026683705231028,1.0986111752409273
30,23,22,partners,business,0.0,0.0
30,23,22,case_content,studio,0.0,0.0
30,23,22,case_content,assist,0.45238475563192593,0.2452257087591356
30,23,22,case_content,business,0.0,0.0
30,24,23,founder,studio,0.0,0.0
30,24,23,founder,assist,5.119318353576881,2.301384066147345
30,24,23,founder,business,0.0,0.0
30,24,23,partners,studio,0.0,0.0
30,24,23,partners,assist,2.220727889774424,0.9983258371116895
30,24,23,partners,business,0.0,0.0
30,24,23,case_content,studio,0.0,0.0
30,24,23,case_content,assist,0.49569818968179113,0.22284058864100215
30,24,23,case_content,business,0.0,0.0
30,25,24,founder,studio,0.0,0.0
30,25,24,founder,assist,5.555005021966404,2.0141114461523077
30,25,24,founder,business,0.0,0.0
30,25,24,partners,studio,0.0,0.0
30,25,24,partners,assist,2.4333507728379336,0.8822745658547646
30,25,24,partners,business,0.0,0.0
30,25,24,case_content,studio,0.0,0.0
30,25,24,case_content,assist,0.5431586546513244,0.1969362870211528
30,25,24,case_content,business,0.0,0.0
30,26,25,founder,studio,0.0,0.0
30,26,25,founder,assist,6.027771406814608,1.6927273906664775
30,26,25,founder,business,0.0,0.0
30,26,25,partners,studio,0.0,0.0
30,26,25,partners,assist,2.6663311659819904,0.7487629328714879
30,26,25,partners,business,0.0,0.0
30,26,25,case_content,studio,0.0,0.0
30,26,25,case_content,assist,0.5951632066924086,0.16713458323024286
30,26,25,case_content,business,0.0,0.0
30,27,26,founder,studio,0.0,0.0
30,27,26,founder,assist,6.540773228671171,1.3341355447595367
30,27,26,founder,business,0.0,0.0
30,27,26,partners,studio,0.0,0.0
30,27,26,partners,assist,2.9216181925121805,0.5959287293069017
30,27,26,partners,business,0.0,0.0
30,27,26,case_content,studio,0.0,0.0
30,27,26,case_content,assist,0.6521469179714691,0.133019805648862
30,27,26,case_content,business,0.0,0.0
30,28,27,founder,studio,0.0,0.0
30,28,27,founder,assist,7.09743478004744,0.9349721688518808
30,28,27,founder,business,0.0,0.0
30,28,27,partners,studio,0.0,0.0
30,28,27,partners,assist,3.2013475939229217,0.42172573555073345
30,28,27,partners,business,0.0,0.0
30,28,27,case_content,studio,0.0,0.0
30,28,27,case_content,assist,0.7145865165006522,0.09413520882828871
30,28,27,case_content,business,0.0,0.0
30,29,28,founder,studio,0.0,0.0
30,29,28,founder,assist,7.70147178260467,0.4915833052726385
30,29,28,founder,business,0.0,0.0
30,29,28,partners,studio,0.0,0.0
30,29,28,partners,assist,3.5078595975963935,0.22390593176147192
30,29,28,partners,business,0.0,0.0
30,29,28,case_content,studio,0.0,0.0
30,29,28,case_content,assist,0.7830043744634808,0.049979002625328554
30,29,28,case_content,business,0.0,0.0
30,30,29,founder,studio,0.0,0
30,30,29,founder,assist,8.356916189634855,0
30,30,29,founder,business,0.0,0
30,30,29,partners,studio,0.0,0
30,30,29,partners,assist,3.843718495238601,0
30,30,29,partners,business,0.0,0
30,30,29,case_content,studio,0.0,0
30,30,29,case_content,assist,0.8579728784014736,0
30,30,29,case_content,business,0.0,0
31,2,1,founder,studio,0.0,0.0
31,2,1,founder,assist,0.7979009676595656,4.002099032340436
31,2,1,founder,business,0.0,0.0
31,2,1,partners,studio,0.0,0.0
31,2,1,partners,assist,0.27926533868084774,1.400734661319152
31,2,1,partners,business,0.0,0.0
31,2,1,case_content,studio,0.0,0.0
31,2,1,case_content,assist,0.062336013098403524,0.3126639869015965
31,2,1,case_content,business,0.0,0.0
31,3,2,founder,studio,0.0,0.0
31,3,2,founder,assist,0.8658074329922941,4.030192567007707
31,3,2,founder,business,0.0,0.0
31,3,2,partners,studio,0.0,0.0
31,3,2,partners,assist,0.3060035094056096,1.4243964905943898
31,3,2,partners,business,0.0,0.0
31,3,2,case_content,studio,0.0,0.0
31,3,2,case_content,assist,0.0683043547780379,0.31794564522196217
31,3,2,case_content,business,0.0,0.0
31,4,3,founder,studio,0.0,0.0
31,4,3,founder,assist,0.9394931719703614,4.054426828029639
31,4,3,founder,business,0.0,0.0
31,4,3,partners,studio,0.0,0.0
31,4,3,partners,assist,0.3353017177529553,1.4470102822470448
31,4,3,partners,business,0.0,0.0
31,4,3,case_content,studio,0.0,0.0
31,4,3,case_content,assist,0.07484413342699898,0.32299336657300104
31,4,3,case_content,business,0.0,0.0
31,5,4,founder,studio,0.0,0.0
31,5,4,founder,assist,1.0194500376699671,4.074348362330035
31,5,4,founder,business,0.0,0.0
31,5,4,partners,studio,0.0,0.0
31,5,4,partners,assist,0.36740507370802566,1.468376286291975
31,5,4,partners,business,0.0,0.0
31,5,4,case_content,studio,0.0,0.0
31,5,4,case_content,assist,0.08201006109554142,0.32776256390445857
31,5,4,case_content,business,0.0,0.0
31,6,5,founder,studio,0.0,0.0
31,6,5,founder,assist,1.1062117430035807,4.089462624996418
31,6,5,founder,business,0.0,0.0
31,6,5,partners,studio,0.0,0.0
31,6,5,partners,assist,0.402582155233262,1.488272645566738
31,6,5,partners,business,0.0,0.0
31,6,5,case_content,studio,0.0,0.0
31,6,5,case_content,assist,0.08986208822171032,0.33220371552828987
31,6,5,case_content,business,0.0,0.0
31,7,6,founder,studio,0.0,0.0
31,7,6,founder,assist,1.2003574232592051,4.0992304321007955
31,7,6,founder,business,0.0,0.0
31,7,6,partners,studio,0.0,0.0
31,7,6,partners,assist,0.4411272552024043,1.5064531896215956
31,7,6,partners,business,0.0,0.0
31,7,6,case_content,studio,0.0,0.0
31,7,6,case_content,assist,0.09846590517910808,0.3362618726833919
31,7,6,case_content,business,0.0,0.0
31,8,7,founder,studio,0.0,0.0
31,8,7,founder,assist,1.3025155018344563,4.103064110632744
31,8,7,founder,business,0.0,0.0
31,8,7,partners,studio,0.0,0.0
31,8,7,partners,assist,0.4833628434664642,1.5226450147022563
31,8,7,partners,business,0.0,0.0
31,8,7,case_content,studio,0.0,0.0
31,8,7,case_content,assist,0.1078934918451929,0.3398761193531821
31,8,7,case_content,business,0.0,0.0
31,9,8,founder,studio,0.0,0.0
31,9,8,founder,assist,1.413367884969303,4.100323319747241
31,9,8,founder,business,0.0,0.0
31,9,8,partners,studio,0.0,0.0
31,9,8,partners,assist,0.5296422646494233,1.5365458292643577
31,9,8,partners,business,0.0,0.0
31,9,8,case_content,studio,0.0,0.0
31,9,8,case_content,assist,0.11822371978781777,0.3429789797465087
31,9,8,case_content,business,0.0,0.0
31,10,9,founder,studio,0.0,0.0
31,10,9,founder,assist,1.5336545134773298,4.090310515333546
31,10,9,founder,business,0.0,0.0
31,10,9,partners,studio,0.0,0.0
31,10,9,partners,assist,0.5803526942435172,1.5478210424876775
31,10,9,partners,business,0.0,0.0
31,10,9,case_content,studio,0.0,0.0
31,10,9,case_content,assist,0.12954301210792799,0.34549576841242813
31,10,9,case_content,business,0.0,0.0
31,11,10,founder,studio,0.0,0.0
31,11,10,founder,assist,1.664178301858379,4.072266027528714
31,11,10,founder,business,0.0,0.0
31,11,10,partners,studio,0.0,0.0
31,11,10,partners,assist,0.635918377734918,1.5561005710982136
31,11,10,partners,business,0.0,0.0
31,11,10,case_content,studio,0.0,0.0
31,11,10,case_content,assist,0.14194606645868701,0.34734387747727974
31,11,10,case_content,business,0.0,0.0
31,12,11,founder,studio,0.0,0.0
31,12,11,founder,assist,1.80581049776122,4.0453627182136165
31,12,11,founder,business,0.0,0.0
31,12,11,partners,studio,0.0,0.0
31,12,11,partners,assist,0.696804179858474,1.5609753374396518
31,12,11,partners,business,0.0,0.0
31,12,11,case_content,studio,0.0,0.0
31,12,11,case_content,assist,0.1555366472898379,0.3484319949642079
31,12,11,case_content,business,0.0,0.0
31,13,12,founder,studio,0.0,0.0
31,13,12,founder,assist,1.959496497570685,4.008700182723647
31,13,12,founder,business,0.0,0.0
31,13,12,partners,studio,0.0,0.0
31,13,12,partners,assist,0.7635194736747107,1.5619934291423583
31,13,12,partners,business,0.0,0.0
31,13,12,case_content,studio,0.0,0.0
31,13,12,case_content,assist,0.17042845394524792,0.34865924757641925
31,13,12,case_content,business,0.0,0.0
31,14,13,founder,studio,0.0,0.0
31,14,13,founder,assist,2.126262156938403,3.9612984569618153
31,14,13,founder,business,0.0,0.0
31,14,13,partners,studio,0.0,0.0
31,14,13,partners,assist,0.836622402005268,1.5586558878963133
31,14,13,partners,business,0.0,0.0
31,14,13,case_content,studio,0.0,0.0
31,14,13,case_content,assist,0.18674607187617592,0.34791426069114123
31,14,13,case_content,business,0.0,0.0
31,15,14,founder,studio,0.0,0.0
31,15,14,founder,assist,2.30722063837997,3.9020911877982534
31,15,14,founder,business,0.0,0.0
31,15,14,partners,studio,0.0,0.0
31,15,14,partners,assist,0.9167245468781133,1.5504120917205158
31,15,14,partners,business,0.0,0.0
31,15,14,case_content,studio,0.0,0.0
31,15,14,case_content,assist,0.20462601492815022,0.34607412761618656
31,15,14,case_content,business,0.0,0.0
31,16,15,founder,studio,0.0,0.0
31,16,15,founder,assist,2.5035798416463493,3.829918221055438
31,16,15,founder,business,0.0,0.0
31,16,15,partners,studio,0.0,0.0
31,16,15,partners,assist,1.0044960460472943,1.5366546917092936
31,16,15,partners,business,0.0,0.0
31,16,15,case_content,studio,0.0,0.0
31,16,15,case_content,assist,0.22421786742127106,0.34300327939939596
31,16,15,case_content,business,0.0,0.0
31,17,16,founder,studio,0.0,0.0
31,17,16,founder,assist,2.7166504664673155,3.743517557488507
31,17,16,founder,business,0.0,0.0
31,17,16,partners,studio,0.0,0.0
31,17,16,partners,assist,1.1006711993922478,1.516714060497038
31,17,16,partners,business,0.0,0.0
31,17,16,case_content,studio,0.0,0.0
31,17,16,case_content,assist,0.2456855355786267,0.33855224564666014
31,17,16,case_content,business,0.0,0.0
31,18,17,founder,studio,0.0,0.0
31,18,17,founder,assist,2.947854761485811,3.6415166229491294
31,18,17,founder,business,0.0,0.0
31,18,17,partners,studio,0.0,0.0
31,18,17,partners,assist,1.2060546121000162,1.4898522055859473
31,18,17,partners,business,0.0,0.0
31,18,17,case_content,studio,0.0,0.0
31,18,17,case_content,assist,0.2692086187723251,0.3325562958897206
31,18,17,case_content,business,0.0,0.0
31,19,18,founder,studio,0.0,0.0
31,19,18,founder,assist,3.198736017782476,3.522422794341164
31,19,18,founder,business,0.0,0.0
31,19,18,partners,studio,0.0,0.0
31,19,18,partners,assist,1.321527926024486,1.4552560961920569
31,19,18,partners,business,0.0,0.0
31,19,18,case_content,studio,0.0,0.0
31,19,18,case_content,assist,0.294983912059037,0.32483395004286986
31,19,18,case_content,business,0.0,0.0
31,20,19,founder,studio,0.0,0.0
31,20,19,founder,assist,3.470968870359708,3.384613118006405
31,20,19,founder,business,0.0,0.0
31,20,19,partners,studio,0.0,0.0
31,20,19,partners,assist,1.4480571955374684,1.4120303473455704
31,20,19,partners,business,0.0,0.0
31,20,19,case_content,studio,0.0,0.0
31,20,19,case_content,assist,0.3232270525753279,0.31518534538963633
31,20,19,case_content,business,0.0,0.0
31,21,20,founder,studio,0.0,0.0
31,21,20,founder,assist,3.7663704763477677,3.226323151785666
31,21,20,founder,business,0.0,0.0
31,21,20,partners,studio,0.0,0.0
31,21,20,partners,assist,1.58670096957829,1.3591891995912404
31,21,20,partners,business,0.0,0.0
31,21,20,case_content,studio,0.0,0.0
31,21,20,case_content,assist,0.3541743235665827,0.3033904463373305
31,21,20,case_content,business,0.0,0.0
31,22,21,founder,studio,0.0,0.0
31,22,21,founder,assist,4.086912644547578,3.0456348561485256
31,22,21,founder,business,0.0,0.0
31,22,21,partners,studio,0.0,0.0
31,22,21,partners,assist,1.738619147516637,1.2956477267279796
31,22,21,partners,business,0.0,0.0
31,22,21,case_content,studio,0.0,0.0
31,22,21,case_content,assist,0.3880846311421065,0.289207081858924
31,22,21,case_content,business,0.0,0.0
31,23,22,founder,studio,0.0,0.0
31,23,22,founder,assist,4.434734997275032,2.8404634534349937
31,23,22,founder,business,0.0,0.0
31,23,22,partners,studio,0.0,0.0
31,23,22,partners,assist,1.9050826829171663,1.220212197554789
31,23,22,partners,business,0.0,0.0
31,23,22,case_content,studio,0.0,0.0
31,23,22,case_content,assist,0.4252416702940104,0.27236879409705117
31,23,22,case_content,business,0.0,0.0
31,24,23,founder,studio,0.0,0.0
31,24,23,founder,assist,4.812159252362268,2.608543167361958
31,24,23,founder,business,0.0,0.0
31,24,23,partners,studio,0.0,0.0
31,24,23,partners,assist,2.0874842163879586,1.131569510498155
31,24,23,partners,business,0.0,0.0
31,24,23,case_content,studio,0.0,0.0
31,24,23,case_content,assist,0.46595629830088364,0.25258248002190964
31,24,23,case_content,business,0.0,0.0
31,25,24,founder,studio,0.0,0.0
31,25,24,founder,assist,5.22170472064842,2.347411747470292
31,25,24,founder,business,0.0,0.0
31,25,24,partners,studio,0.0,0.0
31,25,24,partners,assist,2.2873497264676574,1.0282756122250407
31,25,24,partners,business,0.0,0.0
31,25,24,case_content,studio,0.0,0.0
31,25,24,case_content,assist,0.5105691353722449,0.22952580630023225
31,25,24,case_content,business,0.0,0.0
31,26,25,founder,studio,0.0,0.0
31,26,25,founder,assist,5.666105122405732,2.054393675075354
31,26,25,founder,business,0.0,0.0
31,26,25,partners,studio,0.0,0.0
31,26,25,partners,assist,2.506351296023071,0.9087428028304073
31,26,25,partners,business,0.0,0.0
31,26,25,case_content,studio,0.0,0.0
31,26,25,case_content,assist,0.5594534142908641,0.20284437563178737
31,26,25,case_content,business,0.0,0.0
31,27,26,founder,studio,0.0,0.0
31,27,26,founder,assist,6.1483268349509,1.726581938479807
31,27,26,founder,business,0.0,0.0
31,27,26,partners,studio,0.0,0.0
31,27,26,partners,assist,2.74632110096145,0.7712258208576325
31,27,26,partners,business,0.0,0.0
31,27,26,case_content,studio,0.0,0.0
31,27,26,case_content,assist,0.6130181028931809,0.17214862072715015
31,27,26,case_content,business,0.0,0.0
31,28,27,founder,studio,0.0,0.0
31,28,27,founder,assist,6.671588693244593,1.3608182556547272
31,28,27,founder,business,0.0,0.0
31,28,27,partners,studio,0.0,0.0
31,28,27,partners,assist,3.0092667382875464,0.6138065911861088
31,28,27,partners,business,0.0,0.0
31,28,27,case_content,studio,0.0,0.0
31,28,27,case_content,assist,0.6717113255106131,0.13701039981832785
31,28,27,case_content,business,0.0,0.0
31,29,28,founder,studio,0.0,0.0
31,29,28,founder,assist,7.239383475648389,0.9536716122289186
31,29,28,founder,business,0.0,0.0
31,29,28,partners,studio,0.0,0.0
31,29,28,partners,assist,3.29738802174061,0.4343775076172555
31,29,28,partners,business,0.0,0.0
31,29,28,case_content,studio,0.0,0.0
31,29,28,case_content,assist,0.736024111995672,0.0969592650931374
31,29,28,case_content,business,0.0,0.0
31,30,29,founder,studio,0.0,0.0
31,30,29,founder,assist,7.855501218256764,0.5014149713780913
31,30,29,founder,business,0.0,0.0
31,30,29,partners,studio,0.0,0.0
31,30,29,partners,assist,3.6130953855242853,0.23062310971431607
31,30,29,partners,business,0.0,0.0
31,30,29,case_content,studio,0.0,0.0
31,30,29,case_content,assist,0.8064945056973852,0.051478372704088414
31,30,29,case_content,business,0.0,0.0
31,31,30,founder,studio,0.0,0
31,31,30,founder,assist,8.52405451342755,0
31,31,30,founder,business,0.0,0
31,31,30,partners,studio,0.0,0
31,31,30,partners,assist,3.9590300500957603,0
31,31,30,partners,business,0.0,0
31,31,30,case_content,studio,0.0,0
31,31,30,case_content,assist,0.8837120647535178,0
31,31,30,case_content,business,0.0,0
32,2,1,founder,studio,0.0,0.0
32,2,1,founder,assist,0.7500269095999917,4.049973090400011
32,2,1,founder,business,0.0,0.0
32,2,1,partners,studio,0.0,0.0
32,2,1,partners,assist,0.26250941835999686,1.417490581640003
32,2,1,partners,business,0.0,0.0
32,2,1,case_content,studio,0.0,0.0
32,2,1,case_content,assist,0.058595852312499315,0.31640414768750075
32,2,1,case_content,business,0.0,0.0
32,3,2,founder,studio,0.0,0.0
32,3,2,founder,assist,0.8138589870127565,4.082141012987245
32,3,2,founder,business,0.0,0.0
32,3,2,partners,studio,0.0,0.0
32,3,2,partners,assist,0.28764329884127304,1.4427567011587263
32,3,2,partners,business,0.0,0.0
32,3,2,case_content,studio,0.0,0.0
32,3,2,case_content,assist,0.06420609349135561,0.32204390650864445
32,3,2,case_content,business,0.0,0.0
32,4,3,founder,studio,0.0,0.0
32,4,3,founder,assist,0.8831235816521398,4.110796418347861
32,4,3,founder,business,0.0,0.0
32,4,3,partners,studio,0.0,0.0
32,4,3,partners,assist,0.315183614687778,1.4671283853122221
32,4,3,partners,business,0.0,0.0
32,4,3,case_content,studio,0.0,0.0
32,4,3,case_content,assist,0.07035348542137905,0.327484014578621
32,4,3,case_content,business,0.0,0.0
32,5,4,founder,studio,0.0,0.0
32,5,4,founder,assist,0.9582830354097691,4.135515364590233
32,5,4,founder,business,0.0,0.0
32,5,4,partners,studio,0.0,0.0
32,5,4,partners,assist,0.3453607692855441,1.4904205907144565
32,5,4,partners,business,0.0,0.0
32,5,4,case_content,studio,0.0,0.0
32,5,4,case_content,assist,0.07708945742980894,0.33268316757019106
32,5,4,case_content,business,0.0,0.0
32,6,5,founder,studio,0.0,0.0
32,6,5,founder,assist,1.0398390384233658,4.155835329576633
32,6,5,founder,business,0.0,0.0
32,6,5,partners,studio,0.0,0.0
32,6,5,partners,assist,0.3784272259192663,1.5124275748807339
32,6,5,partners,business,0.0,0.0
32,6,5,case_content,studio,0.0,0.0
32,6,5,case_content,assist,0.0844703629284077,0.3375954408215925
32,6,5,case_content,business,0.0,0.0
32,7,6,founder,studio,0.0,0.0
32,7,6,founder,assist,1.1283359778636528,4.171251877496347
32,7,6,founder,business,0.0,0.0
32,7,6,partners,studio,0.0,0.0
32,7,6,partners,assist,0.41465961989026007,1.5329208249337398
32,7,6,partners,business,0.0,0.0
32,7,6,case_content,studio,0.0,0.0
32,7,6,case_content,assist,0.09255795086836159,0.3421698269941384
32,7,6,case_content,business,0.0,0.0
32,8,7,founder,studio,0.0,0.0
32,8,7,founder,assist,1.224364571724389,4.181215040742811
32,8,7,founder,business,0.0,0.0
32,8,7,partners,studio,0.0,0.0
32,8,7,partners,assist,0.4543610728584763,1.5516467853102442
32,8,7,partners,business,0.0,0.0
32,8,7,case_content,studio,0.0,0.0
32,8,7,case_content,assist,0.10141988233448132,0.3463497288638937
32,8,7,case_content,business,0.0,0.0
32,9,8,founder,studio,0.0,0.0
32,9,8,founder,assist,1.3285658118711448,4.185125392845399
32,9,8,founder,business,0.0,0.0
32,9,8,partners,studio,0.0,0.0
32,9,8,partners,assist,0.4978637287704579,1.5683243651433232
32,9,8,partners,business,0.0,0.0
32,9,8,case_content,studio,0.0,0.0
32,9,8,case_content,assist,0.11113029660054871,0.3500724029337778
32,9,8,case_content,business,0.0,0.0
32,10,9,founder,studio,0.0,0.0
32,10,9,founder,assist,1.44163524266869,4.182329786142186
32,10,9,founder,business,0.0,0.0
32,10,9,partners,studio,0.0,0.0
32,10,9,partners,assist,0.5455315325889062,1.5826422041422885
32,10,9,partners,business,0.0,0.0
32,10,9,case_content,studio,0.0,0.0
32,10,9,case_content,assist,0.12177043138145231,0.3532683491389038
32,10,9,case_content,business,0.0,0.0
32,11,10,founder,studio,0.0,0.0
32,11,10,founder,assist,1.564327603746876,4.172116725640217
32,11,10,founder,business,0.0,0.0
32,11,10,partners,studio,0.0,0.0
32,11,10,partners,assist,0.5977632750708229,1.5942556737623088
32,11,10,partners,business,0.0,0.0
32,11,10,case_content,studio,0.0,0.0
32,11,10,case_content,assist,0.1334293024711658,0.35586064146480095
32,11,10,case_content,business,0.0,0.0
32,12,11,founder,studio,0.0,0.0
32,12,11,founder,assist,1.6974618678955466,4.153711348079289
32,12,11,founder,business,0.0,0.0
32,12,11,partners,studio,0.0,0.0
32,12,11,partners,assist,0.6549959290669656,1.6027835882311603
32,12,11,partners,business,0.0,0.0
32,12,11,case_content,studio,0.0,0.0
32,12,11,case_content,assist,0.14620444845244762,0.3577641938015982
32,12,11,case_content,business,0.0,0.0
32,13,12,founder,studio,0.0,0.0
32,13,12,founder,assist,1.8419267077164438,4.126269972577888
32,13,12,founder,business,0.0,0.0
32,13,12,partners,studio,0.0,0.0
32,13,12,partners,assist,0.7177083052542281,1.607804597562841
32,13,12,partners,business,0.0,0.0
32,13,12,case_content,studio,0.0,0.0
32,13,12,case_content,assist,0.16020274670853304,0.35888495481313415
32,13,12,case_content,business,0.0,0.0
32,14,13,founder,studio,0.0,0.0
32,14,13,founder,assist,1.9986864275220986,4.08887418637812
32,14,13,founder,business,0.0,0.0
32,14,13,partners,studio,0.0,0.0
32,14,13,partners,assist,0.786425057884952,1.6088532320166293
32,14,13,partners,business,0.0,0.0
32,14,13,case_content,studio,0.0,0.0
32,14,13,case_content,assist,0.17554130756360536,0.3591190250037118
32,14,13,case_content,business,0.0,0.0
32,15,14,founder,studio,0.0,0.0
32,15,14,founder,assist,2.1687874000771714,4.040524426101052
32,15,14,founder,business,0.0,0.0
32,15,14,partners,studio,0.0,0.0
32,15,14,partners,assist,0.8617210740654265,1.6054155645332024
32,15,14,partners,business,0.0,0.0
32,15,14,case_content,studio,0.0,0.0
32,15,14,case_content,assist,0.1923484540324612,0.35835168851187554
32,15,14,case_content,business,0.0,0.0
32,16,15,founder,studio,0.0,0.0
32,16,15,founder,assist,2.353365051147568,3.9801330115542193
32,16,15,founder,business,0.0,0.0
32,16,15,partners,studio,0.0,0.0
32,16,15,partners,assist,0.9442262832844566,1.5969244544721313
32,16,15,partners,business,0.0,0.0
32,16,15,case_content,studio,0.0,0.0
32,16,15,case_content,assist,0.2107647953759948,0.3564563514446722
32,16,15,case_content,business,0.0,0.0
32,17,16,founder,studio,0.0,0.0
32,17,16,founder,assist,2.5536514384792763,3.9065165854765462
32,17,16,founder,business,0.0,0.0
32,17,16,partners,studio,0.0,0.0
32,17,16,partners,assist,1.0346309274287129,1.5827543324605728
32,17,16,partners,business,0.0,0.0
32,17,16,case_content,studio,0.0,0.0
32,17,16,case_content,assist,0.2309444034439091,0.35329337778137776
32,17,16,case_content,business,0.0,0.0
32,18,17,founder,studio,0.0,0.0
32,18,17,founder,assist,2.7709834757966623,3.818387908638278
32,18,17,founder,business,0.0,0.0
32,18,17,partners,studio,0.0,0.0
32,18,17,partners,assist,1.1336913353740152,1.5622154823119483
32,18,17,partners,business,0.0,0.0
32,18,17,case_content,studio,0.0,0.0
32,18,17,case_content,assist,0.2530561016459856,0.3487088130160601
32,18,17,case_content,business,0.0,0.0
32,19,18,founder,studio,0.0,0.0
32,19,18,founder,assist,3.0068118567155278,3.7143469554081125
32,19,18,founder,business,0.0,0.0
32,19,18,partners,studio,0.0,0.0
32,19,18,partners,assist,1.2422362504630169,1.534547771753526
32,19,18,partners,business,0.0,0.0
32,19,18,case_content,studio,0.0,0.0
32,19,18,case_content,assist,0.2772848773354948,0.3425329847664121
32,19,18,case_content,business,0.0,0.0
32,20,19,founder,studio,0.0,0.0
32,20,19,founder,assist,3.2627107381381255,3.5928712502279874
32,20,19,founder,business,0.0,0.0
32,20,19,partners,studio,0.0,0.0
32,20,19,partners,assist,1.3611737638052204,1.4989137790778184
32,20,19,partners,business,0.0,0.0
32,20,19,case_content,studio,0.0,0.0
32,20,19,case_content,assist,0.30383342942080827,0.33457896854415603
32,20,19,case_content,business,0.0,0.0
32,21,20,founder,studio,0.0,0.0
32,21,20,founder,assist,3.5403882477669018,3.452305380366532
32,21,20,founder,business,0.0,0.0
32,21,20,partners,studio,0.0,0.0
32,21,20,partners,assist,1.4914989114035926,1.4543912577659377
32,21,20,partners,business,0.0,0.0
32,21,20,case_content,studio,0.0,0.0
32,21,20,case_content,assist,0.33292386415258773,0.3246409057513254
32,21,20,case_content,business,0.0,0.0
32,22,21,founder,studio,0.0,0.0
32,22,21,founder,assist,3.8416978858747233,3.29084961482138
32,22,21,founder,business,0.0,0.0
32,22,21,partners,studio,0.0,0.0
32,22,21,partners,assist,1.6343019986656389,1.3999648755789778
32,22,21,partners,business,0.0,0.0
32,22,21,case_content,studio,0.0,0.0
32,22,21,case_content,assist,0.3647995532735801,0.3124921597274504
32,22,21,case_content,business,0.0,0.0
32,23,22,founder,studio,0.0,0.0
32,23,22,founder,assist,4.16865089743853,3.1065475532714957
32,23,22,founder,business,0.0,0.0
32,23,22,partners,studio,0.0,0.0
32,23,22,partners,assist,1.7907777219421364,1.334517158529819
32,23,22,partners,business,0.0,0.0
32,23,22,case_content,studio,0.0,0.0
32,23,22,case_content,assist,0.39972717007636976,0.2978832943146918
32,23,22,case_content,business,0.0,0.0
32,24,23,founder,studio,0.0,0.0
32,24,23,founder,assist,4.523429697220532,2.8972727225036943
32,24,23,founder,business,0.0,0.0
32,24,23,partners,studio,0.0,0.0
32,24,23,partners,assist,1.962235163404681,1.2568185634814324
32,24,23,partners,business,0.0,0.0
32,24,23,case_content,studio,0.0,0.0
32,24,23,case_content,assist,0.4379989204028306,0.28053985791996267
32,24,23,case_content,business,0.0,0.0
32,25,24,founder,studio,0.0,0.0
32,25,24,founder,assist,4.9084024374095145,2.6607140307091974
32,25,24,founder,business,0.0,0.0
32,25,24,partners,studio,0.0,0.0
32,25,24,partners,assist,2.150108742879598,1.1655165958131002
32,25,24,partners,business,0.0,0.0
32,25,24,case_content,studio,0.0,0.0
32,25,24,case_content,assist,0.47993498724991024,0.26015995442256695
32,25,24,case_content,business,0.0,0.0
32,26,25,founder,studio,0.0,0.0
32,26,25,founder,assist,5.3261388150613875,2.3943599824196977
32,26,25,founder,business,0.0,0.0
32,26,25,partners,studio,0.0,0.0
32,26,25,partners,assist,2.3559702182616866,1.0591238805917915
32,26,25,partners,business,0.0,0.0
32,26,25,case_content,studio,0.0,0.0
32,26,25,case_content,assist,0.5258862094334122,0.23641158048923921
32,26,25,case_content,business,0.0,0.0
32,27,26,founder,studio,0.0,0.0
32,27,26,founder,assist,5.779427224853847,2.0954815485768608
32,27,26,founder,business,0.0,0.0
32,27,26,partners,studio,0.0,0.0
32,27,26,partners,assist,2.581541834903763,0.9360050869153195
32,27,26,partners,business,0.0,0.0
32,27,26,case_content,studio,0.0,0.0
32,27,26,case_content,assist,0.57623701671959,0.208929706900741
32,27,26,case_content,business,0.0,0.0
32,28,27,founder,studio,0.0,0.0
32,28,27,founder,assist,6.271293371649918,1.7611135772494029
32,28,27,founder,business,0.0,0.0
32,28,27,partners,studio,0.0,0.0
32,28,27,partners,assist,2.8287107339902935,0.7943625954833615
32,28,27,partners,business,0.0,0.0
32,28,27,case_content,studio,0.0,0.0
32,28,27,case_content,assist,0.6314086459799763,0.17731307934896465
32,28,27,case_content,business,0.0,0.0
32,29,28,founder,studio,0.0,0.0
32,29,28,founder,assist,6.805020467109486,1.388034620767822
32,29,28,founder,business,0.0,0.0
32,29,28,partners,studio,0.0,0.0
32,29,28,partners,assist,3.0995447404361736,0.6322207889216921
32,29,28,partners,business,0.0,0.0
32,29,28,case_content,studio,0.0,0.0
32,29,28,case_content,assist,0.6918626652759317,0.14112071181287772
32,29,28,case_content,business,0.0,0.0
32,30,29,founder,studio,0.0,0.0
32,30,29,founder,assist,7.384171145161358,0.9727450444734971
32,30,29,founder,business,0.0,0.0
32,30,29,partners,studio,0.0,0.0
32,30,29,partners,assist,3.396309662392828,0.44740883284577315
32,30,29,partners,business,0.0,0.0
32,30,29,case_content,studio,0.0,0.0
32,30,29,case_content,assist,0.7581048353555421,0.09986804304593153
32,30,29,case_content,business,0.0,0.0
32,31,30,founder,studio,0.0,0.0
32,31,30,founder,assist,8.012611242621897,0.511443270805653
32,31,30,founder,business,0.0,0.0
32,31,30,partners,studio,0.0,0.0
32,31,30,partners,assist,3.7214882470900146,0.2375418030057456
32,31,30,partners,business,0.0,0.0
32,31,30,case_content,studio,0.0,0.0
32,31,30,case_content,assist,0.8306893408683067,0.053022723885211065
32,31,30,case_content,business,0.0,0.0
32,32,31,founder,studio,0.0,0
32,32,31,founder,assist,8.694535603696103,0
32,32,31,founder,business,0.0,0
32,32,31,partners,studio,0.0,0
32,32,31,partners,assist,4.077800951598632,0
32,32,31,partners,business,0.0,0
32,32,31,case_content,studio,0.0,0
32,32,31,case_content,assist,0.9102234266961233,0
32,32,31,case_content,business,0.0,0
33,2,1,founder,studio,0.0,0.0
33,2,1,founder,assist,0.7050252950239922,4.094974704976011
33,2,1,founder,business,0.0,0.0
33,2,1,partners,studio,0.0,0.0
33,2,1,partners,assist,0.24675885325839705,1.4332411467416029
33,2,1,partners,business,0.0,0.0
33,2,1,case_content,studio,0.0,0.0
33,2,1,case_content,assist,0.055080101173749355,0.3199198988262507
33,2,1,case_content,business,0.0,0.0
33,3,2,founder,studio,0.0,0.0
33,3,2,founder,assist,0.7650274477919912,4.130972552208011
33,3,2,founder,business,0.0,0.0
33,3,2,partners,studio,0.0,0.0
33,3,2,partners,assist,0.27038470091079664,1.4600152990892028
33,3,2,partners,business,0.0,0.0
33,3,2,case_content,studio,0.0,0.0
33,3,2,case_content,assist,0.06035372788187428,0.3258962721181258
33,3,2,case_content,business,0.0,0.0
33,4,3,founder,studio,0.0,0.0
33,4,3,founder,assist,0.8301361667530114,4.163783833246989
33,4,3,founder,business,0.0,0.0
33,4,3,partners,studio,0.0,0.0
33,4,3,partners,assist,0.29627259780651133,1.4860394021934888
33,4,3,partners,business,0.0,0.0
33,4,3,case_content,studio,0.0,0.0
33,4,3,case_content,assist,0.0661322762960963,0.3317052237039037
33,4,3,case_content,business,0.0,0.0
33,5,4,founder,studio,0.0,0.0
33,5,4,founder,assist,0.900786053285183,4.19301234671482
33,5,4,founder,business,0.0,0.0
33,5,4,partners,studio,0.0,0.0
33,5,4,partners,assist,0.3246391231284115,1.5111422368715892
33,5,4,partners,business,0.0,0.0
33,5,4,case_content,studio,0.0,0.0
33,5,4,case_content,assist,0.0724640899840204,0.33730853501597957
33,5,4,case_content,business,0.0,0.0
33,6,5,founder,studio,0.0,0.0
33,6,5,founder,assist,0.9774486961179638,4.218225671882035
33,6,5,founder,business,0.0,0.0
33,6,5,partners,studio,0.0,0.0
33,6,5,partners,assist,0.35572159236411033,1.5351332084358897
33,6,5,partners,business,0.0,0.0
33,6,5,case_content,studio,0.0,0.0
33,6,5,case_content,assist,0.07940214115270325,0.34266366259729697
33,6,5,case_content,business,0.0,0.0
33,7,6,founder,studio,0.0,0.0
33,7,6,founder,assist,1.0606358191918337,4.2389520361681665
33,7,6,founder,business,0.0,0.0
33,7,6,partners,studio,0.0,0.0
33,7,6,partners,assist,0.38978004269684446,1.5578004021271554
33,7,6,partners,business,0.0,0.0
33,7,6,case_content,studio,0.0,0.0
33,7,6,case_content,assist,0.08700447381625989,0.3477233040462401
33,7,6,case_content,business,0.0,0.0
33,8,7,founder,studio,0.0,0.0
33,8,7,founder,assist,1.1509026974209255,4.254676915046274
33,8,7,founder,business,0.0,0.0
33,8,7,partners,studio,0.0,0.0
33,8,7,partners,assist,0.42709940848696776,1.578908449681753
33,8,7,partners,business,0.0,0.0
33,8,7,case_content,studio,0.0,0.0
33,8,7,case_content,assist,0.09533468939441245,0.3524349218039626
33,8,7,case_content,business,0.0,0.0
33,9,8,founder,studio,0.0,0.0
33,9,8,founder,assist,1.248851863158876,4.264839341557668
33,9,8,founder,business,0.0,0.0
33,9,8,partners,studio,0.0,0.0
33,9,8,partners,assist,0.46799190504423044,1.5981961888695506
33,9,8,partners,business,0.0,0.0
33,9,8,case_content,studio,0.0,0.0
33,9,8,case_content,assist,0.10446247880451578,0.3567402207298107
33,9,8,case_content,business,0.0,0.0
33,10,9,founder,studio,0.0,0.0
33,10,9,founder,assist,1.3551371281085687,4.268827900702307
33,10,9,founder,business,0.0,0.0
33,10,9,partners,studio,0.0,0.0
33,10,9,partners,assist,0.5127996406335719,1.6153740960976228
33,10,9,partners,business,0.0,0.0
33,10,9,case_content,studio,0.0,0.0
33,10,9,case_content,assist,0.11446420549856517,0.36057457502179097
33,10,9,case_content,business,0.0,0.0
33,11,10,founder,studio,0.0,0.0
33,11,10,founder,assist,1.4704679475220634,4.26597638186503
33,11,10,founder,business,0.0,0.0
33,11,10,partners,studio,0.0,0.0
33,11,10,partners,assist,0.5618974785665736,1.6301214702665583
33,11,10,partners,business,0.0,0.0
33,11,10,case_content,studio,0.0,0.0
33,11,10,case_content,assist,0.12542354432289585,0.3638663996130709
33,11,10,case_content,business,0.0,0.0
33,12,11,founder,studio,0.0,0.0
33,12,11,founder,assist,1.5956141558218138,4.255559060153022
33,12,11,founder,business,0.0,0.0
33,12,11,partners,studio,0.0,0.0
33,12,11,partners,assist,0.6156961733229477,1.6420833439751783
33,12,11,partners,business,0.0,0.0
33,12,11,case_content,studio,0.0,0.0
33,12,11,case_content,assist,0.13743218154530076,0.366536460708745
33,12,11,case_content,business,0.0,0.0
33,13,12,founder,studio,0.0,0.0
33,13,12,founder,assist,1.7314111052534573,4.236785575040875
33,13,12,founder,business,0.0,0.0
33,13,12,partners,studio,0.0,0.0
33,13,12,partners,assist,0.6746458069389745,1.6508670958780947
33,13,12,partners,business,0.0,0.0
33,13,12,case_content,studio,0.0,0.0
33,13,12,case_content,assist,0.15059058190602106,0.36849711961564613
33,13,12,case_content,business,0.0,0.0
33,14,13,founder,studio,0.0,0.0
33,14,13,founder,assist,1.8787652418707728,4.208795372029446
33,14,13,founder,business,0.0,0.0
33,14,13,partners,studio,0.0,0.0
33,14,13,partners,assist,0.7392395544118548,1.6560387354897264
33,14,13,partners,business,0.0,0.0
33,14,13,case_content,studio,0.0,0.0
33,14,13,case_content,assist,0.16500882910978903,0.3696515034575281
33,14,13,case_content,business,0.0,0.0
33,15,14,founder,studio,0.0,0.0
33,15,14,founder,assist,2.0386601560725413,4.170651670105682
33,15,14,founder,business,0.0,0.0
33,15,14,partners,studio,0.0,0.0
33,15,14,partners,assist,0.8100178096215009,1.657118828977128
33,15,14,partners,business,0.0,0.0
33,15,14,case_content,studio,0.0,0.0
33,15,14,case_content,assist,0.18080754679051353,0.3698925957538232
33,15,14,case_content,business,0.0,0.0
33,16,15,founder,studio,0.0,0.0
33,16,15,founder,assist,2.212163148078714,4.121334914623073
33,16,15,founder,business,0.0,0.0
33,16,15,partners,studio,0.0,0.0
33,16,15,partners,assist,0.8875727062873892,1.6535780314691986
33,16,15,partners,business,0.0,0.0
33,16,15,case_content,studio,0.0,0.0
33,16,15,case_content,assist,0.1981189076534351,0.3691022391672319
33,16,15,case_content,business,0.0,0.0
33,17,16,founder,studio,0.0,0.0
33,17,16,founder,assist,2.4004323521705198,4.059735671785303
33,17,16,founder,business,0.0,0.0
33,17,16,partners,studio,0.0,0.0
33,17,16,partners,assist,0.9725530717829901,1.6448321881062955
33,17,16,partners,business,0.0,0.0
33,17,16,case_content,studio,0.0,0.0
33,17,16,case_content,assist,0.21708773923727456,0.3671500419880123
33,17,16,case_content,business,0.0,0.0
33,18,17,founder,studio,0.0,0.0
33,18,17,founder,assist,2.6047244672488628,3.984646917186078
33,18,17,founder,business,0.0,0.0
33,18,17,partners,studio,0.0,0.0
33,18,17,partners,assist,1.0656698552515742,1.630236962434389
33,18,17,partners,business,0.0,0.0
33,18,17,case_content,studio,0.0,0.0
33,18,17,case_content,assist,0.23787273554722643,0.36389217911481925
33,18,17,case_content,business,0.0,0.0
33,19,18,founder,studio,0.0,0.0
33,19,18,founder,assist,2.826403145312596,3.894755666811044
33,19,18,founder,business,0.0,0.0
33,19,18,partners,studio,0.0,0.0
33,19,18,partners,assist,1.1677020754352359,1.6090819467813071
33,19,18,partners,business,0.0,0.0
33,19,18,case_content,studio,0.0,0.0
33,19,18,case_content,assist,0.2606477846953651,0.3591700774065418
33,19,18,case_content,business,0.0,0.0
33,20,19,founder,studio,0.0,0.0
33,20,19,founder,assist,3.066948093849838,3.7886338945162747
33,20,19,founder,business,0.0,0.0
33,20,19,partners,studio,0.0,0.0
33,20,19,partners,assist,1.2795033379769072,1.5805842049061316
33,20,19,partners,business,0.0,0.0
33,20,19,case_content,studio,0.0,0.0
33,20,19,case_content,assist,0.2856034236555598,0.3528089743094045
33,20,19,case_content,business,0.0,0.0
33,21,20,founder,studio,0.0,0.0
33,21,20,founder,assist,3.3279649529008877,3.664728675232546
33,21,20,founder,business,0.0,0.0
33,21,20,partners,studio,0.0,0.0
33,21,20,partners,assist,1.402008976719377,1.5438811924501532
33,21,20,partners,business,0.0,0.0
33,21,20,case_content,studio,0.0,0.0
33,21,20,case_content,assist,0.3129484323034325,0.3446163376004807
33,21,20,case_content,business,0.0,0.0
33,22,21,founder,studio,0.0,0.0
33,22,21,founder,assist,3.61119601272224,3.5213514879738637
33,22,21,founder,business,0.0,0.0
33,22,21,partners,studio,0.0,0.0
33,22,21,partners,assist,1.5362438787457005,1.4980229954989162
33,22,21,partners,business,0.0,0.0
33,22,21,case_content,studio,0.0,0.0
33,22,21,case_content,assist,0.34291158007716527,0.33438013292386526
33,22,21,case_content,business,0.0,0.0
33,23,22,founder,studio,0.0,0.0
33,23,22,founder,assist,3.9185318435922185,3.3566666071178073
33,23,22,founder,business,0.0,0.0
33,23,22,partners,studio,0.0,0.0
33,23,22,partners,assist,1.6833310586256083,1.441963821846347
33,23,22,partners,business,0.0,0.0
33,23,22,case_content,studio,0.0,0.0
33,23,22,case_content,assist,0.3757435398717876,0.32186692451927396
33,23,22,case_content,business,0.0,0.0
33,24,23,founder,studio,0.0,0.0
33,24,23,founder,assist,4.2520239153873005,3.1686785043369263
33,24,23,founder,business,0.0,0.0
33,24,23,partners,studio,0.0,0.0
33,24,23,partners,assist,1.8445010536004003,1.3745526732857132
33,24,23,partners,business,0.0,0.0
33,24,23,case_content,studio,0.0,0.0
33,24,23,case_content,assist,0.4117189851786608,0.3068197931441325
33,24,23,case_content,business,0.0,0.0
33,25,24,founder,studio,0.0,0.0
33,25,24,founder,assist,4.6138982911649435,2.9552181769537684
33,25,24,founder,business,0.0,0.0
33,25,24,partners,studio,0.0,0.0
33,25,24,partners,assist,2.0211022183068224,1.294523120385876
33,25,24,partners,business,0.0,0.0
33,25,24,case_content,studio,0.0,0.0
33,25,24,case_content,assist,0.45113888801491564,0.28895605365756155
33,25,24,case_content,business,0.0,0.0
33,26,25,founder,studio,0.0,0.0
33,26,25,founder,assist,5.006570486157704,2.713928311323381
33,26,25,founder,business,0.0,0.0
33,26,25,partners,studio,0.0,0.0
33,26,25,partners,assist,2.2146120051659857,1.2004820936874927
33,26,25,partners,business,0.0,0.0
33,26,25,case_content,studio,0.0,0.0
33,26,25,case_content,assist,0.4943330368674075,0.2679647530552439
33,26,25,case_content,business,0.0,0.0
33,27,26,founder,studio,0.0,0.0
33,27,26,founder,assist,5.432661591362616,2.4422471820680913
33,27,26,founder,business,0.0,0.0
33,27,26,partners,studio,0.0,0.0
33,27,26,partners,assist,2.4266493248095373,1.0908975970095454
33,27,26,partners,business,0.0,0.0
33,27,26,case_content,studio,0.0,0.0
33,27,26,case_content,assist,0.5416627957164146,0.2435039279039164
33,27,26,case_content,business,0.0,0.0
33,28,27,founder,studio,0.0,0.0
33,28,27,founder,assist,5.895015769350923,2.137391179548398
33,28,27,founder,business,0.0,0.0
33,28,27,partners,studio,0.0,0.0
33,28,27,partners,assist,2.658988089950876,0.9640852395227791
33,28,27,partners,business,0.0,0.0
33,28,27,case_content,studio,0.0,0.0
33,28,27,case_content,assist,0.5935241272211776,0.21519759810776323
33,28,27,case_content,business,0.0,0.0
33,29,28,founder,studio,0.0,0.0
33,29,28,founder,assist,6.396719239082917,1.7963358487943912
33,29,28,founder,business,0.0,0.0
33,29,28,partners,studio,0.0,0.0
33,29,28,partners,assist,2.913572056010003,0.8181934733478625
33,29,28,partners,business,0.0,0.0
33,29,28,case_content,studio,0.0,0.0
33,29,28,case_content,assist,0.6503509053593758,0.18263247172943362
33,29,28,case_content,business,0.0,0.0
33,30,29,founder,studio,0.0,0.0
33,30,29,founder,assist,6.941120876451676,1.4157953131831786
33,30,29,founder,business,0.0,0.0
33,30,29,partners,studio,0.0,0.0
33,30,29,partners,assist,3.1925310826492583,0.6511874125893429
33,30,29,partners,business,0.0,0.0
33,30,29,case_content,studio,0.0,0.0
33,30,29,case_content,assist,0.7126185452342095,0.14535433316726404
33,30,29,case_content,business,0.0,0.0
33,31,30,founder,studio,0.0,0.0
33,31,30,founder,assist,7.531854568064584,0.9921999453629669
33,31,30,founder,business,0.0,0.0
33,31,30,partners,studio,0.0,0.0
33,31,30,partners,assist,3.4981989522646137,0.46083109783114645
33,31,30,partners,business,0.0,0.0
33,31,30,case_content,studio,0.0,0.0
33,31,30,case_content,assist,0.7808479804162083,0.10286408433730947
33,31,30,case_content,business,0.0,0.0
33,32,31,founder,studio,0.0,0.0
33,32,31,founder,assist,8.172863467474336,0.5216721362217661
33,32,31,founder,business,0.0,0.0
33,32,31,partners,studio,0.0,0.0
33,32,31,partners,assist,3.8331328945027137,0.2446680570959179
33,32,31,partners,business,0.0,0.0
33,32,31,case_content,studio,0.0,0.0
33,32,31,case_content,assist,0.8556100210943559,0.0546134056017674
33,32,31,case_content,business,0.0,0.0
33,33,32,founder,studio,0.0,0
33,33,32,founder,assist,8.868426315770025,0
33,33,32,founder,business,0.0,0
33,33,32,partners,studio,0.0,0
33,33,32,partners,assist,4.200134980146591,0
33,33,32,partners,business,0.0,0
33,33,32,case_content,studio,0.0,0
33,33,32,case_content,assist,0.9375301294970069,0
33,33,32,case_content,business,0.0,0
34,2,1,founder,studio,0.0,0.0
34,2,1,founder,assist,0.6627237773225527,4.13727622267745
34,2,1,founder,business,0.0,0.0
34,2,1,partners,studio,0.0,0.0
34,2,1,partners,assist,0.23195332206289324,1.4480466779371066
34,2,1,partners,business,0.0,0.0
34,2,1,case_content,studio,0.0,0.0
34,2,1,case_content,assist,0.0517752951033244,0.32322470489667565
34,2,1,case_content,business,0.0,0.0
34,3,2,founder,studio,0.0,0.0
34,3,2,founder,assist,0.7191258009244716,4.17687419907553
34,3,2,founder,business,0.0,0.0
34,3,2,partners,studio,0.0,0.0
34,3,2,partners,assist,0.25416161885614885,1.4762383811438506
34,3,2,partners,business,0.0,0.0
34,3,2,case_content,studio,0.0,0.0
34,3,2,case_content,assist,0.05673250420896182,0.32951749579103823
34,3,2,case_content,business,0.0,0.0
34,4,3,founder,studio,0.0,0.0
34,4,3,founder,assist,0.7803279967478307,4.21359200325217
34,4,3,founder,business,0.0,0.0
34,4,3,partners,studio,0.0,0.0
34,4,3,partners,assist,0.27849624193812067,1.5038157580618796
34,4,3,partners,business,0.0,0.0
34,4,3,case_content,studio,0.0,0.0
34,4,3,case_content,assist,0.062164339718330526,0.3356731602816695
34,4,3,case_content,business,0.0,0.0
34,5,4,founder,studio,0.0,0.0
34,5,4,founder,assist,0.846738890088072,4.247059509911931
34,5,4,founder,business,0.0,0.0
34,5,4,partners,studio,0.0,0.0
34,5,4,partners,assist,0.30516077574070677,1.530620584259294
34,5,4,partners,business,0.0,0.0
34,5,4,case_content,studio,0.0,0.0
34,5,4,case_content,assist,0.06811624458497918,0.3416563804150208
34,5,4,case_content,business,0.0,0.0
34,6,5,founder,studio,0.0,0.0
34,6,5,founder,assist,0.918801774350886,4.276872593649113
34,6,5,founder,business,0.0,0.0
34,6,5,partners,studio,0.0,0.0
34,6,5,partners,assist,0.3343782968222637,1.5564765039777364
34,6,5,partners,business,0.0,0.0
34,6,5,case_content,studio,0.0,0.0
34,6,5,case_content,assist,0.07463801268354106,0.34742779106645916
34,6,5,case_content,business,0.0,0.0
34,7,6,founder,studio,0.0,0.0
34,7,6,founder,assist,0.9969976700403237,4.302590185319676
34,7,6,founder,business,0.0,0.0
34,7,6,partners,studio,0.0,0.0
34,7,6,partners,assist,0.3663932401350338,1.5811872046889661
34,7,6,partners,business,0.0,0.0
34,7,6,case_content,studio,0.0,0.0
34,7,6,case_content,assist,0.0817842053872843,0.3529435724752157
34,7,6,case_content,business,0.0,0.0
34,8,7,founder,studio,0.0,0.0
34,8,7,founder,assist,1.08184853557567,4.32373107689153
34,8,7,founder,business,0.0,0.0
34,8,7,partners,studio,0.0,0.0
34,8,7,partners,assist,0.4014734439777497,1.604534414190971
34,8,7,partners,business,0.0,0.0
34,8,7,case_content,studio,0.0,0.0
34,8,7,case_content,assist,0.0896146080307477,0.35815500316762733
34,8,7,case_content,business,0.0,0.0
34,9,8,founder,studio,0.0,0.0
34,9,8,founder,assist,1.1739207513693435,4.3397704533472
34,9,8,founder,business,0.0,0.0
34,9,8,partners,studio,0.0,0.0
34,9,8,partners,assist,0.4399123907415766,1.6262757031722044
34,9,8,partners,business,0.0,0.0
34,9,8,case_content,studio,0.0,0.0
34,9,8,case_content,assist,0.09819473007624484,0.36300796945808167
34,9,8,case_content,business,0.0,0.0
34,10,9,founder,studio,0.0,0.0
34,10,9,founder,assist,1.2738289004220547,4.350136128388821
34,10,9,founder,business,0.0,0.0
34,10,9,partners,studio,0.0,0.0
34,10,9,partners,assist,0.48203166219555754,1.6461420745356372
34,10,9,partners,business,0.0,0.0
34,10,9,case_content,studio,0.0,0.0
34,10,9,case_content,assist,0.10759635316865127,0.3674424273517049
34,10,9,case_content,business,0.0,0.0
34,11,10,founder,studio,0.0,0.0
34,11,10,founder,assist,1.3822398706707397,4.354204458716353
34,11,10,founder,business,0.0,0.0
34,11,10,partners,studio,0.0,0.0
34,11,10,partners,assist,0.5281836298525792,1.6638353189805528
34,11,10,partners,business,0.0,0.0
34,11,10,case_content,studio,0.0,0.0
34,11,10,case_content,assist,0.1178981316635221,0.3713918122724446
34,11,10,case_content,business,0.0,0.0
34,12,11,founder,studio,0.0,0.0
34,12,11,founder,assist,1.4998773064725048,4.351295909502331
34,12,11,founder,business,0.0,0.0
34,12,11,partners,studio,0.0,0.0
34,12,11,partners,assist,0.5787544029235708,1.6790251143745551
34,12,11,partners,business,0.0,0.0
34,12,11,case_content,studio,0.0,0.0
34,12,11,case_content,assist,0.1291862506525827,0.37478239160146304
34,12,11,case_content,business,0.0,0.0
34,13,12,founder,studio,0.0,0.0
34,13,12,founder,assist,1.6275264389382498,4.340670241356082
34,13,12,founder,business,0.0,0.0
34,13,12,partners,studio,0.0,0.0
34,13,12,partners,assist,0.634167058522636,1.6913458442944331
34,13,12,partners,business,0.0,0.0
34,13,12,case_content,studio,0.0,0.0
34,13,12,case_content,assist,0.1415551469916598,0.3775325545300074
34,13,12,case_content,business,0.0,0.0
34,14,13,founder,studio,0.0,0.0
34,14,13,founder,assist,1.7660393273585264,4.321521286541692
34,14,13,founder,business,0.0,0.0
34,14,13,partners,studio,0.0,0.0
34,14,13,partners,assist,0.6948851811471436,1.7003931087544377
34,14,13,partners,business,0.0,0.0
34,14,13,case_content,studio,0.0,0.0
34,14,13,case_content,assist,0.1551082993632017,0.37955203320411546
34,14,13,case_content,business,0.0,0.0
34,15,14,founder,studio,0.0,0.0
34,15,14,founder,assist,1.9163405467081889,4.292971279470035
34,15,14,founder,business,0.0,0.0
34,15,14,partners,studio,0.0,0.0
34,15,14,partners,assist,0.7614167410442109,1.7057198975544179
34,15,14,partners,business,0.0,0.0
34,15,14,case_content,studio,0.0,0.0
34,15,14,case_content,assist,0.16995909398308273,0.380741048561254
34,15,14,case_content,business,0.0,0.0
34,16,15,founder,studio,0.0,0.0
34,16,15,founder,assist,2.0794333591939913,4.2540647035077965
34,16,15,founder,business,0.0,0.0
34,16,15,partners,studio,0.0,0.0
34,16,15,partners,assist,0.8343183439101458,1.706832393846442
34,16,15,partners,business,0.0,0.0
34,16,15,case_content,studio,0.0,0.0
34,16,15,case_content,assist,0.18623177319422898,0.380989373626438
34,16,15,case_content,business,0.0,0.0
34,17,16,founder,studio,0.0,0.0
34,17,16,founder,assist,2.2564064110402886,4.203761612915534
34,17,16,founder,business,0.0,0.0
34,17,16,partners,studio,0.0,0.0
34,17,16,partners,assist,0.9141998874760107,1.7031853724132748
34,17,16,partners,business,0.0,0.0
34,17,16,case_content,studio,0.0,0.0
34,17,16,case_content,assist,0.20406247488303808,0.3801753063422488
34,17,16,case_content,business,0.0,0.0
34,18,17,founder,studio,0.0,0.0
34,18,17,founder,assist,2.448440999213931,4.14093038522101
34,18,17,founder,business,0.0,0.0
34,18,17,partners,studio,0.0,0.0
34,18,17,partners,assist,1.0017296639364797,1.6941771537494836
34,18,17,partners,business,0.0,0.0
34,18,17,case_content,studio,0.0,0.0
34,18,17,case_content,assist,0.22360037141439285,0.3781645432476528
34,18,17,case_content,business,0.0,0.0
34,19,18,founder,studio,0.0,0.0
34,19,18,founder,assist,2.6568189565938405,4.0643398555298
34,19,18,founder,business,0.0,0.0
34,19,18,partners,studio,0.0,0.0
34,19,18,partners,assist,1.0976399509091217,1.6791440713074213
34,19,18,partners,business,0.0,0.0
34,19,18,case_content,studio,0.0,0.0
34,19,18,case_content,assist,0.24500891761364318,0.3748089444882637
34,19,18,case_content,business,0.0,0.0
34,20,19,founder,studio,0.0,0.0
34,20,19,founder,assist,2.8829312082188476,3.972650780147265
34,20,19,founder,business,0.0,0.0
34,20,19,partners,studio,0.0,0.0
34,20,19,partners,assist,1.2027331376982928,1.657354405184746
34,20,19,partners,business,0.0,0.0
34,20,19,case_content,studio,0.0,0.0
34,20,19,case_content,assist,0.2684672182362262,0.3699451797287381
34,20,19,case_content,business,0.0,0.0
34,21,20,founder,studio,0.0,0.0
34,21,20,founder,assist,3.1282870557268345,3.8644065724065992
34,21,20,founder,business,0.0,0.0
34,21,20,partners,studio,0.0,0.0
34,21,20,partners,assist,1.3178884381162144,1.628001731053316
34,21,20,partners,business,0.0,0.0
34,21,20,case_content,studio,0.0,0.0
34,21,20,case_content,assist,0.29417152636522653,0.3633932435386867
34,21,20,case_content,business,0.0,0.0
34,22,21,founder,studio,0.0,0.0
34,22,21,founder,assist,3.3945242519589054,3.738023248737198
34,22,21,founder,business,0.0,0.0
34,22,21,partners,studio,0.0,0.0
34,22,21,partners,assist,1.4440692460209585,1.5901976282236583
34,22,21,partners,business,0.0,0.0
34,22,21,case_content,studio,0.0,0.0
34,22,21,case_content,assist,0.32233688527253535,0.3549548277284952
34,22,21,case_content,business,0.0,0.0
34,23,22,founder,studio,0.0,0.0
34,23,22,founder,assist,3.6834199329766855,3.5917785177333403
34,23,22,founder,business,0.0,0.0
34,23,22,partners,studio,0.0,0.0
34,23,22,partners,assist,1.5823311951080719,1.5429636853638835
34,23,22,partners,business,0.0,0.0
34,23,22,case_content,studio,0.0,0.0
34,23,22,case_content,assist,0.35319892747948034,0.3444115369115812
34,23,22,case_content,business,0.0,0.0
34,24,23,founder,studio,0.0,0.0
34,24,23,founder,assist,3.9969024804640627,3.4237999392601646
34,24,23,founder,business,0.0,0.0
34,24,23,partners,studio,0.0,0.0
34,24,23,partners,assist,1.7338309903843763,1.4852227365017372
34,24,23,partners,business,0.0,0.0
34,24,23,case_content,studio,0.0,0.0
34,24,23,case_content,assist,0.38701584606794115,0.33152293225485213
34,24,23,case_content,business,0.0,0.0
34,25,24,founder,studio,0.0,0.0
34,25,24,founder,assist,4.337064393695047,3.232052074423665
34,25,24,founder,business,0.0,0.0
34,25,24,partners,studio,0.0,0.0
34,25,24,partners,assist,1.899836085208413,1.4157892534842853
34,25,24,partners,business,0.0,0.0
34,25,24,case_content,studio,0.0,0.0
34,25,24,case_content,assist,0.4240705547340207,0.31602438693845647
34,25,24,case_content,business,0.0,0.0
34,26,25,founder,studio,0.0,0.0
34,26,25,founder,assist,4.706176256988242,3.0143225404928433
34,26,25,founder,business,0.0,0.0
34,26,25,partners,studio,0.0,0.0
34,26,25,partners,assist,2.0817352848560264,1.333358813997452
34,26,25,partners,business,0.0,0.0
34,26,25,case_content,studio,0.0,0.0
34,26,25,case_content,assist,0.464673054655363,0.2976247352672884
34,26,25,case_content,business,0.0,0.0
34,27,26,founder,studio,0.0,0.0
34,27,26,founder,assist,5.106701895880859,2.768206877549848
34,27,26,founder,business,0.0,0.0
34,27,26,partners,studio,0.0,0.0
34,27,26,partners,assist,2.281050365320965,1.2364965564981176
34,27,26,partners,business,0.0,0.0
34,27,26,case_content,studio,0.0,0.0
34,27,26,case_content,assist,0.5091630279734297,0.27600369564690125
34,27,26,case_content,business,0.0,0.0
34,28,27,founder,studio,0.0,0.0
34,28,27,founder,assist,5.541314823189868,2.4910921257094536
34,28,27,founder,business,0.0,0.0
34,28,27,partners,studio,0.0,0.0
34,28,27,partners,assist,2.4994488045538232,1.1236245249198318
34,28,27,partners,business,0.0,0.0
34,28,27,case_content,studio,0.0,0.0
34,28,27,case_content,assist,0.557912679587907,0.2508090457410339
34,28,27,case_content,business,0.0,0.0
34,29,28,founder,studio,0.0,0.0
34,29,28,founder,assist,6.012916084737942,2.180139003139366
34,29,28,founder,business,0.0,0.0
34,29,28,partners,studio,0.0,0.0
34,29,28,partners,assist,2.738757732649403,0.9930077967084627
34,29,28,partners,business,0.0,0.0
34,29,28,case_content,studio,0.0,0.0
34,29,28,case_content,assist,0.6113298510378132,0.22165352605099617
34,29,28,case_content,business,0.0,0.0
34,30,29,founder,studio,0.0,0.0
34,30,29,founder,assist,6.524653623864576,1.8322625657702791
34,30,29,founder,business,0.0,0.0
34,30,29,partners,studio,0.0,0.0
34,30,29,partners,assist,3.0009792176903027,0.8427392775482984
34,30,29,partners,business,0.0,0.0
34,30,29,case_content,studio,0.0,0.0
34,30,29,case_content,assist,0.669861432520157,0.18811144588131662
34,30,29,case_content,business,0.0,0.0
34,31,30,founder,studio,0.0,0.0
34,31,30,founder,assist,7.079943293980709,1.444111219446842
34,31,30,founder,business,0.0,0.0
34,31,30,partners,studio,0.0,0.0
34,31,30,partners,assist,3.288307015128737,0.6707230349670232
34,31,30,partners,business,0.0,0.0
34,31,30,case_content,studio,0.0,0.0
34,31,30,case_content,assist,0.7339971015912358,0.14971496316228197
34,31,30,case_content,business,0.0,0.0
34,32,31,founder,studio,0.0,0.0
34,32,31,founder,assist,7.682491659425876,1.0120439442702263
34,32,31,founder,business,0.0,0.0
34,32,31,partners,studio,0.0,0.0
34,32,31,partners,assist,3.603144920832551,0.4746560307660807
34,32,31,partners,business,0.0,0.0
34,32,31,case_content,studio,0.0,0.0
34,32,31,case_content,assist,0.8042734198286946,0.10595000686742875
34,32,31,case_content,business,0.0,0.0
34,33,32,founder,studio,0.0,0.0
34,33,32,founder,assist,8.336320736823824,0.5321055789462015
34,33,32,founder,business,0.0,0.0
34,33,32,partners,studio,0.0,0.0
34,33,32,partners,assist,3.9481268813377954,0.25200809880879543
34,33,32,partners,business,0.0,0.0
34,33,32,case_content,studio,0.0,0.0
34,33,32,case_content,assist,0.8812783217271865,0.05625180776982041
34,33,32,case_content,business,0.0,0.0
34,34,33,founder,studio,0.0,0
34,34,33,founder,assist,9.045794842085426,0
34,34,33,founder,business,0.0,0
34,34,33,partners,studio,0.0,0
34,34,33,partners,assist,4.326139029550989,0
34,34,33,partners,business,0.0,0
34,34,33,case_content,studio,0.0,0
34,34,33,case_content,assist,0.9656560333819173,0
34,34,33,case_content,business,0.0,0
35,2,1,founder,studio,0.0,0.0
35,2,1,founder,assist,0.6229603506831995,4.177039649316803
35,2,1,founder,business,0.0,0.0
35,2,1,partners,studio,0.0,0.0
35,2,1,partners,assist,0.21803612273911965,1.4619638772608803
35,2,1,partners,business,0.0,0.0
35,2,1,case_content,studio,0.0,0.0
35,2,1,case_content,assist,0.048668777397124934,0.3263312226028751
35,2,1,case_content,business,0.0,0.0
35,3,2,founder,studio,0.0,0.0
35,3,2,founder,assist,0.6759782528690034,4.220021747130998
35,3,2,founder,business,0.0,0.0
35,3,2,partners,studio,0.0,0.0
35,3,2,partners,assist,0.23891192172477993,1.4914880782752196
35,3,2,partners,business,0.0,0.0
35,3,2,case_content,studio,0.0,0.0
35,3,2,case_content,assist,0.053328553956424114,0.33292144604357593
35,3,2,case_content,business,0.0,0.0
35,4,3,founder,studio,0.0,0.0
35,4,3,founder,assist,0.7335083169429608,4.26041168305704
35,4,3,founder,business,0.0,0.0
35,4,3,partners,studio,0.0,0.0
35,4,3,partners,assist,0.2617864674218334,1.5205255325781668
35,4,3,partners,business,0.0,0.0
35,4,3,case_content,studio,0.0,0.0
35,4,3,case_content,assist,0.058434479335230695,0.33940302066476935
35,4,3,case_content,business,0.0,0.0
35,5,4,founder,studio,0.0,0.0
35,5,4,founder,assist,0.7959345566827877,4.297863843317215
35,5,4,founder,business,0.0,0.0
35,5,4,partners,studio,0.0,0.0
35,5,4,partners,assist,0.2868511291962644,1.5489302308037363
35,5,4,partners,business,0.0,0.0
35,5,4,case_content,studio,0.0,0.0
35,5,4,case_content,assist,0.06402926990988043,0.34574335509011955
35,5,4,case_content,business,0.0,0.0
35,6,5,founder,studio,0.0,0.0
35,6,5,founder,assist,0.8636736678898328,4.332000700110166
35,6,5,founder,business,0.0,0.0
35,6,5,partners,studio,0.0,0.0
35,6,5,partners,assist,0.3143155990129279,1.5765392017870723
35,6,5,partners,business,0.0,0.0
35,6,5,case_content,studio,0.0,0.0
35,6,5,case_content,assist,0.0701597319225286,0.35190607182747163
35,6,5,case_content,business,0.0,0.0
35,7,6,founder,studio,0.0,0.0
35,7,6,founder,assist,0.9371778098379042,4.362410045522096
35,7,6,founder,business,0.0,0.0
35,7,6,partners,studio,0.0,0.0
35,7,6,partners,assist,0.3444096457269318,1.603170799097068
35,7,6,partners,business,0.0,0.0
35,7,6,case_content,studio,0.0,0.0
35,7,6,case_content,assist,0.07687715306404724,0.35785062479845275
35,7,6,case_content,business,0.0,0.0
35,8,7,founder,studio,0.0,0.0
35,8,7,founder,assist,1.0169376234411298,4.388641989026071
35,8,7,founder,business,0.0,0.0
35,8,7,partners,studio,0.0,0.0
35,8,7,partners,assist,0.37738503733908474,1.628622820829636
35,8,7,partners,business,0.0,0.0
35,8,7,case_content,studio,0.0,0.0
35,8,7,case_content,assist,0.08423773154890284,0.3635318796494722
35,8,7,case_content,business,0.0,0.0
35,9,8,founder,studio,0.0,0.0
35,9,8,founder,assist,1.103485506287183,4.410205698429361
35,9,8,founder,business,0.0,0.0
35,9,8,partners,studio,0.0,0.0
35,9,8,partners,assist,0.413517647297082,1.652670446616699
35,9,8,partners,business,0.0,0.0
35,9,8,case_content,studio,0.0,0.0
35,9,8,case_content,assist,0.09230304627167014,0.36889965326265634
35,9,8,case_content,business,0.0,0.0
35,10,9,founder,studio,0.0,0.0
35,10,9,founder,assist,1.1973991663967314,4.426565862414145
35,10,9,founder,business,0.0,0.0
35,10,9,partners,studio,0.0,0.0
35,10,9,partners,assist,0.45310976246382406,1.6750639742673707
35,10,9,partners,business,0.0,0.0
35,10,9,case_content,studio,0.0,0.0
35,10,9,case_content,assist,0.10114057197853218,0.373898208541824
35,10,9,case_content,business,0.0,0.0
35,11,10,founder,studio,0.0,0.0
35,11,10,founder,assist,1.2993054784304954,4.437138850956598
35,11,10,founder,business,0.0,0.0
35,11,10,partners,studio,0.0,0.0
35,11,10,partners,assist,0.4964926120614244,1.6955263367717075
35,11,10,partners,business,0.0,0.0
35,11,10,case_content,studio,0.0,0.0
35,11,10,case_content,assist,0.11082424376371078,0.37846570017225595
35,11,10,case_content,business,0.0,0.0
35,12,11,founder,studio,0.0,0.0
35,12,11,founder,assist,1.4098846680841546,4.441288547890681
35,12,11,founder,business,0.0,0.0
35,12,11,partners,studio,0.0,0.0
35,12,11,partners,assist,0.5440291387481566,1.7137503785499695
35,12,11,partners,business,0.0,0.0
35,12,11,case_content,studio,0.0,0.0
35,12,11,case_content,assist,0.12143507561342776,0.382533566640618
35,12,11,case_content,business,0.0,0.0
35,13,12,founder,studio,0.0,0.0
35,13,12,founder,assist,1.5298748526019548,4.438321827692377
35,13,12,founder,business,0.0,0.0
35,13,12,partners,studio,0.0,0.0
35,13,12,partners,assist,0.5961170350112779,1.7293958678057912
35,13,12,partners,business,0.0,0.0
35,13,12,case_content,studio,0.0,0.0
35,13,12,case_content,assist,0.13306183817216022,0.386025863349507
35,13,12,case_content,business,0.0,0.0
35,14,13,founder,studio,0.0,0.0
35,14,13,founder,assist,1.6600769677170149,4.427483646183204
35,14,13,founder,business,0.0,0.0
35,14,13,partners,studio,0.0,0.0
35,14,13,partners,assist,0.6531920702783149,1.7420862196232663
35,14,13,partners,business,0.0,0.0
35,14,13,case_content,studio,0.0,0.0
35,14,13,case_content,assist,0.14580180140140958,0.3888585311659076
35,14,13,case_content,business,0.0,0.0
35,15,14,founder,studio,0.0,0.0
35,15,14,founder,assist,1.8013601139056976,4.407951712272527
35,15,14,founder,business,0.0,0.0
35,15,14,partners,studio,0.0,0.0
35,15,14,partners,assist,0.7157317365815582,1.7514049020170706
35,15,14,partners,business,0.0,0.0
35,15,14,case_content,studio,0.0,0.0
35,15,14,case_content,assist,0.15976154834409778,0.39093859420023896
35,15,14,case_content,business,0.0,0.0
35,16,15,founder,studio,0.0,0.0
35,16,15,founder,assist,1.9546673576423519,4.378830705059436
35,16,15,founder,business,0.0,0.0
35,16,15,partners,studio,0.0,0.0
35,16,15,partners,assist,0.7842592432755371,1.7568914944810508
35,16,15,partners,business,0.0,0.0
35,16,15,case_content,studio,0.0,0.0
35,16,15,case_content,assist,0.17505786680257523,0.3921632800180917
35,16,15,case_content,business,0.0,0.0
35,17,16,founder,studio,0.0,0.0
35,17,16,founder,assist,2.1210220263778714,4.339145997577952
35,17,16,founder,business,0.0,0.0
35,17,16,partners,studio,0.0,0.0
35,17,16,partners,assist,0.8593478942274501,1.7580373656618355
35,17,16,partners,business,0.0,0.0
35,17,16,case_content,studio,0.0,0.0
35,17,16,case_content,assist,0.1918187263900558,0.39241905483523104
35,17,16,case_content,business,0.0,0.0
35,18,17,founder,studio,0.0,0.0
35,18,17,founder,assist,2.301534539261095,4.287836845173846
35,18,17,founder,business,0.0,0.0
35,18,17,partners,studio,0.0,0.0
35,18,17,partners,assist,0.9416258841002909,1.7542809335856724
35,18,17,partners,business,0.0,0.0
35,18,17,case_content,studio,0.0,0.0
35,18,17,case_content,assist,0.21018434912952927,0.39158056553251636
35,18,17,case_content,business,0.0,0.0
35,19,18,founder,studio,0.0,0.0
35,19,18,founder,assist,2.49740981919821,4.22374899292543
35,19,18,founder,business,0.0,0.0
35,19,18,partners,studio,0.0,0.0
35,19,18,partners,assist,1.0317815538545745,1.7450024683619685
35,19,18,partners,business,0.0,0.0
35,19,18,case_content,studio,0.0,0.0
35,19,18,case_content,assist,0.2303083825568246,0.38950947954508225
35,19,18,case_content,business,0.0,0.0
35,20,19,founder,studio,0.0,0.0
35,20,19,founder,assist,2.709955335725717,4.145626652640396
35,20,19,founder,business,0.0,0.0
35,20,19,partners,studio,0.0,0.0
35,20,19,partners,assist,1.1305691494363952,1.7295183934466436
35,20,19,partners,business,0.0,0.0
35,20,19,case_content,studio,0.0,0.0
35,20,19,case_content,assist,0.25235918514205263,0.38605321282291166
35,20,19,case_content,business,0.0,0.0
35,21,20,founder,studio,0.0,0.0
35,21,20,founder,assist,2.9405898323832247,4.0521037957502095
35,21,20,founder,business,0.0,0.0
35,21,20,partners,studio,0.0,0.0
35,21,20,partners,assist,1.2388151318292415,1.7070750373402888
35,21,20,partners,business,0.0,0.0
35,21,20,case_content,studio,0.0,0.0
35,21,20,case_content,assist,0.2765212347833129,0.3810435351206003
35,21,20,case_content,business,0.0,0.0
35,22,21,founder,studio,0.0,0.0
35,22,21,founder,assist,3.190852796841371,3.9416947038547323
35,22,21,founder,business,0.0,0.0
35,22,21,partners,studio,0.0,0.0
35,22,21,partners,assist,1.357425091259701,1.6768417829849158
35,22,21,partners,business,0.0,0.0
35,22,21,case_content,studio,0.0,0.0
35,22,21,case_content,assist,0.3029966721561832,0.3742950408448473
35,22,21,case_content,business,0.0,0.0
35,23,22,founder,studio,0.0,0.0
35,23,22,founder,assist,3.462414736998084,3.8127837137119416
35,23,22,founder,business,0.0,0.0
35,23,22,partners,studio,0.0,0.0
35,23,22,partners,assist,1.4873913234015876,1.6379035570703677
35,23,22,partners,business,0.0,0.0
35,23,22,case_content,studio,0.0,0.0
35,23,22,case_content,assist,0.33200699183071153,0.36560347256035003
35,23,22,case_content,business,0.0,0.0
35,24,23,founder,studio,0.0,0.0
35,24,23,founder,assist,3.757088331636219,3.6636140880880084
35,24,23,founder,business,0.0,0.0
35,24,23,partners,studio,0.0,0.0
35,24,23,partners,assist,1.6298011309613136,1.5892525959247998
35,24,23,partners,business,0.0,0.0
35,24,23,case_content,studio,0.0,0.0
35,24,23,case_content,assist,0.36379489530386466,0.3547438830189286
35,24,23,case_content,business,0.0,0.0
35,25,24,founder,studio,0.0,0.0
35,25,24,founder,assist,4.076840530073344,3.492275938045368
35,25,24,founder,business,0.0,0.0
35,25,24,partners,studio,0.0,0.0
35,25,24,partners,assist,1.7858459200959083,1.5297794185967901
35,25,24,partners,business,0.0,0.0
35,25,24,case_content,studio,0.0,0.0
35,25,24,case_content,assist,0.3986263214499795,0.3414686202224977
35,25,24,case_content,business,0.0,0.0
35,26,25,founder,studio,0.0,0.0
35,26,25,founder,assist,4.423805681568948,3.296693115912138
35,26,25,founder,business,0.0,0.0
35,26,25,partners,studio,0.0,0.0
35,26,25,partners,assist,1.9568311677646648,1.4582629310888136
35,26,25,partners,business,0.0,0.0
35,26,25,case_content,studio,0.0,0.0
35,26,25,case_content,assist,0.4367926713760412,0.3255051185466102
35,26,25,case_content,business,0.0,0.0
35,27,26,founder,studio,0.0,0.0
35,27,26,founder,assist,4.800299782128008,3.0746089913026995
35,27,26,founder,business,0.0,0.0
35,27,26,partners,studio,0.0,0.0
35,27,26,partners,assist,2.144187343401707,1.3733595784173755
35,27,26,partners,business,0.0,0.0
35,27,26,case_content,studio,0.0,0.0
35,27,26,case_content,assist,0.47861324629502394,0.306553477325307
35,27,26,case_content,business,0.0,0.0
35,28,27,founder,studio,0.0,0.0
35,28,27,founder,assist,5.208835933798476,2.8235710151008457
35,28,27,founder,business,0.0,0.0
35,28,27,partners,studio,0.0,0.0
35,28,27,partners,assist,2.349481876280594,1.2735914531930612
35,28,27,partners,business,0.0,0.0
35,28,27,case_content,studio,0.0,0.0
35,28,27,case_content,assist,0.5244379188126326,0.28428380651630836
35,28,27,case_content,business,0.0,0.0
35,29,28,founder,studio,0.0,0.0
35,29,28,founder,assist,5.652141119653665,2.540913968223643
35,29,28,founder,business,0.0,0.0
35,29,28,partners,studio,0.0,0.0
35,29,28,partners,assist,2.574432268690439,1.157333260667427
35,29,28,partners,business,0.0,0.0
35,29,28,case_content,studio,0.0,0.0
35,29,28,case_content,assist,0.5746500599755444,0.25833331711326496
35,29,28,case_content,business,0.0,0.0
35,30,29,founder,studio,0.0,0.0
35,30,29,founder,assist,6.133174406432701,2.2237417832021538
35,30,29,founder,business,0.0,0.0
35,30,29,partners,studio,0.0,0.0
35,30,29,partners,assist,2.820920464628885,1.0227980306097164
35,30,29,partners,business,0.0,0.0
35,30,29,case_content,studio,0.0,0.0
35,30,29,case_content,assist,0.6296697465689476,0.22830313183252604
35,30,29,case_content,business,0.0,0.0
35,31,30,founder,studio,0.0,0.0
35,31,30,founder,assist,6.655146696341867,1.8689078170856845
35,31,30,founder,business,0.0,0.0
35,31,30,partners,studio,0.0,0.0
35,31,30,partners,assist,3.091008594221013,0.8680214558747474
35,31,30,partners,business,0.0,0.0
35,31,30,case_content,studio,0.0,0.0
35,31,30,case_content,assist,0.6899572754957616,0.19375478925775613
35,31,30,case_content,business,0.0,0.0
35,32,31,founder,studio,0.0,0.0
35,32,31,founder,assist,7.2215421598603236,1.4729934438357788
35,32,31,founder,business,0.0,0.0
35,32,31,partners,studio,0.0,0.0
35,32,31,partners,assist,3.386956225582598,0.6908447260160337
35,32,31,partners,business,0.0,0.0
35,32,31,case_content,studio,0.0,0.0
35,32,31,case_content,assist,0.756017014638973,0.1542064120571504
35,32,31,case_content,business,0.0,0.0
35,33,32,founder,studio,0.0,0.0
35,33,32,founder,assist,7.836141492614394,1.032284823155631
35,33,32,founder,business,0.0,0.0
35,33,32,partners,studio,0.0,0.0
35,33,32,partners,assist,3.7112392684575277,0.48889571168906315
35,33,32,partners,business,0.0,0.0
35,33,32,case_content,studio,0.0,0.0
35,33,32,case_content,assist,0.8284016224235553,0.10912850707345159
35,33,32,case_content,business,0.0,0.0
35,34,33,founder,studio,0.0,0.0
35,34,33,founder,assist,8.5030471515603,0.5427476905251255
35,34,33,founder,business,0.0,0.0
35,34,33,partners,studio,0.0,0.0
35,34,33,partners,assist,4.066570687777929,0.2595683417730593
35,34,33,partners,business,0.0,0.0
35,34,33,case_content,studio,0.0,0.0
35,34,33,case_content,assist,0.9077166713790022,0.05793936200291504
35,34,33,case_content,business,0.0,0.0
35,35,34,founder,studio,0.0,0
35,35,34,founder,assist,9.226710738927135,0
35,35,34,founder,business,0.0,0
35,35,34,partners,studio,0.0,0
35,35,34,partners,assist,4.455923200437519,0
35,35,34,partners,business,0.0,0
35,35,34,case_content,studio,0.0,0
35,35,34,case_content,assist,0.9946257143833748,0
35,35,34,case_content,business,0.0,0
36,2,1,founder,studio,0.0,0.0
36,2,1,founder,assist,0.5855827296422076,4.214417270357795
36,2,1,founder,business,0.0,0.0
36,2,1,partners,studio,0.0,0.0
36,2,1,partners,assist,0.20495395537477248,1.4750460446252274
36,2,1,partners,business,0.0,0.0
36,2,1,case_content,studio,0.0,0.0
36,2,1,case_content,assist,0.04574865075329744,0.32925134924670263
36,2,1,case_content,business,0.0,0.0
36,3,2,founder,studio,0.0,0.0
36,3,2,founder,assist,0.6354195576968632,4.260580442303138
36,3,2,founder,business,0.0,0.0
36,3,2,partners,studio,0.0,0.0
36,3,2,partners,assist,0.22457720642129314,1.5058227935787063
36,3,2,partners,business,0.0,0.0
36,3,2,case_content,studio,0.0,0.0
36,3,2,case_content,assist,0.05012884071903867,0.33612115928096137
36,3,2,case_content,business,0.0,0.0
36,4,3,founder,studio,0.0,0.0
36,4,3,founder,assist,0.6894978179263832,4.304422182073617
36,4,3,founder,business,0.0,0.0
36,4,3,partners,studio,0.0,0.0
36,4,3,partners,assist,0.2460792793765234,1.5362327206234767
36,4,3,partners,business,0.0,0.0
36,4,3,case_content,studio,0.0,0.0
36,4,3,case_content,assist,0.054928410575116854,0.3429090894248832
36,4,3,case_content,business,0.0,0.0
36,5,4,founder,studio,0.0,0.0
36,5,4,founder,assist,0.7481784832818205,4.345619916718182
36,5,4,founder,business,0.0,0.0
36,5,4,partners,studio,0.0,0.0
36,5,4,partners,assist,0.2696400614444885,1.566141298555512
36,5,4,partners,business,0.0,0.0
36,5,4,case_content,studio,0.0,0.0
36,5,4,case_content,assist,0.06018751371528761,0.34958511128471237
36,5,4,case_content,business,0.0,0.0
36,6,5,founder,studio,0.0,0.0
36,6,5,founder,assist,0.8118532478164429,4.383821120183556
36,6,5,founder,business,0.0,0.0
36,6,5,partners,studio,0.0,0.0
36,6,5,partners,assist,0.29545666307215224,1.5953981377278479
36,6,5,partners,business,0.0,0.0
36,6,5,case_content,studio,0.0,0.0
36,6,5,case_content,assist,0.06595014800717688,0.35611565574282333
36,6,5,case_content,business,0.0,0.0
36,7,6,founder,studio,0.0,0.0
36,7,6,founder,assist,0.88094714124763,4.41864071411237
36,7,6,founder,business,0.0,0.0
36,7,6,partners,studio,0.0,0.0
36,7,6,partners,assist,0.3237450669833159,1.623835377840684
36,7,6,partners,business,0.0,0.0
36,7,6,case_content,studio,0.0,0.0
36,7,6,case_content,assist,0.0722645238802044,0.36246325398229556
36,7,6,case_content,business,0.0,0.0
36,8,7,founder,studio,0.0,0.0
36,8,7,founder,assist,0.955921366034662,4.449658246432539
36,8,7,founder,business,0.0,0.0
36,8,7,partners,studio,0.0,0.0
36,8,7,partners,assist,0.35474193509873964,1.651265923069981
36,8,7,partners,business,0.0,0.0
36,8,7,case_content,studio,0.0,0.0
36,8,7,case_content,assist,0.07918346765596866,0.3685861435424064
36,8,7,case_content,business,0.0,0.0
36,9,8,founder,studio,0.0,0.0
36,9,8,founder,assist,1.037276375909952,4.4764148288065915
36,9,8,founder,business,0.0,0.0
36,9,8,partners,studio,0.0,0.0
36,9,8,partners,assist,0.3887065884592571,1.677481505454524
36,9,8,partners,business,0.0,0.0
36,9,8,case_content,studio,0.0,0.0
36,9,8,case_content,assist,0.08676486349536994,0.37443783603895653
36,9,8,case_content,business,0.0,0.0
36,10,9,founder,studio,0.0,0.0
36,10,9,founder,assist,1.1255552164129274,4.498409812397949
36,10,9,founder,business,0.0,0.0
36,10,9,partners,studio,0.0,0.0
36,10,9,partners,assist,0.4259231767159946,1.7022505600152003
36,10,9,partners,business,0.0,0.0
36,10,9,case_content,studio,0.0,0.0
36,10,9,case_content,assist,0.09507213765982025,0.37996664286053594
36,10,9,case_content,business,0.0,0.0
36,11,10,founder,studio,0.0,0.0
36,11,10,founder,assist,1.2213471497246657,4.515097179662427
36,11,10,founder,business,0.0,0.0
36,11,10,partners,studio,0.0,0.0
36,11,10,partners,assist,0.466703055337739,1.725315893495393
36,11,10,partners,business,0.0,0.0
36,11,10,case_content,studio,0.0,0.0
36,11,10,case_content,assist,0.10417478913788814,0.3851151547980786
36,11,10,case_content,business,0.0,0.0
36,12,11,founder,studio,0.0,0.0
36,12,11,founder,assist,1.3252915879991054,4.525881627975731
36,12,11,founder,business,0.0,0.0
36,12,11,partners,studio,0.0,0.0
36,12,11,partners,assist,0.5113873904232672,1.7463921268748588
36,12,11,partners,business,0.0,0.0
36,12,11,case_content,studio,0.0,0.0
36,12,11,case_content,assist,0.11414897107662209,0.38981967117742367
36,12,11,case_content,business,0.0,0.0
36,13,12,founder,studio,0.0,0.0
36,13,12,founder,assist,1.4380823614458376,4.5301143188484945
36,13,12,founder,business,0.0,0.0
36,13,12,partners,studio,0.0,0.0
36,13,12,partners,assist,0.5603500129106012,1.765162889906468
36,13,12,partners,business,0.0,0.0
36,13,12,case_content,studio,0.0,0.0
36,13,12,case_content,assist,0.1250781278818306,0.39400957363983663
36,13,12,case_content,business,0.0,0.0
36,14,13,founder,studio,0.0,0.0
36,14,13,founder,assist,1.560472349653994,4.527088264246225
36,14,13,founder,business,0.0,0.0
36,14,13,partners,studio,0.0,0.0
36,14,13,partners,assist,0.614000546061616,1.7812777438399652
36,14,13,partners,business,0.0,0.0
36,14,13,case_content,studio,0.0,0.0
36,14,13,case_content,assist,0.137053693317325,0.3976066392499921
36,14,13,case_content,business,0.0,0.0
36,15,14,founder,studio,0.0,0.0
36,15,14,founder,assist,1.6932785070713559,4.516033319106869
36,15,14,founder,business,0.0,0.0
36,15,14,partners,studio,0.0,0.0
36,15,14,partners,assist,0.6727878323866647,1.7943488062119641
36,15,14,partners,business,0.0,0.0
36,15,14,case_content,studio,0.0,0.0
36,15,14,case_content,assist,0.1501758554434519,0.40052428710088483
36,15,14,case_content,business,0.0,0.0
36,16,15,founder,studio,0.0,0.0
36,16,15,founder,assist,1.8373873161838108,4.496110746517978
36,16,15,founder,business,0.0,0.0
36,16,15,partners,studio,0.0,0.0
36,16,15,partners,assist,0.7372036886790049,1.803947049077583
36,16,15,partners,business,0.0,0.0
36,16,15,case_content,studio,0.0,0.0
36,16,15,case_content,assist,0.16455439479442072,0.4026667520262462
36,16,15,case_content,business,0.0,0.0
36,17,16,founder,studio,0.0,0.0
36,17,16,founder,assist,1.993760704795199,4.466407319160624
36,17,16,founder,business,0.0,0.0
36,17,16,partners,studio,0.0,0.0
36,17,16,partners,assist,0.807787020573803,1.8095982393154826
36,17,16,partners,business,0.0,0.0
36,17,16,case_content,studio,0.0,0.0
36,17,16,case_content,assist,0.18030960280665245,0.4039281784186344
36,17,16,case_content,business,0.0,0.0
36,18,17,founder,studio,0.0,0.0
36,18,17,founder,assist,2.1634424669054293,4.425928917529512
36,18,17,founder,business,0.0,0.0
36,18,17,partners,studio,0.0,0.0
36,18,17,partners,assist,0.8851283310542735,1.8107784866316898
36,18,17,partners,business,0.0,0.0
36,18,17,case_content,studio,0.0,0.0
36,18,17,case_content,assist,0.1975732881817575,0.4041916264802881
36,18,17,case_content,business,0.0,0.0
36,19,18,founder,studio,0.0,0.0
36,19,18,founder,assist,2.3475652300463175,4.373593582077323
36,19,18,founder,business,0.0,0.0
36,19,18,partners,studio,0.0,0.0
36,19,18,partners,assist,0.9698746606233,1.806909361593243
36,19,18,partners,business,0.0,0.0
36,19,18,case_content,studio,0.0,0.0
36,19,18,case_content,assist,0.21648987960341512,0.4033279824984917
36,19,18,case_content,business,0.0,0.0
36,20,19,founder,studio,0.0,0.0
36,20,19,founder,assist,2.547358015582174,4.308223972783939
36,20,19,founder,business,0.0,0.0
36,20,19,partners,studio,0.0,0.0
36,20,19,partners,assist,1.0627350004702114,1.7973525424128274
36,20,19,partners,business,0.0,0.0
36,20,19,case_content,studio,0.0,0.0
36,20,19,case_content,assist,0.23721763403352947,0.40119476393143483
36,20,19,case_content,business,0.0,0.0
36,21,20,founder,studio,0.0,0.0
36,21,20,founder,assist,2.764154442440231,4.228539185693203
36,21,20,founder,business,0.0,0.0
36,21,20,partners,studio,0.0,0.0
36,21,20,partners,assist,1.164486223919487,1.7814039452500432
36,21,20,partners,business,0.0,0.0
36,21,20,case_content,studio,0.0,0.0
36,21,20,case_content,assist,0.25992996069631413,0.3976348092075991
36,21,20,case_content,business,0.0,0.0
36,22,21,founder,studio,0.0,0.0
36,22,21,founder,assist,2.999401629030889,4.1331458716652145
36,22,21,founder,business,0.0,0.0
36,22,21,partners,studio,0.0,0.0
36,22,21,partners,assist,1.275979585784119,1.7582872884604979
36,22,21,partners,business,0.0,0.0
36,22,21,case_content,studio,0.0,0.0
36,22,21,case_content,assist,0.2848168718268122,0.3924748411742183
36,22,21,case_content,business,0.0,0.0
36,23,22,founder,studio,0.0,0.0
36,23,22,founder,assist,3.254669852778199,4.020528597931826
36,23,22,founder,business,0.0,0.0
36,23,22,partners,studio,0.0,0.0
36,23,22,partners,assist,1.3981478439974924,1.727147036474463
36,23,22,partners,business,0.0,0.0
36,23,22,case_content,studio,0.0,0.0
36,23,22,case_content,assist,0.31208657232086884,0.3855238920701927
36,23,22,case_content,business,0.0,0.0
36,24,23,founder,studio,0.0,0.0
36,24,23,founder,assist,3.531663031738046,3.8890393879861813
36,24,23,founder,business,0.0,0.0
36,24,23,partners,studio,0.0,0.0
36,24,23,partners,assist,1.5320130631036348,1.6870406637824786
36,24,23,partners,business,0.0,0.0
36,24,23,case_content,studio,0.0,0.0
36,24,23,case_content,assist,0.34196720158563276,0.3765715767371605
36,24,23,case_content,business,0.0,0.0
36,25,24,founder,studio,0.0,0.0
36,25,24,founder,assist,3.8322300982689437,3.7368863698497683
36,25,24,founder,business,0.0,0.0
36,25,24,partners,studio,0.0,0.0
36,25,24,partners,assist,1.6786951648901538,1.6369301738025446
36,25,24,partners,business,0.0,0.0
36,25,24,case_content,studio,0.0,0.0
36,25,24,case_content,assist,0.3747087421629807,0.36538619950949647
36,25,24,case_content,business,0.0,0.0
36,26,25,founder,studio,0.0,0.0
36,26,25,founder,assist,4.158377340674811,3.562121456806275
36,26,25,founder,business,0.0,0.0
36,26,25,partners,studio,0.0,0.0
36,26,25,partners,assist,1.839421297698785,1.5756728011546934
36,26,25,partners,business,0.0,0.0
36,26,25,case_content,studio,0.0,0.0
36,26,25,case_content,assist,0.4105851110934787,0.3517126788291727
36,26,25,case_content,business,0.0,0.0
36,27,26,founder,studio,0.0,0.0
36,27,26,founder,assist,4.512281795200327,3.36262697823038
36,27,26,founder,business,0.0,0.0
36,27,26,partners,studio,0.0,0.0
36,27,26,partners,assist,2.0155361027976046,1.502010819021478
36,27,26,partners,business,0.0,0.0
36,27,26,case_content,studio,0.0,0.0
36,27,26,case_content,assist,0.4498964515173225,0.33527027210300847
36,27,26,case_content,business,0.0,0.0
36,28,27,founder,studio,0.0,0.0
36,28,27,founder,assist,4.896305777770568,3.1361011711287543
36,28,27,founder,business,0.0,0.0
36,28,27,partners,studio,0.0,0.0
36,28,27,partners,assist,2.2085129637037584,1.4145603657698969
36,28,27,partners,business,0.0,0.0
36,28,27,case_content,studio,0.0,0.0
36,28,27,case_content,assist,0.49297164368387464,0.3157500816450663
36,28,27,case_content,business,0.0,0.0
36,29,28,founder,studio,0.0,0.0
36,29,28,founder,assist,5.313012652474445,2.8800424354028626
36,29,28,founder,business,0.0,0.0
36,29,28,partners,studio,0.0,0.0
36,29,28,partners,assist,2.419966332569013,1.3117991967888534
36,29,28,partners,business,0.0,0.0
36,29,28,case_content,studio,0.0,0.0
36,29,28,case_content,assist,0.5401710563770118,0.29281232071179764
36,29,28,case_content,business,0.0,0.0
36,30,29,founder,studio,0.0,0.0
36,30,29,founder,assist,5.765183942046739,2.5917322475881157
36,30,29,founder,business,0.0,0.0
36,30,29,partners,studio,0.0,0.0
36,30,29,partners,assist,2.6516652367511515,1.1920532584874495
36,30,29,partners,business,0.0,0.0
36,30,29,case_content,studio,0.0,0.0
36,30,29,case_content,assist,0.5918895617748108,0.2660833166266629
36,30,29,case_content,business,0.0,0.0
36,31,30,founder,studio,0.0,0.0
36,31,30,founder,assist,6.255837894561355,2.2682166188661967
36,31,30,founder,business,0.0,0.0
36,31,30,partners,studio,0.0,0.0
36,31,30,partners,assist,2.905548078567752,1.0534819715280082
36,31,30,partners,business,0.0,0.0
36,31,30,case_content,studio,0.0,0.0
36,31,30,case_content,assist,0.6485598389660159,0.23515222578750183
36,31,30,case_content,business,0.0,0.0
36,32,31,founder,studio,0.0,0.0
36,32,31,founder,assist,6.788249630268704,1.9062859734273983
36,32,31,founder,business,0.0,0.0
36,32,31,partners,studio,0.0,0.0
36,32,31,partners,assist,3.183738852047642,0.8940620995509896
36,32,31,partners,business,0.0,0.0
36,32,31,case_content,studio,0.0,0.0
36,32,31,case_content,assist,0.7106559937606346,0.1995674329354888
36,32,31,case_content,business,0.0,0.0
36,33,32,founder,studio,0.0,0.0
36,33,32,founder,assist,7.3659730030575306,1.5024533127124946
36,33,32,founder,business,0.0,0.0
36,33,32,partners,studio,0.0,0.0
36,33,32,partners,assist,3.488564912350076,0.7115700677965148
36,33,32,partners,business,0.0,0.0
36,33,32,case_content,studio,0.0,0.0
36,33,32,case_content,assist,0.7786975250781419,0.1588326044188649
36,33,32,case_content,business,0.0,0.0
36,34,33,founder,studio,0.0,0.0
36,34,33,founder,assist,7.992864322466683,1.0529305196187435
36,34,33,founder,business,0.0,0.0
36,34,33,partners,studio,0.0,0.0
36,34,33,partners,assist,3.8225764465112535,0.503562583039735
36,34,33,partners,business,0.0,0.0
36,34,33,case_content,studio,0.0,0.0
36,34,33,case_content,assist,0.8532536710962622,0.11240236228565517
36,34,33,case_content,business,0.0,0.0
36,35,34,founder,studio,0.0,0.0
36,35,34,founder,assist,8.673108094591507,0.5536026443356281
36,35,34,founder,business,0.0,0.0
36,35,34,partners,studio,0.0,0.0
36,35,34,partners,assist,4.1885678084112685,0.26735539202625114
36,35,34,partners,business,0.0,0.0
36,35,34,case_content,studio,0.0,0.0
36,35,34,case_content,assist,0.9349481715203722,0.05967754286300248
36,35,34,case_content,business,0.0,0.0
36,36,35,founder,studio,0.0,0
36,36,35,founder,assist,9.411244953705678,0
36,36,35,founder,business,0.0,0
36,36,35,partners,studio,0.0,0
36,36,35,partners,assist,4.589600896450645,0
36,36,35,partners,business,0.0,0
36,36,35,case_content,studio,0.0,0
36,36,35,case_content,assist,1.0244644858148761,0
36,36,35,case_content,business,0.0,0
