month,join_month,origin_month,channel,plan,active,lapsed
2,2,1,founder,studio,0.0,0
2,2,1,founder,assist,1.5119999999999998,0
2,2,1,founder,business,0.0,0
2,2,1,partners,studio,0.0,0
2,2,1,partners,assist,0.5292,0
2,2,1,partners,business,0.0,0
2,2,1,case_content,studio,0.0,0
2,2,1,case_content,assist,0.11812499999999998,0
2,2,1,case_content,business,0.0,0
3,2,1,founder,studio,0.0,0.0
3,2,1,founder,assist,1.3607999999999998,0.1512
3,2,1,founder,business,0.0,0.0
3,2,1,partners,studio,0.0,0.0
3,2,1,partners,assist,0.47628,0.05292
3,2,1,partners,business,0.0,0.0
3,2,1,case_content,studio,0.0,0.0
3,2,1,case_content,assist,0.10631249999999998,0.011812499999999998
3,2,1,case_content,business,0.0,0.0
3,3,2,founder,studio,0.0,0
3,3,2,founder,assist,1.5119999999999998,0
3,3,2,founder,business,0.0,0
3,3,2,partners,studio,0.0,0
3,3,2,partners,assist,0.5292,0
3,3,2,partners,business,0.0,0
3,3,2,case_content,studio,0.0,0
3,3,2,case_content,assist,0.11812499999999998,0
3,3,2,case_content,business,0.0,0
4,2,1,founder,studio,0.0,0.0
4,2,1,founder,assist,1.2247199999999998,0.28728
4,2,1,founder,business,0.0,0.0
4,2,1,partners,studio,0.0,0.0
4,2,1,partners,assist,0.428652,0.100548
4,2,1,partners,business,0.0,0.0
4,2,1,case_content,studio,0.0,0.0
4,2,1,case_content,assist,0.09568124999999998,0.02244375
4,2,1,case_content,business,0.0,0.0
4,3,2,founder,studio,0.0,0.0
4,3,2,founder,assist,1.3607999999999998,0.1512
4,3,2,founder,business,0.0,0.0
4,3,2,partners,studio,0.0,0.0
4,3,2,partners,assist,0.47628,0.05292
4,3,2,partners,business,0.0,0.0
4,3,2,case_content,studio,0.0,0.0
4,3,2,case_content,assist,0.10631249999999998,0.011812499999999998
4,3,2,case_content,business,0.0,0.0
4,4,3,founder,studio,0.0,0
4,4,3,founder,assist,1.5119999999999998,0
4,4,3,founder,business,0.0,0
4,4,3,partners,studio,0.0,0
4,4,3,partners,assist,0.5292,0
4,4,3,partners,business,0.0,0
4,4,3,case_content,studio,0.0,0
4,4,3,case_content,assist,0.11812499999999998,0
4,4,3,case_content,business,0.0,0
5,2,1,founder,studio,0.0,0.0
5,2,1,founder,assist,1.102248,0.40975199999999995
5,2,1,founder,business,0.0,0.0
5,2,1,partners,studio,0.0,0.0
5,2,1,partners,assist,0.3857868,0.1434132
5,2,1,partners,business,0.0,0.0
5,2,1,case_content,studio,0.0,0.0
5,2,1,case_content,assist,0.08611312499999998,0.032011874999999995
5,2,1,case_content,business,0.0,0.0
5,3,2,founder,studio,0.0,0.0
5,3,2,founder,assist,1.2247199999999998,0.28728
5,3,2,founder,business,0.0,0.0
5,3,2,partners,studio,0.0,0.0
5,3,2,partners,assist,0.428652,0.100548
5,3,2,partners,business,0.0,0.0
5,3,2,case_content,studio,0.0,0.0
5,3,2,case_content,assist,0.09568124999999998,0.02244375
5,3,2,case_content,business,0.0,0.0
5,4,3,founder,studio,0.0,0.0
5,4,3,founder,assist,1.3607999999999998,0.1512
5,4,3,founder,business,0.0,0.0
5,4,3,partners,studio,0.0,0.0
5,4,3,partners,assist,0.47628,0.05292
5,4,3,partners,business,0.0,0.0
5,4,3,case_content,studio,0.0,0.0
5,4,3,case_content,assist,0.10631249999999998,0.011812499999999998
5,4,3,case_content,business,0.0,0.0
5,5,4,founder,studio,0.0,0
5,5,4,founder,assist,1.5119999999999998,0
5,5,4,founder,business,0.0,0
5,5,4,partners,studio,0.0,0
5,5,4,partners,assist,0.5292,0
5,5,4,partners,business,0.0,0
5,5,4,case_content,studio,0.0,0
5,5,4,case_content,assist,0.11812499999999998,0
5,5,4,case_content,business,0.0,0
6,2,1,founder,studio,0.0,0.0
6,2,1,founder,assist,0.9920231999999999,0.5199767999999999
6,2,1,founder,business,0.0,0.0
6,2,1,partners,studio,0.0,0.0
6,2,1,partners,assist,0.34720812,0.18199188
6,2,1,partners,business,0.0,0.0
6,2,1,case_content,studio,0.0,0.0
6,2,1,case_content,assist,0.07750181249999999,0.04062318749999999
6,2,1,case_content,business,0.0,0.0
6,3,2,founder,studio,0.0,0.0
6,3,2,founder,assist,1.102248,0.40975199999999995
6,3,2,founder,business,0.0,0.0
6,3,2,partners,studio,0.0,0.0
6,3,2,partners,assist,0.3857868,0.1434132
6,3,2,partners,business,0.0,0.0
6,3,2,case_content,studio,0.0,0.0
6,3,2,case_content,assist,0.08611312499999998,0.032011874999999995
6,3,2,case_content,business,0.0,0.0
6,4,3,founder,studio,0.0,0.0
6,4,3,founder,assist,1.2247199999999998,0.28728
6,4,3,founder,business,0.0,0.0
6,4,3,partners,studio,0.0,0.0
6,4,3,partners,assist,0.428652,0.100548
6,4,3,partners,business,0.0,0.0
6,4,3,case_content,studio,0.0,0.0
6,4,3,case_content,assist,0.09568124999999998,0.02244375
6,4,3,case_content,business,0.0,0.0
6,5,4,founder,studio,0.0,0.0
6,5,4,founder,assist,1.3607999999999998,0.1512
6,5,4,founder,business,0.0,0.0
6,5,4,partners,studio,0.0,0.0
6,5,4,partners,assist,0.47628,0.05292
6,5,4,partners,business,0.0,0.0
6,5,4,case_content,studio,0.0,0.0
6,5,4,case_content,assist,0.10631249999999998,0.011812499999999998
6,5,4,case_content,business,0.0,0.0
6,6,5,founder,studio,0.0,0
6,6,5,founder,assist,1.5119999999999998,0
6,6,5,founder,business,0.0,0
6,6,5,partners,studio,0.0,0
6,6,5,partners,assist,0.5292,0
6,6,5,partners,business,0.0,0
6,6,5,case_content,studio,0.0,0
6,6,5,case_content,assist,0.11812499999999998,0
6,6,5,case_content,business,0.0,0
7,2,1,founder,studio,0.0,0.0
7,2,1,founder,assist,0.8928208799999999,0.6191791199999999
7,2,1,founder,business,0.0,0.0
7,2,1,partners,studio,0.0,0.0
7,2,1,partners,assist,0.312487308,0.21671269199999998
7,2,1,partners,business,0.0,0.0
7,2,1,case_content,studio,0.0,0.0
7,2,1,case_content,assist,0.06975163124999999,0.04837336874999999
7,2,1,case_content,business,0.0,0.0
7,3,2,founder,studio,0.0,0.0
7,3,2,founder,assist,0.9920231999999999,0.5199767999999999
7,3,2,founder,business,0.0,0.0
7,3,2,partners,studio,0.0,0.0
7,3,2,partners,assist,0.34720812,0.18199188
7,3,2,partners,business,0.0,0.0
7,3,2,case_content,studio,0.0,0.0
7,3,2,case_content,assist,0.07750181249999999,0.04062318749999999
7,3,2,case_content,business,0.0,0.0
7,4,3,founder,studio,0.0,0.0
7,4,3,founder,assist,1.102248,0.40975199999999995
7,4,3,founder,business,0.0,0.0
7,4,3,partners,studio,0.0,0.0
7,4,3,partners,assist,0.3857868,0.1434132
7,4,3,partners,business,0.0,0.0
7,4,3,case_content,studio,0.0,0.0
7,4,3,case_content,assist,0.08611312499999998,0.032011874999999995
7,4,3,case_content,business,0.0,0.0
7,5,4,founder,studio,0.0,0.0
7,5,4,founder,assist,1.2247199999999998,0.28728
7,5,4,founder,business,0.0,0.0
7,5,4,partners,studio,0.0,0.0
7,5,4,partners,assist,0.428652,0.100548
7,5,4,partners,business,0.0,0.0
7,5,4,case_content,studio,0.0,0.0
7,5,4,case_content,assist,0.09568124999999998,0.02244375
7,5,4,case_content,business,0.0,0.0
7,6,5,founder,studio,0.0,0.0
7,6,5,founder,assist,1.3607999999999998,0.1512
7,6,5,founder,business,0.0,0.0
7,6,5,partners,studio,0.0,0.0
7,6,5,partners,assist,0.47628,0.05292
7,6,5,partners,business,0.0,0.0
7,6,5,case_content,studio,0.0,0.0
7,6,5,case_content,assist,0.10631249999999998,0.011812499999999998
7,6,5,case_content,business,0.0,0.0
7,7,6,founder,studio,0.0,0
7,7,6,founder,assist,1.5119999999999998,0
7,7,6,founder,business,0.0,0
7,7,6,partners,studio,0.0,0
7,7,6,partners,assist,0.5292,0
7,7,6,partners,business,0.0,0
7,7,6,case_content,studio,0.0,0
7,7,6,case_content,assist,0.11812499999999998,0
7,7,6,case_content,business,0.0,0
8,2,1,founder,studio,0.0,0.0
8,2,1,founder,assist,0.8035387919999999,0.7084612079999999
8,2,1,founder,business,0.0,0.0
8,2,1,partners,studio,0.0,0.0
8,2,1,partners,assist,0.2812385772,0.2479614228
8,2,1,partners,business,0.0,0.0
8,2,1,case_content,studio,0.0,0.0
8,2,1,case_content,assist,0.06277646812499998,0.055348531874999995
8,2,1,case_content,business,0.0,0.0
8,3,2,founder,studio,0.0,0.0
8,3,2,founder,assist,0.8928208799999999,0.6191791199999999
8,3,2,founder,business,0.0,0.0
8,3,2,partners,studio,0.0,0.0
8,3,2,partners,assist,0.312487308,0.21671269199999998
8,3,2,partners,business,0.0,0.0
8,3,2,case_content,studio,0.0,0.0
8,3,2,case_content,assist,0.06975163124999999,0.04837336874999999
8,3,2,case_content,business,0.0,0.0
8,4,3,founder,studio,0.0,0.0
8,4,3,founder,assist,0.9920231999999999,0.5199767999999999
8,4,3,founder,business,0.0,0.0
8,4,3,partners,studio,0.0,0.0
8,4,3,partners,assist,0.34720812,0.18199188
8,4,3,partners,business,0.0,0.0
8,4,3,case_content,studio,0.0,0.0
8,4,3,case_content,assist,0.07750181249999999,0.04062318749999999
8,4,3,case_content,business,0.0,0.0
8,5,4,founder,studio,0.0,0.0
8,5,4,founder,assist,1.102248,0.40975199999999995
8,5,4,founder,business,0.0,0.0
8,5,4,partners,studio,0.0,0.0
8,5,4,partners,assist,0.3857868,0.1434132
8,5,4,partners,business,0.0,0.0
8,5,4,case_content,studio,0.0,0.0
8,5,4,case_content,assist,0.08611312499999998,0.032011874999999995
8,5,4,case_content,business,0.0,0.0
8,6,5,founder,studio,0.0,0.0
8,6,5,founder,assist,1.2247199999999998,0.28728
8,6,5,founder,business,0.0,0.0
8,6,5,partners,studio,0.0,0.0
8,6,5,partners,assist,0.428652,0.100548
8,6,5,partners,business,0.0,0.0
8,6,5,case_content,studio,0.0,0.0
8,6,5,case_content,assist,0.09568124999999998,0.02244375
8,6,5,case_content,business,0.0,0.0
8,7,6,founder,studio,0.0,0.0
8,7,6,founder,assist,1.3607999999999998,0.1512
8,7,6,founder,business,0.0,0.0
8,7,6,partners,studio,0.0,0.0
8,7,6,partners,assist,0.47628,0.05292
8,7,6,partners,business,0.0,0.0
8,7,6,case_content,studio,0.0,0.0
8,7,6,case_content,assist,0.10631249999999998,0.011812499999999998
8,7,6,case_content,business,0.0,0.0
8,8,7,founder,studio,0.0,0
8,8,7,founder,assist,1.5119999999999998,0
8,8,7,founder,business,0.0,0
8,8,7,partners,studio,0.0,0
8,8,7,partners,assist,0.5292,0
8,8,7,partners,business,0.0,0
8,8,7,case_content,studio,0.0,0
8,8,7,case_content,assist,0.11812499999999998,0
8,8,7,case_content,business,0.0,0
9,2,1,founder,studio,0.0,0.0
9,2,1,founder,assist,0.7231849127999999,0.7888150871999999
9,2,1,founder,business,0.0,0.0
9,2,1,partners,studio,0.0,0.0
9,2,1,partners,assist,0.25311471948,0.27608528052
9,2,1,partners,business,0.0,0.0
9,2,1,case_content,studio,0.0,0.0
9,2,1,case_content,assist,0.05649882131249999,0.06162617868749999
9,2,1,case_content,business,0.0,0.0
9,3,2,founder,studio,0.0,0.0
9,3,2,founder,assist,0.8035387919999999,0.7084612079999999
9,3,2,founder,business,0.0,0.0
9,3,2,partners,studio,0.0,0.0
9,3,2,partners,assist,0.2812385772,0.2479614228
9,3,2,partners,business,0.0,0.0
9,3,2,case_content,studio,0.0,0.0
9,3,2,case_content,assist,0.06277646812499998,0.055348531874999995
9,3,2,case_content,business,0.0,0.0
9,4,3,founder,studio,0.0,0.0
9,4,3,founder,assist,0.8928208799999999,0.6191791199999999
9,4,3,founder,business,0.0,0.0
9,4,3,partners,studio,0.0,0.0
9,4,3,partners,assist,0.312487308,0.21671269199999998
9,4,3,partners,business,0.0,0.0
9,4,3,case_content,studio,0.0,0.0
9,4,3,case_content,assist,0.06975163124999999,0.04837336874999999
9,4,3,case_content,business,0.0,0.0
9,5,4,founder,studio,0.0,0.0
9,5,4,founder,assist,0.9920231999999999,0.5199767999999999
9,5,4,founder,business,0.0,0.0
9,5,4,partners,studio,0.0,0.0
9,5,4,partners,assist,0.34720812,0.18199188
9,5,4,partners,business,0.0,0.0
9,5,4,case_content,studio,0.0,0.0
9,5,4,case_content,assist,0.07750181249999999,0.04062318749999999
9,5,4,case_content,business,0.0,0.0
9,6,5,founder,studio,0.0,0.0
9,6,5,founder,assist,1.102248,0.40975199999999995
9,6,5,founder,business,0.0,0.0
9,6,5,partners,studio,0.0,0.0
9,6,5,partners,assist,0.3857868,0.1434132
9,6,5,partners,business,0.0,0.0
9,6,5,case_content,studio,0.0,0.0
9,6,5,case_content,assist,0.08611312499999998,0.032011874999999995
9,6,5,case_content,business,0.0,0.0
9,7,6,founder,studio,0.0,0.0
9,7,6,founder,assist,1.2247199999999998,0.28728
9,7,6,founder,business,0.0,0.0
9,7,6,partners,studio,0.0,0.0
9,7,6,partners,assist,0.428652,0.100548
9,7,6,partners,business,0.0,0.0
9,7,6,case_content,studio,0.0,0.0
9,7,6,case_content,assist,0.09568124999999998,0.02244375
9,7,6,case_content,business,0.0,0.0
9,8,7,founder,studio,0.0,0.0
9,8,7,founder,assist,1.3607999999999998,0.1512
9,8,7,founder,business,0.0,0.0
9,8,7,partners,studio,0.0,0.0
9,8,7,partners,assist,0.47628,0.05292
9,8,7,partners,business,0.0,0.0
9,8,7,case_content,studio,0.0,0.0
9,8,7,case_content,assist,0.10631249999999998,0.011812499999999998
9,8,7,case_content,business,0.0,0.0
9,9,8,founder,studio,0.0,0
9,9,8,founder,assist,1.5119999999999998,0
9,9,8,founder,business,0.0,0
9,9,8,partners,studio,0.0,0
9,9,8,partners,assist,0.5292,0
9,9,8,partners,business,0.0,0
9,9,8,case_content,studio,0.0,0
9,9,8,case_content,assist,0.11812499999999998,0
9,9,8,case_content,business,0.0,0
10,2,1,founder,studio,0.0,0.0
10,2,1,founder,assist,0.6508664215199998,0.8611335784799999
10,2,1,founder,business,0.0,0.0
10,2,1,partners,studio,0.0,0.0
10,2,1,partners,assist,0.227803247532,0.30139675246799996
10,2,1,partners,business,0.0,0.0
10,2,1,case_content,studio,0.0,0.0
10,2,1,case_content,assist,0.05084893918124999,0.06727606081874998
10,2,1,case_content,business,0.0,0.0
10,3,2,founder,studio,0.0,0.0
10,3,2,founder,assist,0.7231849127999999,0.7888150871999999
10,3,2,founder,business,0.0,0.0
10,3,2,partners,studio,0.0,0.0
10,3,2,partners,assist,0.25311471948,0.27608528052
10,3,2,partners,business,0.0,0.0
10,3,2,case_content,studio,0.0,0.0
10,3,2,case_content,assist,0.05649882131249999,0.06162617868749999
10,3,2,case_content,business,0.0,0.0
10,4,3,founder,studio,0.0,0.0
10,4,3,founder,assist,0.8035387919999999,0.7084612079999999
10,4,3,founder,business,0.0,0.0
10,4,3,partners,studio,0.0,0.0
10,4,3,partners,assist,0.2812385772,0.2479614228
10,4,3,partners,business,0.0,0.0
10,4,3,case_content,studio,0.0,0.0
10,4,3,case_content,assist,0.06277646812499998,0.055348531874999995
10,4,3,case_content,business,0.0,0.0
10,5,4,founder,studio,0.0,0.0
10,5,4,founder,assist,0.8928208799999999,0.6191791199999999
10,5,4,founder,business,0.0,0.0
10,5,4,partners,studio,0.0,0.0
10,5,4,partners,assist,0.312487308,0.21671269199999998
10,5,4,partners,business,0.0,0.0
10,5,4,case_content,studio,0.0,0.0
10,5,4,case_content,assist,0.06975163124999999,0.04837336874999999
10,5,4,case_content,business,0.0,0.0
10,6,5,founder,studio,0.0,0.0
10,6,5,founder,assist,0.9920231999999999,0.5199767999999999
10,6,5,founder,business,0.0,0.0
10,6,5,partners,studio,0.0,0.0
10,6,5,partners,assist,0.34720812,0.18199188
10,6,5,partners,business,0.0,0.0
10,6,5,case_content,studio,0.0,0.0
10,6,5,case_content,assist,0.07750181249999999,0.04062318749999999
10,6,5,case_content,business,0.0,0.0
10,7,6,founder,studio,0.0,0.0
10,7,6,founder,assist,1.102248,0.40975199999999995
10,7,6,founder,business,0.0,0.0
10,7,6,partners,studio,0.0,0.0
10,7,6,partners,assist,0.3857868,0.1434132
10,7,6,partners,business,0.0,0.0
10,7,6,case_content,studio,0.0,0.0
10,7,6,case_content,assist,0.08611312499999998,0.032011874999999995
10,7,6,case_content,business,0.0,0.0
10,8,7,founder,studio,0.0,0.0
10,8,7,founder,assist,1.2247199999999998,0.28728
10,8,7,founder,business,0.0,0.0
10,8,7,partners,studio,0.0,0.0
10,8,7,partners,assist,0.428652,0.100548
10,8,7,partners,business,0.0,0.0
10,8,7,case_content,studio,0.0,0.0
10,8,7,case_content,assist,0.09568124999999998,0.02244375
10,8,7,case_content,business,0.0,0.0
10,9,8,founder,studio,0.0,0.0
10,9,8,founder,assist,1.3607999999999998,0.1512
10,9,8,founder,business,0.0,0.0
10,9,8,partners,studio,0.0,0.0
10,9,8,partners,assist,0.47628,0.05292
10,9,8,partners,business,0.0,0.0
10,9,8,case_content,studio,0.0,0.0
10,9,8,case_content,assist,0.10631249999999998,0.011812499999999998
10,9,8,case_content,business,0.0,0.0
10,10,9,founder,studio,0.0,0
10,10,9,founder,assist,1.5119999999999998,0
10,10,9,founder,business,0.0,0
10,10,9,partners,studio,0.0,0
10,10,9,partners,assist,0.5292,0
10,10,9,partners,business,0.0,0
10,10,9,case_content,studio,0.0,0
10,10,9,case_content,assist,0.11812499999999998,0
10,10,9,case_content,business,0.0,0
11,2,1,founder,studio,0.0,0.0
11,2,1,founder,assist,0.5857797793679999,0.9262202206319999
11,2,1,founder,business,0.0,0.0
11,2,1,partners,studio,0.0,0.0
11,2,1,partners,assist,0.20502292277880002,0.3241770772212
11,2,1,partners,business,0.0,0.0
11,2,1,case_content,studio,0.0,0.0
11,2,1,case_content,assist,0.04576404526312499,0.07236095473687498
11,2,1,case_content,business,0.0,0.0
11,3,2,founder,studio,0.0,0.0
11,3,2,founder,assist,0.6508664215199998,0.8611335784799999
11,3,2,founder,business,0.0,0.0
11,3,2,partners,studio,0.0,0.0
11,3,2,partners,assist,0.227803247532,0.30139675246799996
11,3,2,partners,business,0.0,0.0
11,3,2,case_content,studio,0.0,0.0
11,3,2,case_content,assist,0.05084893918124999,0.06727606081874998
11,3,2,case_content,business,0.0,0.0
11,4,3,founder,studio,0.0,0.0
11,4,3,founder,assist,0.7231849127999999,0.7888150871999999
11,4,3,founder,business,0.0,0.0
11,4,3,partners,studio,0.0,0.0
11,4,3,partners,assist,0.25311471948,0.27608528052
11,4,3,partners,business,0.0,0.0
11,4,3,case_content,studio,0.0,0.0
11,4,3,case_content,assist,0.05649882131249999,0.06162617868749999
11,4,3,case_content,business,0.0,0.0
11,5,4,founder,studio,0.0,0.0
11,5,4,founder,assist,0.8035387919999999,0.7084612079999999
11,5,4,founder,business,0.0,0.0
11,5,4,partners,studio,0.0,0.0
11,5,4,partners,assist,0.2812385772,0.2479614228
11,5,4,partners,business,0.0,0.0
11,5,4,case_content,studio,0.0,0.0
11,5,4,case_content,assist,0.06277646812499998,0.055348531874999995
11,5,4,case_content,business,0.0,0.0
11,6,5,founder,studio,0.0,0.0
11,6,5,founder,assist,0.8928208799999999,0.6191791199999999
11,6,5,founder,business,0.0,0.0
11,6,5,partners,studio,0.0,0.0
11,6,5,partners,assist,0.312487308,0.21671269199999998
11,6,5,partners,business,0.0,0.0
11,6,5,case_content,studio,0.0,0.0
11,6,5,case_content,assist,0.06975163124999999,0.04837336874999999
11,6,5,case_content,business,0.0,0.0
11,7,6,founder,studio,0.0,0.0
11,7,6,founder,assist,0.9920231999999999,0.5199767999999999
11,7,6,founder,business,0.0,0.0
11,7,6,partners,studio,0.0,0.0
11,7,6,partners,assist,0.34720812,0.18199188
11,7,6,partners,business,0.0,0.0
11,7,6,case_content,studio,0.0,0.0
11,7,6,case_content,assist,0.07750181249999999,0.04062318749999999
11,7,6,case_content,business,0.0,0.0
11,8,7,founder,studio,0.0,0.0
11,8,7,founder,assist,1.102248,0.40975199999999995
11,8,7,founder,business,0.0,0.0
11,8,7,partners,studio,0.0,0.0
11,8,7,partners,assist,0.3857868,0.1434132
11,8,7,partners,business,0.0,0.0
11,8,7,case_content,studio,0.0,0.0
11,8,7,case_content,assist,0.08611312499999998,0.032011874999999995
11,8,7,case_content,business,0.0,0.0
11,9,8,founder,studio,0.0,0.0
11,9,8,founder,assist,1.2247199999999998,0.28728
11,9,8,founder,business,0.0,0.0
11,9,8,partners,studio,0.0,0.0
11,9,8,partners,assist,0.428652,0.100548
11,9,8,partners,business,0.0,0.0
11,9,8,case_content,studio,0.0,0.0
11,9,8,case_content,assist,0.09568124999999998,0.02244375
11,9,8,case_content,business,0.0,0.0
11,10,9,founder,studio,0.0,0.0
11,10,9,founder,assist,1.3607999999999998,0.1512
11,10,9,founder,business,0.0,0.0
11,10,9,partners,studio,0.0,0.0
11,10,9,partners,assist,0.47628,0.05292
11,10,9,partners,business,0.0,0.0
11,10,9,case_content,studio,0.0,0.0
11,10,9,case_content,assist,0.10631249999999998,0.011812499999999998
11,10,9,case_content,business,0.0,0.0
11,11,10,founder,studio,0.0,0
11,11,10,founder,assist,1.5119999999999998,0
11,11,10,founder,business,0.0,0
11,11,10,partners,studio,0.0,0
11,11,10,partners,assist,0.5292,0
11,11,10,partners,business,0.0,0
11,11,10,case_content,studio,0.0,0
11,11,10,case_content,assist,0.11812499999999998,0
11,11,10,case_content,business,0.0,0
12,2,1,founder,studio,0.0,0.0
12,2,1,founder,assist,0.5272018014311999,0.9847981985687999
12,2,1,founder,business,0.0,0.0
12,2,1,partners,studio,0.0,0.0
12,2,1,partners,assist,0.18452063050092002,0.34467936949907996
12,2,1,partners,business,0.0,0.0
12,2,1,case_content,studio,0.0,0.0
12,2,1,case_content,assist,0.04118764073681249,0.07693735926318748
12,2,1,case_content,business,0.0,0.0
12,3,2,founder,studio,0.0,0.0
12,3,2,founder,assist,0.5857797793679999,0.9262202206319999
12,3,2,founder,business,0.0,0.0
12,3,2,partners,studio,0.0,0.0
12,3,2,partners,assist,0.20502292277880002,0.3241770772212
12,3,2,partners,business,0.0,0.0
12,3,2,case_content,studio,0.0,0.0
12,3,2,case_content,assist,0.04576404526312499,0.07236095473687498
12,3,2,case_content,business,0.0,0.0
12,4,3,founder,studio,0.0,0.0
12,4,3,founder,assist,0.6508664215199998,0.8611335784799999
12,4,3,founder,business,0.0,0.0
12,4,3,partners,studio,0.0,0.0
12,4,3,partners,assist,0.227803247532,0.30139675246799996
12,4,3,partners,business,0.0,0.0
12,4,3,case_content,studio,0.0,0.0
12,4,3,case_content,assist,0.05084893918124999,0.06727606081874998
12,4,3,case_content,business,0.0,0.0
12,5,4,founder,studio,0.0,0.0
12,5,4,founder,assist,0.7231849127999999,0.7888150871999999
12,5,4,founder,business,0.0,0.0
12,5,4,partners,studio,0.0,0.0
12,5,4,partners,assist,0.25311471948,0.27608528052
12,5,4,partners,business,0.0,0.0
12,5,4,case_content,studio,0.0,0.0
12,5,4,case_content,assist,0.05649882131249999,0.06162617868749999
12,5,4,case_content,business,0.0,0.0
12,6,5,founder,studio,0.0,0.0
12,6,5,founder,assist,0.8035387919999999,0.7084612079999999
12,6,5,founder,business,0.0,0.0
12,6,5,partners,studio,0.0,0.0
12,6,5,partners,assist,0.2812385772,0.2479614228
12,6,5,partners,business,0.0,0.0
12,6,5,case_content,studio,0.0,0.0
12,6,5,case_content,assist,0.06277646812499998,0.055348531874999995
12,6,5,case_content,business,0.0,0.0
12,7,6,founder,studio,0.0,0.0
12,7,6,founder,assist,0.8928208799999999,0.6191791199999999
12,7,6,founder,business,0.0,0.0
12,7,6,partners,studio,0.0,0.0
12,7,6,partners,assist,0.312487308,0.21671269199999998
12,7,6,partners,business,0.0,0.0
12,7,6,case_content,studio,0.0,0.0
12,7,6,case_content,assist,0.06975163124999999,0.04837336874999999
12,7,6,case_content,business,0.0,0.0
12,8,7,founder,studio,0.0,0.0
12,8,7,founder,assist,0.9920231999999999,0.5199767999999999
12,8,7,founder,business,0.0,0.0
12,8,7,partners,studio,0.0,0.0
12,8,7,partners,assist,0.34720812,0.18199188
12,8,7,partners,business,0.0,0.0
12,8,7,case_content,studio,0.0,0.0
12,8,7,case_content,assist,0.07750181249999999,0.04062318749999999
12,8,7,case_content,business,0.0,0.0
12,9,8,founder,studio,0.0,0.0
12,9,8,founder,assist,1.102248,0.40975199999999995
12,9,8,founder,business,0.0,0.0
12,9,8,partners,studio,0.0,0.0
12,9,8,partners,assist,0.3857868,0.1434132
12,9,8,partners,business,0.0,0.0
12,9,8,case_content,studio,0.0,0.0
12,9,8,case_content,assist,0.08611312499999998,0.032011874999999995
12,9,8,case_content,business,0.0,0.0
12,10,9,founder,studio,0.0,0.0
12,10,9,founder,assist,1.2247199999999998,0.28728
12,10,9,founder,business,0.0,0.0
12,10,9,partners,studio,0.0,0.0
12,10,9,partners,assist,0.428652,0.100548
12,10,9,partners,business,0.0,0.0
12,10,9,case_content,studio,0.0,0.0
12,10,9,case_content,assist,0.09568124999999998,0.02244375
12,10,9,case_content,business,0.0,0.0
12,11,10,founder,studio,0.0,0.0
12,11,10,founder,assist,1.3607999999999998,0.1512
12,11,10,founder,business,0.0,0.0
12,11,10,partners,studio,0.0,0.0
12,11,10,partners,assist,0.47628,0.05292
12,11,10,partners,business,0.0,0.0
12,11,10,case_content,studio,0.0,0.0
12,11,10,case_content,assist,0.10631249999999998,0.011812499999999998
12,11,10,case_content,business,0.0,0.0
12,12,11,founder,studio,0.0,0
12,12,11,founder,assist,1.5119999999999998,0
12,12,11,founder,business,0.0,0
12,12,11,partners,studio,0.0,0
12,12,11,partners,assist,0.5292,0
12,12,11,partners,business,0.0,0
12,12,11,case_content,studio,0.0,0
12,12,11,case_content,assist,0.11812499999999998,0
12,12,11,case_content,business,0.0,0
13,2,1,founder,studio,0.0,0.0
13,2,1,founder,assist,0.4744816212880799,1.03751837871192
13,2,1,founder,business,0.0,0.0
13,2,1,partners,studio,0.0,0.0
13,2,1,partners,assist,0.16606856745082801,0.36313143254917196
13,2,1,partners,business,0.0,0.0
13,2,1,case_content,studio,0.0,0.0
13,2,1,case_content,assist,0.037068876663131245,0.08105612333686874
13,2,1,case_content,business,0.0,0.0
13,3,2,founder,studio,0.0,0.0
13,3,2,founder,assist,0.5272018014311999,0.9847981985687999
13,3,2,founder,business,0.0,0.0
13,3,2,partners,studio,0.0,0.0
13,3,2,partners,assist,0.18452063050092002,0.34467936949907996
13,3,2,partners,business,0.0,0.0
13,3,2,case_content,studio,0.0,0.0
13,3,2,case_content,assist,0.04118764073681249,0.07693735926318748
13,3,2,case_content,business,0.0,0.0
13,4,3,founder,studio,0.0,0.0
13,4,3,founder,assist,0.5857797793679999,0.9262202206319999
13,4,3,founder,business,0.0,0.0
13,4,3,partners,studio,0.0,0.0
13,4,3,partners,assist,0.20502292277880002,0.3241770772212
13,4,3,partners,business,0.0,0.0
13,4,3,case_content,studio,0.0,0.0
13,4,3,case_content,assist,0.04576404526312499,0.07236095473687498
13,4,3,case_content,business,0.0,0.0
13,5,4,founder,studio,0.0,0.0
13,5,4,founder,assist,0.6508664215199998,0.8611335784799999
13,5,4,founder,business,0.0,0.0
13,5,4,partners,studio,0.0,0.0
13,5,4,partners,assist,0.227803247532,0.30139675246799996
13,5,4,partners,business,0.0,0.0
13,5,4,case_content,studio,0.0,0.0
13,5,4,case_content,assist,0.05084893918124999,0.06727606081874998
13,5,4,case_content,business,0.0,0.0
13,6,5,founder,studio,0.0,0.0
13,6,5,founder,assist,0.7231849127999999,0.7888150871999999
13,6,5,founder,business,0.0,0.0
13,6,5,partners,studio,0.0,0.0
13,6,5,partners,assist,0.25311471948,0.27608528052
13,6,5,partners,business,0.0,0.0
13,6,5,case_content,studio,0.0,0.0
13,6,5,case_content,assist,0.05649882131249999,0.06162617868749999
13,6,5,case_content,business,0.0,0.0
13,7,6,founder,studio,0.0,0.0
13,7,6,founder,assist,0.8035387919999999,0.7084612079999999
13,7,6,founder,business,0.0,0.0
13,7,6,partners,studio,0.0,0.0
13,7,6,partners,assist,0.2812385772,0.2479614228
13,7,6,partners,business,0.0,0.0
13,7,6,case_content,studio,0.0,0.0
13,7,6,case_content,assist,0.06277646812499998,0.055348531874999995
13,7,6,case_content,business,0.0,0.0
13,8,7,founder,studio,0.0,0.0
13,8,7,founder,assist,0.8928208799999999,0.6191791199999999
13,8,7,founder,business,0.0,0.0
13,8,7,partners,studio,0.0,0.0
13,8,7,partners,assist,0.312487308,0.21671269199999998
13,8,7,partners,business,0.0,0.0
13,8,7,case_content,studio,0.0,0.0
13,8,7,case_content,assist,0.06975163124999999,0.04837336874999999
13,8,7,case_content,business,0.0,0.0
13,9,8,founder,studio,0.0,0.0
13,9,8,founder,assist,0.9920231999999999,0.5199767999999999
13,9,8,founder,business,0.0,0.0
13,9,8,partners,studio,0.0,0.0
13,9,8,partners,assist,0.34720812,0.18199188
13,9,8,partners,business,0.0,0.0
13,9,8,case_content,studio,0.0,0.0
13,9,8,case_content,assist,0.07750181249999999,0.04062318749999999
13,9,8,case_content,business,0.0,0.0
13,10,9,founder,studio,0.0,0.0
13,10,9,founder,assist,1.102248,0.40975199999999995
13,10,9,founder,business,0.0,0.0
13,10,9,partners,studio,0.0,0.0
13,10,9,partners,assist,0.3857868,0.1434132
13,10,9,partners,business,0.0,0.0
13,10,9,case_content,studio,0.0,0.0
13,10,9,case_content,assist,0.08611312499999998,0.032011874999999995
13,10,9,case_content,business,0.0,0.0
13,11,10,founder,studio,0.0,0.0
13,11,10,founder,assist,1.2247199999999998,0.28728
13,11,10,founder,business,0.0,0.0
13,11,10,partners,studio,0.0,0.0
13,11,10,partners,assist,0.428652,0.100548
13,11,10,partners,business,0.0,0.0
13,11,10,case_content,studio,0.0,0.0
13,11,10,case_content,assist,0.09568124999999998,0.02244375
13,11,10,case_content,business,0.0,0.0
13,12,11,founder,studio,0.0,0.0
13,12,11,founder,assist,1.3607999999999998,0.1512
13,12,11,founder,business,0.0,0.0
13,12,11,partners,studio,0.0,0.0
13,12,11,partners,assist,0.47628,0.05292
13,12,11,partners,business,0.0,0.0
13,12,11,case_content,studio,0.0,0.0
13,12,11,case_content,assist,0.10631249999999998,0.011812499999999998
13,12,11,case_content,business,0.0,0.0
13,13,12,founder,studio,0.0,0
13,13,12,founder,assist,1.5119999999999998,0
13,13,12,founder,business,0.0,0
13,13,12,partners,studio,0.0,0
13,13,12,partners,assist,0.5292,0
13,13,12,partners,business,0.0,0
13,13,12,case_content,studio,0.0,0
13,13,12,case_content,assist,0.11812499999999998,0
13,13,12,case_content,business,0.0,0
14,2,1,founder,studio,0.0,0.0
14,2,1,founder,assist,0.42703345915927193,1.084966540840728
14,2,1,founder,business,0.0,0.0
14,2,1,partners,studio,0.0,0.0
14,2,1,partners,assist,0.1494617107057452,0.37973828929425474
14,2,1,partners,business,0.0,0.0
14,2,1,case_content,studio,0.0,0.0
14,2,1,case_content,assist,0.03336198899681812,0.08476301100318186
14,2,1,case_content,business,0.0,0.0
14,3,2,founder,studio,0.0,0.0
14,3,2,founder,assist,0.4744816212880799,1.03751837871192
14,3,2,founder,business,0.0,0.0
14,3,2,partners,studio,0.0,0.0
14,3,2,partners,assist,0.16606856745082801,0.36313143254917196
14,3,2,partners,business,0.0,0.0
14,3,2,case_content,studio,0.0,0.0
14,3,2,case_content,assist,0.037068876663131245,0.08105612333686874
14,3,2,case_content,business,0.0,0.0
14,4,3,founder,studio,0.0,0.0
14,4,3,founder,assist,0.5272018014311999,0.9847981985687999
14,4,3,founder,business,0.0,0.0
14,4,3,partners,studio,0.0,0.0
14,4,3,partners,assist,0.18452063050092002,0.34467936949907996
14,4,3,partners,business,0.0,0.0
14,4,3,case_content,studio,0.0,0.0
14,4,3,case_content,assist,0.04118764073681249,0.07693735926318748
14,4,3,case_content,business,0.0,0.0
14,5,4,founder,studio,0.0,0.0
14,5,4,founder,assist,0.5857797793679999,0.9262202206319999
14,5,4,founder,business,0.0,0.0
14,5,4,partners,studio,0.0,0.0
14,5,4,partners,assist,0.20502292277880002,0.3241770772212
14,5,4,partners,business,0.0,0.0
14,5,4,case_content,studio,0.0,0.0
14,5,4,case_content,assist,0.04576404526312499,0.07236095473687498
14,5,4,case_content,business,0.0,0.0
14,6,5,founder,studio,0.0,0.0
14,6,5,founder,assist,0.6508664215199998,0.8611335784799999
14,6,5,founder,business,0.0,0.0
14,6,5,partners,studio,0.0,0.0
14,6,5,partners,assist,0.227803247532,0.30139675246799996
14,6,5,partners,business,0.0,0.0
14,6,5,case_content,studio,0.0,0.0
14,6,5,case_content,assist,0.05084893918124999,0.06727606081874998
14,6,5,case_content,business,0.0,0.0
14,7,6,founder,studio,0.0,0.0
14,7,6,founder,assist,0.7231849127999999,0.7888150871999999
14,7,6,founder,business,0.0,0.0
14,7,6,partners,studio,0.0,0.0
14,7,6,partners,assist,0.25311471948,0.27608528052
14,7,6,partners,business,0.0,0.0
14,7,6,case_content,studio,0.0,0.0
14,7,6,case_content,assist,0.05649882131249999,0.06162617868749999
14,7,6,case_content,business,0.0,0.0
14,8,7,founder,studio,0.0,0.0
14,8,7,founder,assist,0.8035387919999999,0.7084612079999999
14,8,7,founder,business,0.0,0.0
14,8,7,partners,studio,0.0,0.0
14,8,7,partners,assist,0.2812385772,0.2479614228
14,8,7,partners,business,0.0,0.0
14,8,7,case_content,studio,0.0,0.0
14,8,7,case_content,assist,0.06277646812499998,0.055348531874999995
14,8,7,case_content,business,0.0,0.0
14,9,8,founder,studio,0.0,0.0
14,9,8,founder,assist,0.8928208799999999,0.6191791199999999
14,9,8,founder,business,0.0,0.0
14,9,8,partners,studio,0.0,0.0
14,9,8,partners,assist,0.312487308,0.21671269199999998
14,9,8,partners,business,0.0,0.0
14,9,8,case_content,studio,0.0,0.0
14,9,8,case_content,assist,0.06975163124999999,0.04837336874999999
14,9,8,case_content,business,0.0,0.0
14,10,9,founder,studio,0.0,0.0
14,10,9,founder,assist,0.9920231999999999,0.5199767999999999
14,10,9,founder,business,0.0,0.0
14,10,9,partners,studio,0.0,0.0
14,10,9,partners,assist,0.34720812,0.18199188
14,10,9,partners,business,0.0,0.0
14,10,9,case_content,studio,0.0,0.0
14,10,9,case_content,assist,0.07750181249999999,0.04062318749999999
14,10,9,case_content,business,0.0,0.0
14,11,10,founder,studio,0.0,0.0
14,11,10,founder,assist,1.102248,0.40975199999999995
14,11,10,founder,business,0.0,0.0
14,11,10,partners,studio,0.0,0.0
14,11,10,partners,assist,0.3857868,0.1434132
14,11,10,partners,business,0.0,0.0
14,11,10,case_content,studio,0.0,0.0
14,11,10,case_content,assist,0.08611312499999998,0.032011874999999995
14,11,10,case_content,business,0.0,0.0
14,12,11,founder,studio,0.0,0.0
14,12,11,founder,assist,1.2247199999999998,0.28728
14,12,11,founder,business,0.0,0.0
14,12,11,partners,studio,0.0,0.0
14,12,11,partners,assist,0.428652,0.100548
14,12,11,partners,business,0.0,0.0
14,12,11,case_content,studio,0.0,0.0
14,12,11,case_content,assist,0.09568124999999998,0.02244375
14,12,11,case_content,business,0.0,0.0
14,13,12,founder,studio,0.0,0.0
14,13,12,founder,assist,1.3607999999999998,0.1512
14,13,12,founder,business,0.0,0.0
14,13,12,partners,studio,0.0,0.0
14,13,12,partners,assist,0.47628,0.05292
14,13,12,partners,business,0.0,0.0
14,13,12,case_content,studio,0.0,0.0
14,13,12,case_content,assist,0.10631249999999998,0.011812499999999998
14,13,12,case_content,business,0.0,0.0
14,14,13,founder,studio,0.0,0
14,14,13,founder,assist,1.5119999999999998,0
14,14,13,founder,business,0.0,0
14,14,13,partners,studio,0.0,0
14,14,13,partners,assist,0.5292,0
14,14,13,partners,business,0.0,0
14,14,13,case_content,studio,0.0,0
14,14,13,case_content,assist,0.11812499999999998,0
14,14,13,case_content,business,0.0,0
15,2,1,founder,studio,0.0,0.0
15,2,1,founder,assist,0.38433011324334476,1.1276698867566552
15,2,1,founder,business,0.0,0.0
15,2,1,partners,studio,0.0,0.0
15,2,1,partners,assist,0.13451553963517068,0.39468446036482924
15,2,1,partners,business,0.0,0.0
15,2,1,case_content,studio,0.0,0.0
15,2,1,case_content,assist,0.03002579009713631,0.08809920990286367
15,2,1,case_content,business,0.0,0.0
15,3,2,founder,studio,0.0,0.0
15,3,2,founder,assist,0.42703345915927193,1.084966540840728
15,3,2,founder,business,0.0,0.0
15,3,2,partners,studio,0.0,0.0
15,3,2,partners,assist,0.1494617107057452,0.37973828929425474
15,3,2,partners,business,0.0,0.0
15,3,2,case_content,studio,0.0,0.0
15,3,2,case_content,assist,0.03336198899681812,0.08476301100318186
15,3,2,case_content,business,0.0,0.0
15,4,3,founder,studio,0.0,0.0
15,4,3,founder,assist,0.4744816212880799,1.03751837871192
15,4,3,founder,business,0.0,0.0
15,4,3,partners,studio,0.0,0.0
15,4,3,partners,assist,0.16606856745082801,0.36313143254917196
15,4,3,partners,business,0.0,0.0
15,4,3,case_content,studio,0.0,0.0
15,4,3,case_content,assist,0.037068876663131245,0.08105612333686874
15,4,3,case_content,business,0.0,0.0
15,5,4,founder,studio,0.0,0.0
15,5,4,founder,assist,0.5272018014311999,0.9847981985687999
15,5,4,founder,business,0.0,0.0
15,5,4,partners,studio,0.0,0.0
15,5,4,partners,assist,0.18452063050092002,0.34467936949907996
15,5,4,partners,business,0.0,0.0
15,5,4,case_content,studio,0.0,0.0
15,5,4,case_content,assist,0.04118764073681249,0.07693735926318748
15,5,4,case_content,business,0.0,0.0
15,6,5,founder,studio,0.0,0.0
15,6,5,founder,assist,0.5857797793679999,0.9262202206319999
15,6,5,founder,business,0.0,0.0
15,6,5,partners,studio,0.0,0.0
15,6,5,partners,assist,0.20502292277880002,0.3241770772212
15,6,5,partners,business,0.0,0.0
15,6,5,case_content,studio,0.0,0.0
15,6,5,case_content,assist,0.04576404526312499,0.07236095473687498
15,6,5,case_content,business,0.0,0.0
15,7,6,founder,studio,0.0,0.0
15,7,6,founder,assist,0.6508664215199998,0.8611335784799999
15,7,6,founder,business,0.0,0.0
15,7,6,partners,studio,0.0,0.0
15,7,6,partners,assist,0.227803247532,0.30139675246799996
15,7,6,partners,business,0.0,0.0
15,7,6,case_content,studio,0.0,0.0
15,7,6,case_content,assist,0.05084893918124999,0.06727606081874998
15,7,6,case_content,business,0.0,0.0
15,8,7,founder,studio,0.0,0.0
15,8,7,founder,assist,0.7231849127999999,0.7888150871999999
15,8,7,founder,business,0.0,0.0
15,8,7,partners,studio,0.0,0.0
15,8,7,partners,assist,0.25311471948,0.27608528052
15,8,7,partners,business,0.0,0.0
15,8,7,case_content,studio,0.0,0.0
15,8,7,case_content,assist,0.05649882131249999,0.06162617868749999
15,8,7,case_content,business,0.0,0.0
15,9,8,founder,studio,0.0,0.0
15,9,8,founder,assist,0.8035387919999999,0.7084612079999999
15,9,8,founder,business,0.0,0.0
15,9,8,partners,studio,0.0,0.0
15,9,8,partners,assist,0.2812385772,0.2479614228
15,9,8,partners,business,0.0,0.0
15,9,8,case_content,studio,0.0,0.0
15,9,8,case_content,assist,0.06277646812499998,0.055348531874999995
15,9,8,case_content,business,0.0,0.0
15,10,9,founder,studio,0.0,0.0
15,10,9,founder,assist,0.8928208799999999,0.6191791199999999
15,10,9,founder,business,0.0,0.0
15,10,9,partners,studio,0.0,0.0
15,10,9,partners,assist,0.312487308,0.21671269199999998
15,10,9,partners,business,0.0,0.0
15,10,9,case_content,studio,0.0,0.0
15,10,9,case_content,assist,0.06975163124999999,0.04837336874999999
15,10,9,case_content,business,0.0,0.0
15,11,10,founder,studio,0.0,0.0
15,11,10,founder,assist,0.9920231999999999,0.5199767999999999
15,11,10,founder,business,0.0,0.0
15,11,10,partners,studio,0.0,0.0
15,11,10,partners,assist,0.34720812,0.18199188
15,11,10,partners,business,0.0,0.0
15,11,10,case_content,studio,0.0,0.0
15,11,10,case_content,assist,0.07750181249999999,0.04062318749999999
15,11,10,case_content,business,0.0,0.0
15,12,11,founder,studio,0.0,0.0
15,12,11,founder,assist,1.102248,0.40975199999999995
15,12,11,founder,business,0.0,0.0
15,12,11,partners,studio,0.0,0.0
15,12,11,partners,assist,0.3857868,0.1434132
15,12,11,partners,business,0.0,0.0
15,12,11,case_content,studio,0.0,0.0
15,12,11,case_content,assist,0.08611312499999998,0.032011874999999995
15,12,11,case_content,business,0.0,0.0
15,13,12,founder,studio,0.0,0.0
15,13,12,founder,assist,1.2247199999999998,0.28728
15,13,12,founder,business,0.0,0.0
15,13,12,partners,studio,0.0,0.0
15,13,12,partners,assist,0.428652,0.100548
15,13,12,partners,business,0.0,0.0
15,13,12,case_content,studio,0.0,0.0
15,13,12,case_content,assist,0.09568124999999998,0.02244375
15,13,12,case_content,business,0.0,0.0
15,14,13,founder,studio,0.0,0.0
15,14,13,founder,assist,1.3607999999999998,0.1512
15,14,13,founder,business,0.0,0.0
15,14,13,partners,studio,0.0,0.0
15,14,13,partners,assist,0.47628,0.05292
15,14,13,partners,business,0.0,0.0
15,14,13,case_content,studio,0.0,0.0
15,14,13,case_content,assist,0.10631249999999998,0.011812499999999998
15,14,13,case_content,business,0.0,0.0
15,15,14,founder,studio,0.0,0
15,15,14,founder,assist,1.5119999999999998,0
15,15,14,founder,business,0.0,0
15,15,14,partners,studio,0.0,0
15,15,14,partners,assist,0.5292,0
15,15,14,partners,business,0.0,0
15,15,14,case_content,studio,0.0,0
15,15,14,case_content,assist,0.11812499999999998,0
15,15,14,case_content,business,0.0,0
16,2,1,founder,studio,0.0,0.0
16,2,1,founder,assist,0.3458971019190103,1.1661028980809898
16,2,1,founder,business,0.0,0.0
16,2,1,partners,studio,0.0,0.0
16,2,1,partners,assist,0.1210639856716536,0.4081360143283463
16,2,1,partners,business,0.0,0.0
16,2,1,case_content,studio,0.0,0.0
16,2,1,case_content,assist,0.02702321108742268,0.09110178891257731
16,2,1,case_content,business,0.0,0.0
16,3,2,founder,studio,0.0,0.0
16,3,2,founder,assist,0.38433011324334476,1.1276698867566552
16,3,2,founder,business,0.0,0.0
16,3,2,partners,studio,0.0,0.0
16,3,2,partners,assist,0.13451553963517068,0.39468446036482924
16,3,2,partners,business,0.0,0.0
16,3,2,case_content,studio,0.0,0.0
16,3,2,case_content,assist,0.03002579009713631,0.08809920990286367
16,3,2,case_content,business,0.0,0.0
16,4,3,founder,studio,0.0,0.0
16,4,3,founder,assist,0.42703345915927193,1.084966540840728
16,4,3,founder,business,0.0,0.0
16,4,3,partners,studio,0.0,0.0
16,4,3,partners,assist,0.1494617107057452,0.37973828929425474
16,4,3,partners,business,0.0,0.0
16,4,3,case_content,studio,0.0,0.0
16,4,3,case_content,assist,0.03336198899681812,0.08476301100318186
16,4,3,case_content,business,0.0,0.0
16,5,4,founder,studio,0.0,0.0
16,5,4,founder,assist,0.4744816212880799,1.03751837871192
16,5,4,founder,business,0.0,0.0
16,5,4,partners,studio,0.0,0.0
16,5,4,partners,assist,0.16606856745082801,0.36313143254917196
16,5,4,partners,business,0.0,0.0
16,5,4,case_content,studio,0.0,0.0
16,5,4,case_content,assist,0.037068876663131245,0.08105612333686874
16,5,4,case_content,business,0.0,0.0
16,6,5,founder,studio,0.0,0.0
16,6,5,founder,assist,0.5272018014311999,0.9847981985687999
16,6,5,founder,business,0.0,0.0
16,6,5,partners,studio,0.0,0.0
16,6,5,partners,assist,0.18452063050092002,0.34467936949907996
16,6,5,partners,business,0.0,0.0
16,6,5,case_content,studio,0.0,0.0
16,6,5,case_content,assist,0.04118764073681249,0.07693735926318748
16,6,5,case_content,business,0.0,0.0
16,7,6,founder,studio,0.0,0.0
16,7,6,founder,assist,0.5857797793679999,0.9262202206319999
16,7,6,founder,business,0.0,0.0
16,7,6,partners,studio,0.0,0.0
16,7,6,partners,assist,0.20502292277880002,0.3241770772212
16,7,6,partners,business,0.0,0.0
16,7,6,case_content,studio,0.0,0.0
16,7,6,case_content,assist,0.04576404526312499,0.07236095473687498
16,7,6,case_content,business,0.0,0.0
16,8,7,founder,studio,0.0,0.0
16,8,7,founder,assist,0.6508664215199998,0.8611335784799999
16,8,7,founder,business,0.0,0.0
16,8,7,partners,studio,0.0,0.0
16,8,7,partners,assist,0.227803247532,0.30139675246799996
16,8,7,partners,business,0.0,0.0
16,8,7,case_content,studio,0.0,0.0
16,8,7,case_content,assist,0.05084893918124999,0.06727606081874998
16,8,7,case_content,business,0.0,0.0
16,9,8,founder,studio,0.0,0.0
16,9,8,founder,assist,0.7231849127999999,0.7888150871999999
16,9,8,founder,business,0.0,0.0
16,9,8,partners,studio,0.0,0.0
16,9,8,partners,assist,0.25311471948,0.27608528052
16,9,8,partners,business,0.0,0.0
16,9,8,case_content,studio,0.0,0.0
16,9,8,case_content,assist,0.05649882131249999,0.06162617868749999
16,9,8,case_content,business,0.0,0.0
16,10,9,founder,studio,0.0,0.0
16,10,9,founder,assist,0.8035387919999999,0.7084612079999999
16,10,9,founder,business,0.0,0.0
16,10,9,partners,studio,0.0,0.0
16,10,9,partners,assist,0.2812385772,0.2479614228
16,10,9,partners,business,0.0,0.0
16,10,9,case_content,studio,0.0,0.0
16,10,9,case_content,assist,0.06277646812499998,0.055348531874999995
16,10,9,case_content,business,0.0,0.0
16,11,10,founder,studio,0.0,0.0
16,11,10,founder,assist,0.8928208799999999,0.6191791199999999
16,11,10,founder,business,0.0,0.0
16,11,10,partners,studio,0.0,0.0
16,11,10,partners,assist,0.312487308,0.21671269199999998
16,11,10,partners,business,0.0,0.0
16,11,10,case_content,studio,0.0,0.0
16,11,10,case_content,assist,0.06975163124999999,0.04837336874999999
16,11,10,case_content,business,0.0,0.0
16,12,11,founder,studio,0.0,0.0
16,12,11,founder,assist,0.9920231999999999,0.5199767999999999
16,12,11,founder,business,0.0,0.0
16,12,11,partners,studio,0.0,0.0
16,12,11,partners,assist,0.34720812,0.18199188
16,12,11,partners,business,0.0,0.0
16,12,11,case_content,studio,0.0,0.0
16,12,11,case_content,assist,0.07750181249999999,0.04062318749999999
16,12,11,case_content,business,0.0,0.0
16,13,12,founder,studio,0.0,0.0
16,13,12,founder,assist,1.102248,0.40975199999999995
16,13,12,founder,business,0.0,0.0
16,13,12,partners,studio,0.0,0.0
16,13,12,partners,assist,0.3857868,0.1434132
16,13,12,partners,business,0.0,0.0
16,13,12,case_content,studio,0.0,0.0
16,13,12,case_content,assist,0.08611312499999998,0.032011874999999995
16,13,12,case_content,business,0.0,0.0
16,14,13,founder,studio,0.0,0.0
16,14,13,founder,assist,1.2247199999999998,0.28728
16,14,13,founder,business,0.0,0.0
16,14,13,partners,studio,0.0,0.0
16,14,13,partners,assist,0.428652,0.100548
16,14,13,partners,business,0.0,0.0
16,14,13,case_content,studio,0.0,0.0
16,14,13,case_content,assist,0.09568124999999998,0.02244375
16,14,13,case_content,business,0.0,0.0
16,15,14,founder,studio,0.0,0.0
16,15,14,founder,assist,1.3607999999999998,0.1512
16,15,14,founder,business,0.0,0.0
16,15,14,partners,studio,0.0,0.0
16,15,14,partners,assist,0.47628,0.05292
16,15,14,partners,business,0.0,0.0
16,15,14,case_content,studio,0.0,0.0
16,15,14,case_content,assist,0.10631249999999998,0.011812499999999998
16,15,14,case_content,business,0.0,0.0
16,16,15,founder,studio,0.0,0
16,16,15,founder,assist,1.5119999999999998,0
16,16,15,founder,business,0.0,0
16,16,15,partners,studio,0.0,0
16,16,15,partners,assist,0.5292,0
16,16,15,partners,business,0.0,0
16,16,15,case_content,studio,0.0,0
16,16,15,case_content,assist,0.11812499999999998,0
16,16,15,case_content,business,0.0,0
17,2,1,founder,studio,0.0,0.0
17,2,1,founder,assist,0.31130739172710925,1.2006926082728908
17,2,1,founder,business,0.0,0.0
17,2,1,partners,studio,0.0,0.0
17,2,1,partners,assist,0.10895758710448825,0.4202424128955117
17,2,1,partners,business,0.0,0.0
17,2,1,case_content,studio,0.0,0.0
17,2,1,case_content,assist,0.02432088997868041,0.09380411002131958
17,2,1,case_content,business,0.0,0.0
17,3,2,founder,studio,0.0,0.0
17,3,2,founder,assist,0.3458971019190103,1.1661028980809898
17,3,2,founder,business,0.0,0.0
17,3,2,partners,studio,0.0,0.0
17,3,2,partners,assist,0.1210639856716536,0.4081360143283463
17,3,2,partners,business,0.0,0.0
17,3,2,case_content,studio,0.0,0.0
17,3,2,case_content,assist,0.02702321108742268,0.09110178891257731
17,3,2,case_content,business,0.0,0.0
17,4,3,founder,studio,0.0,0.0
17,4,3,founder,assist,0.38433011324334476,1.1276698867566552
17,4,3,founder,business,0.0,0.0
17,4,3,partners,studio,0.0,0.0
17,4,3,partners,assist,0.13451553963517068,0.39468446036482924
17,4,3,partners,business,0.0,0.0
17,4,3,case_content,studio,0.0,0.0
17,4,3,case_content,assist,0.03002579009713631,0.08809920990286367
17,4,3,case_content,business,0.0,0.0
17,5,4,founder,studio,0.0,0.0
17,5,4,founder,assist,0.42703345915927193,1.084966540840728
17,5,4,founder,business,0.0,0.0
17,5,4,partners,studio,0.0,0.0
17,5,4,partners,assist,0.1494617107057452,0.37973828929425474
17,5,4,partners,business,0.0,0.0
17,5,4,case_content,studio,0.0,0.0
17,5,4,case_content,assist,0.03336198899681812,0.08476301100318186
17,5,4,case_content,business,0.0,0.0
17,6,5,founder,studio,0.0,0.0
17,6,5,founder,assist,0.4744816212880799,1.03751837871192
17,6,5,founder,business,0.0,0.0
17,6,5,partners,studio,0.0,0.0
17,6,5,partners,assist,0.16606856745082801,0.36313143254917196
17,6,5,partners,business,0.0,0.0
17,6,5,case_content,studio,0.0,0.0
17,6,5,case_content,assist,0.037068876663131245,0.08105612333686874
17,6,5,case_content,business,0.0,0.0
17,7,6,founder,studio,0.0,0.0
17,7,6,founder,assist,0.5272018014311999,0.9847981985687999
17,7,6,founder,business,0.0,0.0
17,7,6,partners,studio,0.0,0.0
17,7,6,partners,assist,0.18452063050092002,0.34467936949907996
17,7,6,partners,business,0.0,0.0
17,7,6,case_content,studio,0.0,0.0
17,7,6,case_content,assist,0.04118764073681249,0.07693735926318748
17,7,6,case_content,business,0.0,0.0
17,8,7,founder,studio,0.0,0.0
17,8,7,founder,assist,0.5857797793679999,0.9262202206319999
17,8,7,founder,business,0.0,0.0
17,8,7,partners,studio,0.0,0.0
17,8,7,partners,assist,0.20502292277880002,0.3241770772212
17,8,7,partners,business,0.0,0.0
17,8,7,case_content,studio,0.0,0.0
17,8,7,case_content,assist,0.04576404526312499,0.07236095473687498
17,8,7,case_content,business,0.0,0.0
17,9,8,founder,studio,0.0,0.0
17,9,8,founder,assist,0.6508664215199998,0.8611335784799999
17,9,8,founder,business,0.0,0.0
17,9,8,partners,studio,0.0,0.0
17,9,8,partners,assist,0.227803247532,0.30139675246799996
17,9,8,partners,business,0.0,0.0
17,9,8,case_content,studio,0.0,0.0
17,9,8,case_content,assist,0.05084893918124999,0.06727606081874998
17,9,8,case_content,business,0.0,0.0
17,10,9,founder,studio,0.0,0.0
17,10,9,founder,assist,0.7231849127999999,0.7888150871999999
17,10,9,founder,business,0.0,0.0
17,10,9,partners,studio,0.0,0.0
17,10,9,partners,assist,0.25311471948,0.27608528052
17,10,9,partners,business,0.0,0.0
17,10,9,case_content,studio,0.0,0.0
17,10,9,case_content,assist,0.05649882131249999,0.06162617868749999
17,10,9,case_content,business,0.0,0.0
17,11,10,founder,studio,0.0,0.0
17,11,10,founder,assist,0.8035387919999999,0.7084612079999999
17,11,10,founder,business,0.0,0.0
17,11,10,partners,studio,0.0,0.0
17,11,10,partners,assist,0.2812385772,0.2479614228
17,11,10,partners,business,0.0,0.0
17,11,10,case_content,studio,0.0,0.0
17,11,10,case_content,assist,0.06277646812499998,0.055348531874999995
17,11,10,case_content,business,0.0,0.0
17,12,11,founder,studio,0.0,0.0
17,12,11,founder,assist,0.8928208799999999,0.6191791199999999
17,12,11,founder,business,0.0,0.0
17,12,11,partners,studio,0.0,0.0
17,12,11,partners,assist,0.312487308,0.21671269199999998
17,12,11,partners,business,0.0,0.0
17,12,11,case_content,studio,0.0,0.0
17,12,11,case_content,assist,0.06975163124999999,0.04837336874999999
17,12,11,case_content,business,0.0,0.0
17,13,12,founder,studio,0.0,0.0
17,13,12,founder,assist,0.9920231999999999,0.5199767999999999
17,13,12,founder,business,0.0,0.0
17,13,12,partners,studio,0.0,0.0
17,13,12,partners,assist,0.34720812,0.18199188
17,13,12,partners,business,0.0,0.0
17,13,12,case_content,studio,0.0,0.0
17,13,12,case_content,assist,0.07750181249999999,0.04062318749999999
17,13,12,case_content,business,0.0,0.0
17,14,13,founder,studio,0.0,0.0
17,14,13,founder,assist,1.102248,0.40975199999999995
17,14,13,founder,business,0.0,0.0
17,14,13,partners,studio,0.0,0.0
17,14,13,partners,assist,0.3857868,0.1434132
17,14,13,partners,business,0.0,0.0
17,14,13,case_content,studio,0.0,0.0
17,14,13,case_content,assist,0.08611312499999998,0.032011874999999995
17,14,13,case_content,business,0.0,0.0
17,15,14,founder,studio,0.0,0.0
17,15,14,founder,assist,1.2247199999999998,0.28728
17,15,14,founder,business,0.0,0.0
17,15,14,partners,studio,0.0,0.0
17,15,14,partners,assist,0.428652,0.100548
17,15,14,partners,business,0.0,0.0
17,15,14,case_content,studio,0.0,0.0
17,15,14,case_content,assist,0.09568124999999998,0.02244375
17,15,14,case_content,business,0.0,0.0
17,16,15,founder,studio,0.0,0.0
17,16,15,founder,assist,1.3607999999999998,0.1512
17,16,15,founder,business,0.0,0.0
17,16,15,partners,studio,0.0,0.0
17,16,15,partners,assist,0.47628,0.05292
17,16,15,partners,business,0.0,0.0
17,16,15,case_content,studio,0.0,0.0
17,16,15,case_content,assist,0.10631249999999998,0.011812499999999998
17,16,15,case_content,business,0.0,0.0
17,17,16,founder,studio,0.0,0
17,17,16,founder,assist,1.5119999999999998,0
17,17,16,founder,business,0.0,0
17,17,16,partners,studio,0.0,0
17,17,16,partners,assist,0.5292,0
17,17,16,partners,business,0.0,0
17,17,16,case_content,studio,0.0,0
17,17,16,case_content,assist,0.11812499999999998,0
17,17,16,case_content,business,0.0,0
18,2,1,founder,studio,0.0,0.0
18,2,1,founder,assist,0.28017665255439833,1.2318233474456017
18,2,1,founder,business,0.0,0.0
18,2,1,partners,studio,0.0,0.0
18,2,1,partners,assist,0.09806182839403942,0.4311381716059605
18,2,1,partners,business,0.0,0.0
18,2,1,case_content,studio,0.0,0.0
18,2,1,case_content,assist,0.02188880098081237,0.09623619901918762
18,2,1,case_content,business,0.0,0.0
18,3,2,founder,studio,0.0,0.0
18,3,2,founder,assist,0.31130739172710925,1.2006926082728908
18,3,2,founder,business,0.0,0.0
18,3,2,partners,studio,0.0,0.0
18,3,2,partners,assist,0.10895758710448825,0.4202424128955117
18,3,2,partners,business,0.0,0.0
18,3,2,case_content,studio,0.0,0.0
18,3,2,case_content,assist,0.02432088997868041,0.09380411002131958
18,3,2,case_content,business,0.0,0.0
18,4,3,founder,studio,0.0,0.0
18,4,3,founder,assist,0.3458971019190103,1.1661028980809898
18,4,3,founder,business,0.0,0.0
18,4,3,partners,studio,0.0,0.0
18,4,3,partners,assist,0.1210639856716536,0.4081360143283463
18,4,3,partners,business,0.0,0.0
18,4,3,case_content,studio,0.0,0.0
18,4,3,case_content,assist,0.02702321108742268,0.09110178891257731
18,4,3,case_content,business,0.0,0.0
18,5,4,founder,studio,0.0,0.0
18,5,4,founder,assist,0.38433011324334476,1.1276698867566552
18,5,4,founder,business,0.0,0.0
18,5,4,partners,studio,0.0,0.0
18,5,4,partners,assist,0.13451553963517068,0.39468446036482924
18,5,4,partners,business,0.0,0.0
18,5,4,case_content,studio,0.0,0.0
18,5,4,case_content,assist,0.03002579009713631,0.08809920990286367
18,5,4,case_content,business,0.0,0.0
18,6,5,founder,studio,0.0,0.0
18,6,5,founder,assist,0.42703345915927193,1.084966540840728
18,6,5,founder,business,0.0,0.0
18,6,5,partners,studio,0.0,0.0
18,6,5,partners,assist,0.1494617107057452,0.37973828929425474
18,6,5,partners,business,0.0,0.0
18,6,5,case_content,studio,0.0,0.0
18,6,5,case_content,assist,0.03336198899681812,0.08476301100318186
18,6,5,case_content,business,0.0,0.0
18,7,6,founder,studio,0.0,0.0
18,7,6,founder,assist,0.4744816212880799,1.03751837871192
18,7,6,founder,business,0.0,0.0
18,7,6,partners,studio,0.0,0.0
18,7,6,partners,assist,0.16606856745082801,0.36313143254917196
18,7,6,partners,business,0.0,0.0
18,7,6,case_content,studio,0.0,0.0
18,7,6,case_content,assist,0.037068876663131245,0.08105612333686874
18,7,6,case_content,business,0.0,0.0
18,8,7,founder,studio,0.0,0.0
18,8,7,founder,assist,0.5272018014311999,0.9847981985687999
18,8,7,founder,business,0.0,0.0
18,8,7,partners,studio,0.0,0.0
18,8,7,partners,assist,0.18452063050092002,0.34467936949907996
18,8,7,partners,business,0.0,0.0
18,8,7,case_content,studio,0.0,0.0
18,8,7,case_content,assist,0.04118764073681249,0.07693735926318748
18,8,7,case_content,business,0.0,0.0
18,9,8,founder,studio,0.0,0.0
18,9,8,founder,assist,0.5857797793679999,0.9262202206319999
18,9,8,founder,business,0.0,0.0
18,9,8,partners,studio,0.0,0.0
18,9,8,partners,assist,0.20502292277880002,0.3241770772212
18,9,8,partners,business,0.0,0.0
18,9,8,case_content,studio,0.0,0.0
18,9,8,case_content,assist,0.04576404526312499,0.07236095473687498
18,9,8,case_content,business,0.0,0.0
18,10,9,founder,studio,0.0,0.0
18,10,9,founder,assist,0.6508664215199998,0.8611335784799999
18,10,9,founder,business,0.0,0.0
18,10,9,partners,studio,0.0,0.0
18,10,9,partners,assist,0.227803247532,0.30139675246799996
18,10,9,partners,business,0.0,0.0
18,10,9,case_content,studio,0.0,0.0
18,10,9,case_content,assist,0.05084893918124999,0.06727606081874998
18,10,9,case_content,business,0.0,0.0
18,11,10,founder,studio,0.0,0.0
18,11,10,founder,assist,0.7231849127999999,0.7888150871999999
18,11,10,founder,business,0.0,0.0
18,11,10,partners,studio,0.0,0.0
18,11,10,partners,assist,0.25311471948,0.27608528052
18,11,10,partners,business,0.0,0.0
18,11,10,case_content,studio,0.0,0.0
18,11,10,case_content,assist,0.05649882131249999,0.06162617868749999
18,11,10,case_content,business,0.0,0.0
18,12,11,founder,studio,0.0,0.0
18,12,11,founder,assist,0.8035387919999999,0.7084612079999999
18,12,11,founder,business,0.0,0.0
18,12,11,partners,studio,0.0,0.0
18,12,11,partners,assist,0.2812385772,0.2479614228
18,12,11,partners,business,0.0,0.0
18,12,11,case_content,studio,0.0,0.0
18,12,11,case_content,assist,0.06277646812499998,0.055348531874999995
18,12,11,case_content,business,0.0,0.0
18,13,12,founder,studio,0.0,0.0
18,13,12,founder,assist,0.8928208799999999,0.6191791199999999
18,13,12,founder,business,0.0,0.0
18,13,12,partners,studio,0.0,0.0
18,13,12,partners,assist,0.312487308,0.21671269199999998
18,13,12,partners,business,0.0,0.0
18,13,12,case_content,studio,0.0,0.0
18,13,12,case_content,assist,0.06975163124999999,0.04837336874999999
18,13,12,case_content,business,0.0,0.0
18,14,13,founder,studio,0.0,0.0
18,14,13,founder,assist,0.9920231999999999,0.5199767999999999
18,14,13,founder,business,0.0,0.0
18,14,13,partners,studio,0.0,0.0
18,14,13,partners,assist,0.34720812,0.18199188
18,14,13,partners,business,0.0,0.0
18,14,13,case_content,studio,0.0,0.0
18,14,13,case_content,assist,0.07750181249999999,0.04062318749999999
18,14,13,case_content,business,0.0,0.0
18,15,14,founder,studio,0.0,0.0
18,15,14,founder,assist,1.102248,0.40975199999999995
18,15,14,founder,business,0.0,0.0
18,15,14,partners,studio,0.0,0.0
18,15,14,partners,assist,0.3857868,0.1434132
18,15,14,partners,business,0.0,0.0
18,15,14,case_content,studio,0.0,0.0
18,15,14,case_content,assist,0.08611312499999998,0.032011874999999995
18,15,14,case_content,business,0.0,0.0
18,16,15,founder,studio,0.0,0.0
18,16,15,founder,assist,1.2247199999999998,0.28728
18,16,15,founder,business,0.0,0.0
18,16,15,partners,studio,0.0,0.0
18,16,15,partners,assist,0.428652,0.100548
18,16,15,partners,business,0.0,0.0
18,16,15,case_content,studio,0.0,0.0
18,16,15,case_content,assist,0.09568124999999998,0.02244375
18,16,15,case_content,business,0.0,0.0
18,17,16,founder,studio,0.0,0.0
18,17,16,founder,assist,1.3607999999999998,0.1512
18,17,16,founder,business,0.0,0.0
18,17,16,partners,studio,0.0,0.0
18,17,16,partners,assist,0.47628,0.05292
18,17,16,partners,business,0.0,0.0
18,17,16,case_content,studio,0.0,0.0
18,17,16,case_content,assist,0.10631249999999998,0.011812499999999998
18,17,16,case_content,business,0.0,0.0
18,18,17,founder,studio,0.0,0
18,18,17,founder,assist,1.5119999999999998,0
18,18,17,founder,business,0.0,0
18,18,17,partners,studio,0.0,0
18,18,17,partners,assist,0.5292,0
18,18,17,partners,business,0.0,0
18,18,17,case_content,studio,0.0,0
18,18,17,case_content,assist,0.11812499999999998,0
18,18,17,case_content,business,0.0,0
19,2,1,founder,studio,0.0,0.0
19,2,1,founder,assist,0.25215898729895847,1.2598410127010415
19,2,1,founder,business,0.0,0.0
19,2,1,partners,studio,0.0,0.0
19,2,1,partners,assist,0.08825564555463547,0.44094435444536445
19,2,1,partners,business,0.0,0.0
19,2,1,case_content,studio,0.0,0.0
19,2,1,case_content,assist,0.01969992088273113,0.09842507911726886
19,2,1,case_content,business,0.0,0.0
19,3,2,founder,studio,0.0,0.0
19,3,2,founder,assist,0.28017665255439833,1.2318233474456017
19,3,2,founder,business,0.0,0.0
19,3,2,partners,studio,0.0,0.0
19,3,2,partners,assist,0.09806182839403942,0.4311381716059605
19,3,2,partners,business,0.0,0.0
19,3,2,case_content,studio,0.0,0.0
19,3,2,case_content,assist,0.02188880098081237,0.09623619901918762
19,3,2,case_content,business,0.0,0.0
19,4,3,founder,studio,0.0,0.0
19,4,3,founder,assist,0.31130739172710925,1.2006926082728908
19,4,3,founder,business,0.0,0.0
19,4,3,partners,studio,0.0,0.0
19,4,3,partners,assist,0.10895758710448825,0.4202424128955117
19,4,3,partners,business,0.0,0.0
19,4,3,case_content,studio,0.0,0.0
19,4,3,case_content,assist,0.02432088997868041,0.09380411002131958
19,4,3,case_content,business,0.0,0.0
19,5,4,founder,studio,0.0,0.0
19,5,4,founder,assist,0.3458971019190103,1.1661028980809898
19,5,4,founder,business,0.0,0.0
19,5,4,partners,studio,0.0,0.0
19,5,4,partners,assist,0.1210639856716536,0.4081360143283463
19,5,4,partners,business,0.0,0.0
19,5,4,case_content,studio,0.0,0.0
19,5,4,case_content,assist,0.02702321108742268,0.09110178891257731
19,5,4,case_content,business,0.0,0.0
19,6,5,founder,studio,0.0,0.0
19,6,5,founder,assist,0.38433011324334476,1.1276698867566552
19,6,5,founder,business,0.0,0.0
19,6,5,partners,studio,0.0,0.0
19,6,5,partners,assist,0.13451553963517068,0.39468446036482924
19,6,5,partners,business,0.0,0.0
19,6,5,case_content,studio,0.0,0.0
19,6,5,case_content,assist,0.03002579009713631,0.08809920990286367
19,6,5,case_content,business,0.0,0.0
19,7,6,founder,studio,0.0,0.0
19,7,6,founder,assist,0.42703345915927193,1.084966540840728
19,7,6,founder,business,0.0,0.0
19,7,6,partners,studio,0.0,0.0
19,7,6,partners,assist,0.1494617107057452,0.37973828929425474
19,7,6,partners,business,0.0,0.0
19,7,6,case_content,studio,0.0,0.0
19,7,6,case_content,assist,0.03336198899681812,0.08476301100318186
19,7,6,case_content,business,0.0,0.0
19,8,7,founder,studio,0.0,0.0
19,8,7,founder,assist,0.4744816212880799,1.03751837871192
19,8,7,founder,business,0.0,0.0
19,8,7,partners,studio,0.0,0.0
19,8,7,partners,assist,0.16606856745082801,0.36313143254917196
19,8,7,partners,business,0.0,0.0
19,8,7,case_content,studio,0.0,0.0
19,8,7,case_content,assist,0.037068876663131245,0.08105612333686874
19,8,7,case_content,business,0.0,0.0
19,9,8,founder,studio,0.0,0.0
19,9,8,founder,assist,0.5272018014311999,0.9847981985687999
19,9,8,founder,business,0.0,0.0
19,9,8,partners,studio,0.0,0.0
19,9,8,partners,assist,0.18452063050092002,0.34467936949907996
19,9,8,partners,business,0.0,0.0
19,9,8,case_content,studio,0.0,0.0
19,9,8,case_content,assist,0.04118764073681249,0.07693735926318748
19,9,8,case_content,business,0.0,0.0
19,10,9,founder,studio,0.0,0.0
19,10,9,founder,assist,0.5857797793679999,0.9262202206319999
19,10,9,founder,business,0.0,0.0
19,10,9,partners,studio,0.0,0.0
19,10,9,partners,assist,0.20502292277880002,0.3241770772212
19,10,9,partners,business,0.0,0.0
19,10,9,case_content,studio,0.0,0.0
19,10,9,case_content,assist,0.04576404526312499,0.07236095473687498
19,10,9,case_content,business,0.0,0.0
19,11,10,founder,studio,0.0,0.0
19,11,10,founder,assist,0.6508664215199998,0.8611335784799999
19,11,10,founder,business,0.0,0.0
19,11,10,partners,studio,0.0,0.0
19,11,10,partners,assist,0.227803247532,0.30139675246799996
19,11,10,partners,business,0.0,0.0
19,11,10,case_content,studio,0.0,0.0
19,11,10,case_content,assist,0.05084893918124999,0.06727606081874998
19,11,10,case_content,business,0.0,0.0
19,12,11,founder,studio,0.0,0.0
19,12,11,founder,assist,0.7231849127999999,0.7888150871999999
19,12,11,founder,business,0.0,0.0
19,12,11,partners,studio,0.0,0.0
19,12,11,partners,assist,0.25311471948,0.27608528052
19,12,11,partners,business,0.0,0.0
19,12,11,case_content,studio,0.0,0.0
19,12,11,case_content,assist,0.05649882131249999,0.06162617868749999
19,12,11,case_content,business,0.0,0.0
19,13,12,founder,studio,0.0,0.0
19,13,12,founder,assist,0.8035387919999999,0.7084612079999999
19,13,12,founder,business,0.0,0.0
19,13,12,partners,studio,0.0,0.0
19,13,12,partners,assist,0.2812385772,0.2479614228
19,13,12,partners,business,0.0,0.0
19,13,12,case_content,studio,0.0,0.0
19,13,12,case_content,assist,0.06277646812499998,0.055348531874999995
19,13,12,case_content,business,0.0,0.0
19,14,13,founder,studio,0.0,0.0
19,14,13,founder,assist,0.8928208799999999,0.6191791199999999
19,14,13,founder,business,0.0,0.0
19,14,13,partners,studio,0.0,0.0
19,14,13,partners,assist,0.312487308,0.21671269199999998
19,14,13,partners,business,0.0,0.0
19,14,13,case_content,studio,0.0,0.0
19,14,13,case_content,assist,0.06975163124999999,0.04837336874999999
19,14,13,case_content,business,0.0,0.0
19,15,14,founder,studio,0.0,0.0
19,15,14,founder,assist,0.9920231999999999,0.5199767999999999
19,15,14,founder,business,0.0,0.0
19,15,14,partners,studio,0.0,0.0
19,15,14,partners,assist,0.34720812,0.18199188
19,15,14,partners,business,0.0,0.0
19,15,14,case_content,studio,0.0,0.0
19,15,14,case_content,assist,0.07750181249999999,0.04062318749999999
19,15,14,case_content,business,0.0,0.0
19,16,15,founder,studio,0.0,0.0
19,16,15,founder,assist,1.102248,0.40975199999999995
19,16,15,founder,business,0.0,0.0
19,16,15,partners,studio,0.0,0.0
19,16,15,partners,assist,0.3857868,0.1434132
19,16,15,partners,business,0.0,0.0
19,16,15,case_content,studio,0.0,0.0
19,16,15,case_content,assist,0.08611312499999998,0.032011874999999995
19,16,15,case_content,business,0.0,0.0
19,17,16,founder,studio,0.0,0.0
19,17,16,founder,assist,1.2247199999999998,0.28728
19,17,16,founder,business,0.0,0.0
19,17,16,partners,studio,0.0,0.0
19,17,16,partners,assist,0.428652,0.100548
19,17,16,partners,business,0.0,0.0
19,17,16,case_content,studio,0.0,0.0
19,17,16,case_content,assist,0.09568124999999998,0.02244375
19,17,16,case_content,business,0.0,0.0
19,18,17,founder,studio,0.0,0.0
19,18,17,founder,assist,1.3607999999999998,0.1512
19,18,17,founder,business,0.0,0.0
19,18,17,partners,studio,0.0,0.0
19,18,17,partners,assist,0.47628,0.05292
19,18,17,partners,business,0.0,0.0
19,18,17,case_content,studio,0.0,0.0
19,18,17,case_content,assist,0.10631249999999998,0.011812499999999998
19,18,17,case_content,business,0.0,0.0
19,19,18,founder,studio,0.0,0
19,19,18,founder,assist,1.5119999999999998,0
19,19,18,founder,business,0.0,0
19,19,18,partners,studio,0.0,0
19,19,18,partners,assist,0.5292,0
19,19,18,partners,business,0.0,0
19,19,18,case_content,studio,0.0,0
19,19,18,case_content,assist,0.11812499999999998,0
19,19,18,case_content,business,0.0,0
20,2,1,founder,studio,0.0,0.0
20,2,1,founder,assist,0.22694308856906262,1.2850569114309374
20,2,1,founder,business,0.0,0.0
20,2,1,partners,studio,0.0,0.0
20,2,1,partners,assist,0.07943008099917193,0.449769919000828
20,2,1,partners,business,0.0,0.0
20,2,1,case_content,studio,0.0,0.0
20,2,1,case_content,assist,0.01772992879445802,0.10039507120554197
20,2,1,case_content,business,0.0,0.0
20,3,2,founder,studio,0.0,0.0
20,3,2,founder,assist,0.25215898729895847,1.2598410127010415
20,3,2,founder,business,0.0,0.0
20,3,2,partners,studio,0.0,0.0
20,3,2,partners,assist,0.08825564555463547,0.44094435444536445
20,3,2,partners,business,0.0,0.0
20,3,2,case_content,studio,0.0,0.0
20,3,2,case_content,assist,0.01969992088273113,0.09842507911726886
20,3,2,case_content,business,0.0,0.0
20,4,3,founder,studio,0.0,0.0
20,4,3,founder,assist,0.28017665255439833,1.2318233474456017
20,4,3,founder,business,0.0,0.0
20,4,3,partners,studio,0.0,0.0
20,4,3,partners,assist,0.09806182839403942,0.4311381716059605
20,4,3,partners,business,0.0,0.0
20,4,3,case_content,studio,0.0,0.0
20,4,3,case_content,assist,0.02188880098081237,0.09623619901918762
20,4,3,case_content,business,0.0,0.0
20,5,4,founder,studio,0.0,0.0
20,5,4,founder,assist,0.31130739172710925,1.2006926082728908
20,5,4,founder,business,0.0,0.0
20,5,4,partners,studio,0.0,0.0
20,5,4,partners,assist,0.10895758710448825,0.4202424128955117
20,5,4,partners,business,0.0,0.0
20,5,4,case_content,studio,0.0,0.0
20,5,4,case_content,assist,0.02432088997868041,0.09380411002131958
20,5,4,case_content,business,0.0,0.0
20,6,5,founder,studio,0.0,0.0
20,6,5,founder,assist,0.3458971019190103,1.1661028980809898
20,6,5,founder,business,0.0,0.0
20,6,5,partners,studio,0.0,0.0
20,6,5,partners,assist,0.1210639856716536,0.4081360143283463
20,6,5,partners,business,0.0,0.0
20,6,5,case_content,studio,0.0,0.0
20,6,5,case_content,assist,0.02702321108742268,0.09110178891257731
20,6,5,case_content,business,0.0,0.0
20,7,6,founder,studio,0.0,0.0
20,7,6,founder,assist,0.38433011324334476,1.1276698867566552
20,7,6,founder,business,0.0,0.0
20,7,6,partners,studio,0.0,0.0
20,7,6,partners,assist,0.13451553963517068,0.39468446036482924
20,7,6,partners,business,0.0,0.0
20,7,6,case_content,studio,0.0,0.0
20,7,6,case_content,assist,0.03002579009713631,0.08809920990286367
20,7,6,case_content,business,0.0,0.0
20,8,7,founder,studio,0.0,0.0
20,8,7,founder,assist,0.42703345915927193,1.084966540840728
20,8,7,founder,business,0.0,0.0
20,8,7,partners,studio,0.0,0.0
20,8,7,partners,assist,0.1494617107057452,0.37973828929425474
20,8,7,partners,business,0.0,0.0
20,8,7,case_content,studio,0.0,0.0
20,8,7,case_content,assist,0.03336198899681812,0.08476301100318186
20,8,7,case_content,business,0.0,0.0
20,9,8,founder,studio,0.0,0.0
20,9,8,founder,assist,0.4744816212880799,1.03751837871192
20,9,8,founder,business,0.0,0.0
20,9,8,partners,studio,0.0,0.0
20,9,8,partners,assist,0.16606856745082801,0.36313143254917196
20,9,8,partners,business,0.0,0.0
20,9,8,case_content,studio,0.0,0.0
20,9,8,case_content,assist,0.037068876663131245,0.08105612333686874
20,9,8,case_content,business,0.0,0.0
20,10,9,founder,studio,0.0,0.0
20,10,9,founder,assist,0.5272018014311999,0.9847981985687999
20,10,9,founder,business,0.0,0.0
20,10,9,partners,studio,0.0,0.0
20,10,9,partners,assist,0.18452063050092002,0.34467936949907996
20,10,9,partners,business,0.0,0.0
20,10,9,case_content,studio,0.0,0.0
20,10,9,case_content,assist,0.04118764073681249,0.07693735926318748
20,10,9,case_content,business,0.0,0.0
20,11,10,founder,studio,0.0,0.0
20,11,10,founder,assist,0.5857797793679999,0.9262202206319999
20,11,10,founder,business,0.0,0.0
20,11,10,partners,studio,0.0,0.0
20,11,10,partners,assist,0.20502292277880002,0.3241770772212
20,11,10,partners,business,0.0,0.0
20,11,10,case_content,studio,0.0,0.0
20,11,10,case_content,assist,0.04576404526312499,0.07236095473687498
20,11,10,case_content,business,0.0,0.0
20,12,11,founder,studio,0.0,0.0
20,12,11,founder,assist,0.6508664215199998,0.8611335784799999
20,12,11,founder,business,0.0,0.0
20,12,11,partners,studio,0.0,0.0
20,12,11,partners,assist,0.227803247532,0.30139675246799996
20,12,11,partners,business,0.0,0.0
20,12,11,case_content,studio,0.0,0.0
20,12,11,case_content,assist,0.05084893918124999,0.06727606081874998
20,12,11,case_content,business,0.0,0.0
20,13,12,founder,studio,0.0,0.0
20,13,12,founder,assist,0.7231849127999999,0.7888150871999999
20,13,12,founder,business,0.0,0.0
20,13,12,partners,studio,0.0,0.0
20,13,12,partners,assist,0.25311471948,0.27608528052
20,13,12,partners,business,0.0,0.0
20,13,12,case_content,studio,0.0,0.0
20,13,12,case_content,assist,0.05649882131249999,0.06162617868749999
20,13,12,case_content,business,0.0,0.0
20,14,13,founder,studio,0.0,0.0
20,14,13,founder,assist,0.8035387919999999,0.7084612079999999
20,14,13,founder,business,0.0,0.0
20,14,13,partners,studio,0.0,0.0
20,14,13,partners,assist,0.2812385772,0.2479614228
20,14,13,partners,business,0.0,0.0
20,14,13,case_content,studio,0.0,0.0
20,14,13,case_content,assist,0.06277646812499998,0.055348531874999995
20,14,13,case_content,business,0.0,0.0
20,15,14,founder,studio,0.0,0.0
20,15,14,founder,assist,0.8928208799999999,0.6191791199999999
20,15,14,founder,business,0.0,0.0
20,15,14,partners,studio,0.0,0.0
20,15,14,partners,assist,0.312487308,0.21671269199999998
20,15,14,partners,business,0.0,0.0
20,15,14,case_content,studio,0.0,0.0
20,15,14,case_content,assist,0.06975163124999999,0.04837336874999999
20,15,14,case_content,business,0.0,0.0
20,16,15,founder,studio,0.0,0.0
20,16,15,founder,assist,0.9920231999999999,0.5199767999999999
20,16,15,founder,business,0.0,0.0
20,16,15,partners,studio,0.0,0.0
20,16,15,partners,assist,0.34720812,0.18199188
20,16,15,partners,business,0.0,0.0
20,16,15,case_content,studio,0.0,0.0
20,16,15,case_content,assist,0.07750181249999999,0.04062318749999999
20,16,15,case_content,business,0.0,0.0
20,17,16,founder,studio,0.0,0.0
20,17,16,founder,assist,1.102248,0.40975199999999995
20,17,16,founder,business,0.0,0.0
20,17,16,partners,studio,0.0,0.0
20,17,16,partners,assist,0.3857868,0.1434132
20,17,16,partners,business,0.0,0.0
20,17,16,case_content,studio,0.0,0.0
20,17,16,case_content,assist,0.08611312499999998,0.032011874999999995
20,17,16,case_content,business,0.0,0.0
20,18,17,founder,studio,0.0,0.0
20,18,17,founder,assist,1.2247199999999998,0.28728
20,18,17,founder,business,0.0,0.0
20,18,17,partners,studio,0.0,0.0
20,18,17,partners,assist,0.428652,0.100548
20,18,17,partners,business,0.0,0.0
20,18,17,case_content,studio,0.0,0.0
20,18,17,case_content,assist,0.09568124999999998,0.02244375
20,18,17,case_content,business,0.0,0.0
20,19,18,founder,studio,0.0,0.0
20,19,18,founder,assist,1.3607999999999998,0.1512
20,19,18,founder,business,0.0,0.0
20,19,18,partners,studio,0.0,0.0
20,19,18,partners,assist,0.47628,0.05292
20,19,18,partners,business,0.0,0.0
20,19,18,case_content,studio,0.0,0.0
20,19,18,case_content,assist,0.10631249999999998,0.011812499999999998
20,19,18,case_content,business,0.0,0.0
20,20,19,founder,studio,0.0,0
20,20,19,founder,assist,1.5119999999999998,0
20,20,19,founder,business,0.0,0
20,20,19,partners,studio,0.0,0
20,20,19,partners,assist,0.5292,0
20,20,19,partners,business,0.0,0
20,20,19,case_content,studio,0.0,0
20,20,19,case_content,assist,0.11812499999999998,0
20,20,19,case_content,business,0.0,0
21,2,1,founder,studio,0.0,0.0
21,2,1,founder,assist,0.20424877971215635,1.3077512202878436
21,2,1,founder,business,0.0,0.0
21,2,1,partners,studio,0.0,0.0
21,2,1,partners,assist,0.07148707289925474,0.45771292710074524
21,2,1,partners,business,0.0,0.0
21,2,1,case_content,studio,0.0,0.0
21,2,1,case_content,assist,0.015956935915012217,0.10216806408498777
21,2,1,case_content,business,0.0,0.0
21,3,2,founder,studio,0.0,0.0
21,3,2,founder,assist,0.22694308856906262,1.2850569114309374
21,3,2,founder,business,0.0,0.0
21,3,2,partners,studio,0.0,0.0
21,3,2,partners,assist,0.07943008099917193,0.449769919000828
21,3,2,partners,business,0.0,0.0
21,3,2,case_content,studio,0.0,0.0
21,3,2,case_content,assist,0.01772992879445802,0.10039507120554197
21,3,2,case_content,business,0.0,0.0
21,4,3,founder,studio,0.0,0.0
21,4,3,founder,assist,0.25215898729895847,1.2598410127010415
21,4,3,founder,business,0.0,0.0
21,4,3,partners,studio,0.0,0.0
21,4,3,partners,assist,0.08825564555463547,0.44094435444536445
21,4,3,partners,business,0.0,0.0
21,4,3,case_content,studio,0.0,0.0
21,4,3,case_content,assist,0.01969992088273113,0.09842507911726886
21,4,3,case_content,business,0.0,0.0
21,5,4,founder,studio,0.0,0.0
21,5,4,founder,assist,0.28017665255439833,1.2318233474456017
21,5,4,founder,business,0.0,0.0
21,5,4,partners,studio,0.0,0.0
21,5,4,partners,assist,0.09806182839403942,0.4311381716059605
21,5,4,partners,business,0.0,0.0
21,5,4,case_content,studio,0.0,0.0
21,5,4,case_content,assist,0.02188880098081237,0.09623619901918762
21,5,4,case_content,business,0.0,0.0
21,6,5,founder,studio,0.0,0.0
21,6,5,founder,assist,0.31130739172710925,1.2006926082728908
21,6,5,founder,business,0.0,0.0
21,6,5,partners,studio,0.0,0.0
21,6,5,partners,assist,0.10895758710448825,0.4202424128955117
21,6,5,partners,business,0.0,0.0
21,6,5,case_content,studio,0.0,0.0
21,6,5,case_content,assist,0.02432088997868041,0.09380411002131958
21,6,5,case_content,business,0.0,0.0
21,7,6,founder,studio,0.0,0.0
21,7,6,founder,assist,0.3458971019190103,1.1661028980809898
21,7,6,founder,business,0.0,0.0
21,7,6,partners,studio,0.0,0.0
21,7,6,partners,assist,0.1210639856716536,0.4081360143283463
21,7,6,partners,business,0.0,0.0
21,7,6,case_content,studio,0.0,0.0
21,7,6,case_content,assist,0.02702321108742268,0.09110178891257731
21,7,6,case_content,business,0.0,0.0
21,8,7,founder,studio,0.0,0.0
21,8,7,founder,assist,0.38433011324334476,1.1276698867566552
21,8,7,founder,business,0.0,0.0
21,8,7,partners,studio,0.0,0.0
21,8,7,partners,assist,0.13451553963517068,0.39468446036482924
21,8,7,partners,business,0.0,0.0
21,8,7,case_content,studio,0.0,0.0
21,8,7,case_content,assist,0.03002579009713631,0.08809920990286367
21,8,7,case_content,business,0.0,0.0
21,9,8,founder,studio,0.0,0.0
21,9,8,founder,assist,0.42703345915927193,1.084966540840728
21,9,8,founder,business,0.0,0.0
21,9,8,partners,studio,0.0,0.0
21,9,8,partners,assist,0.1494617107057452,0.37973828929425474
21,9,8,partners,business,0.0,0.0
21,9,8,case_content,studio,0.0,0.0
21,9,8,case_content,assist,0.03336198899681812,0.08476301100318186
21,9,8,case_content,business,0.0,0.0
21,10,9,founder,studio,0.0,0.0
21,10,9,founder,assist,0.4744816212880799,1.03751837871192
21,10,9,founder,business,0.0,0.0
21,10,9,partners,studio,0.0,0.0
21,10,9,partners,assist,0.16606856745082801,0.36313143254917196
21,10,9,partners,business,0.0,0.0
21,10,9,case_content,studio,0.0,0.0
21,10,9,case_content,assist,0.037068876663131245,0.08105612333686874
21,10,9,case_content,business,0.0,0.0
21,11,10,founder,studio,0.0,0.0
21,11,10,founder,assist,0.5272018014311999,0.9847981985687999
21,11,10,founder,business,0.0,0.0
21,11,10,partners,studio,0.0,0.0
21,11,10,partners,assist,0.18452063050092002,0.34467936949907996
21,11,10,partners,business,0.0,0.0
21,11,10,case_content,studio,0.0,0.0
21,11,10,case_content,assist,0.04118764073681249,0.07693735926318748
21,11,10,case_content,business,0.0,0.0
21,12,11,founder,studio,0.0,0.0
21,12,11,founder,assist,0.5857797793679999,0.9262202206319999
21,12,11,founder,business,0.0,0.0
21,12,11,partners,studio,0.0,0.0
21,12,11,partners,assist,0.20502292277880002,0.3241770772212
21,12,11,partners,business,0.0,0.0
21,12,11,case_content,studio,0.0,0.0
21,12,11,case_content,assist,0.04576404526312499,0.07236095473687498
21,12,11,case_content,business,0.0,0.0
21,13,12,founder,studio,0.0,0.0
21,13,12,founder,assist,0.6508664215199998,0.8611335784799999
21,13,12,founder,business,0.0,0.0
21,13,12,partners,studio,0.0,0.0
21,13,12,partners,assist,0.227803247532,0.30139675246799996
21,13,12,partners,business,0.0,0.0
21,13,12,case_content,studio,0.0,0.0
21,13,12,case_content,assist,0.05084893918124999,0.06727606081874998
21,13,12,case_content,business,0.0,0.0
21,14,13,founder,studio,0.0,0.0
21,14,13,founder,assist,0.7231849127999999,0.7888150871999999
21,14,13,founder,business,0.0,0.0
21,14,13,partners,studio,0.0,0.0
21,14,13,partners,assist,0.25311471948,0.27608528052
21,14,13,partners,business,0.0,0.0
21,14,13,case_content,studio,0.0,0.0
21,14,13,case_content,assist,0.05649882131249999,0.06162617868749999
21,14,13,case_content,business,0.0,0.0
21,15,14,founder,studio,0.0,0.0
21,15,14,founder,assist,0.8035387919999999,0.7084612079999999
21,15,14,founder,business,0.0,0.0
21,15,14,partners,studio,0.0,0.0
21,15,14,partners,assist,0.2812385772,0.2479614228
21,15,14,partners,business,0.0,0.0
21,15,14,case_content,studio,0.0,0.0
21,15,14,case_content,assist,0.06277646812499998,0.055348531874999995
21,15,14,case_content,business,0.0,0.0
21,16,15,founder,studio,0.0,0.0
21,16,15,founder,assist,0.8928208799999999,0.6191791199999999
21,16,15,founder,business,0.0,0.0
21,16,15,partners,studio,0.0,0.0
21,16,15,partners,assist,0.312487308,0.21671269199999998
21,16,15,partners,business,0.0,0.0
21,16,15,case_content,studio,0.0,0.0
21,16,15,case_content,assist,0.06975163124999999,0.04837336874999999
21,16,15,case_content,business,0.0,0.0
21,17,16,founder,studio,0.0,0.0
21,17,16,founder,assist,0.9920231999999999,0.5199767999999999
21,17,16,founder,business,0.0,0.0
21,17,16,partners,studio,0.0,0.0
21,17,16,partners,assist,0.34720812,0.18199188
21,17,16,partners,business,0.0,0.0
21,17,16,case_content,studio,0.0,0.0
21,17,16,case_content,assist,0.07750181249999999,0.04062318749999999
21,17,16,case_content,business,0.0,0.0
21,18,17,founder,studio,0.0,0.0
21,18,17,founder,assist,1.102248,0.40975199999999995
21,18,17,founder,business,0.0,0.0
21,18,17,partners,studio,0.0,0.0
21,18,17,partners,assist,0.3857868,0.1434132
21,18,17,partners,business,0.0,0.0
21,18,17,case_content,studio,0.0,0.0
21,18,17,case_content,assist,0.08611312499999998,0.032011874999999995
21,18,17,case_content,business,0.0,0.0
21,19,18,founder,studio,0.0,0.0
21,19,18,founder,assist,1.2247199999999998,0.28728
21,19,18,founder,business,0.0,0.0
21,19,18,partners,studio,0.0,0.0
21,19,18,partners,assist,0.428652,0.100548
21,19,18,partners,business,0.0,0.0
21,19,18,case_content,studio,0.0,0.0
21,19,18,case_content,assist,0.09568124999999998,0.02244375
21,19,18,case_content,business,0.0,0.0
21,20,19,founder,studio,0.0,0.0
21,20,19,founder,assist,1.3607999999999998,0.1512
21,20,19,founder,business,0.0,0.0
21,20,19,partners,studio,0.0,0.0
21,20,19,partners,assist,0.47628,0.05292
21,20,19,partners,business,0.0,0.0
21,20,19,case_content,studio,0.0,0.0
21,20,19,case_content,assist,0.10631249999999998,0.011812499999999998
21,20,19,case_content,business,0.0,0.0
21,21,20,founder,studio,0.0,0
21,21,20,founder,assist,1.5119999999999998,0
21,21,20,founder,business,0.0,0
21,21,20,partners,studio,0.0,0
21,21,20,partners,assist,0.5292,0
21,21,20,partners,business,0.0,0
21,21,20,case_content,studio,0.0,0
21,21,20,case_content,assist,0.11812499999999998,0
21,21,20,case_content,business,0.0,0
22,2,1,founder,studio,0.0,0.0
22,2,1,founder,assist,0.1838239017409407,1.3281760982590594
22,2,1,founder,business,0.0,0.0
22,2,1,partners,studio,0.0,0.0
22,2,1,partners,assist,0.06433836560932926,0.4648616343906707
22,2,1,partners,business,0.0,0.0
22,2,1,case_content,studio,0.0,0.0
22,2,1,case_content,assist,0.014361242323510996,0.10376375767648899
22,2,1,case_content,business,0.0,0.0
22,3,2,founder,studio,0.0,0.0
22,3,2,founder,assist,0.20424877971215635,1.3077512202878436
22,3,2,founder,business,0.0,0.0
22,3,2,partners,studio,0.0,0.0
22,3,2,partners,assist,0.07148707289925474,0.45771292710074524
22,3,2,partners,business,0.0,0.0
22,3,2,case_content,studio,0.0,0.0
22,3,2,case_content,assist,0.015956935915012217,0.10216806408498777
22,3,2,case_content,business,0.0,0.0
22,4,3,founder,studio,0.0,0.0
22,4,3,founder,assist,0.22694308856906262,1.2850569114309374
22,4,3,founder,business,0.0,0.0
22,4,3,partners,studio,0.0,0.0
22,4,3,partners,assist,0.07943008099917193,0.449769919000828
22,4,3,partners,business,0.0,0.0
22,4,3,case_content,studio,0.0,0.0
22,4,3,case_content,assist,0.01772992879445802,0.10039507120554197
22,4,3,case_content,business,0.0,0.0
22,5,4,founder,studio,0.0,0.0
22,5,4,founder,assist,0.25215898729895847,1.2598410127010415
22,5,4,founder,business,0.0,0.0
22,5,4,partners,studio,0.0,0.0
22,5,4,partners,assist,0.08825564555463547,0.44094435444536445
22,5,4,partners,business,0.0,0.0
22,5,4,case_content,studio,0.0,0.0
22,5,4,case_content,assist,0.01969992088273113,0.09842507911726886
22,5,4,case_content,business,0.0,0.0
22,6,5,founder,studio,0.0,0.0
22,6,5,founder,assist,0.28017665255439833,1.2318233474456017
22,6,5,founder,business,0.0,0.0
22,6,5,partners,studio,0.0,0.0
22,6,5,partners,assist,0.09806182839403942,0.4311381716059605
22,6,5,partners,business,0.0,0.0
22,6,5,case_content,studio,0.0,0.0
22,6,5,case_content,assist,0.02188880098081237,0.09623619901918762
22,6,5,case_content,business,0.0,0.0
22,7,6,founder,studio,0.0,0.0
22,7,6,founder,assist,0.31130739172710925,1.2006926082728908
22,7,6,founder,business,0.0,0.0
22,7,6,partners,studio,0.0,0.0
22,7,6,partners,assist,0.10895758710448825,0.4202424128955117
22,7,6,partners,business,0.0,0.0
22,7,6,case_content,studio,0.0,0.0
22,7,6,case_content,assist,0.02432088997868041,0.09380411002131958
22,7,6,case_content,business,0.0,0.0
22,8,7,founder,studio,0.0,0.0
22,8,7,founder,assist,0.3458971019190103,1.1661028980809898
22,8,7,founder,business,0.0,0.0
22,8,7,partners,studio,0.0,0.0
22,8,7,partners,assist,0.1210639856716536,0.4081360143283463
22,8,7,partners,business,0.0,0.0
22,8,7,case_content,studio,0.0,0.0
22,8,7,case_content,assist,0.02702321108742268,0.09110178891257731
22,8,7,case_content,business,0.0,0.0
22,9,8,founder,studio,0.0,0.0
22,9,8,founder,assist,0.38433011324334476,1.1276698867566552
22,9,8,founder,business,0.0,0.0
22,9,8,partners,studio,0.0,0.0
22,9,8,partners,assist,0.13451553963517068,0.39468446036482924
22,9,8,partners,business,0.0,0.0
22,9,8,case_content,studio,0.0,0.0
22,9,8,case_content,assist,0.03002579009713631,0.08809920990286367
22,9,8,case_content,business,0.0,0.0
22,10,9,founder,studio,0.0,0.0
22,10,9,founder,assist,0.42703345915927193,1.084966540840728
22,10,9,founder,business,0.0,0.0
22,10,9,partners,studio,0.0,0.0
22,10,9,partners,assist,0.1494617107057452,0.37973828929425474
22,10,9,partners,business,0.0,0.0
22,10,9,case_content,studio,0.0,0.0
22,10,9,case_content,assist,0.03336198899681812,0.08476301100318186
22,10,9,case_content,business,0.0,0.0
22,11,10,founder,studio,0.0,0.0
22,11,10,founder,assist,0.4744816212880799,1.03751837871192
22,11,10,founder,business,0.0,0.0
22,11,10,partners,studio,0.0,0.0
22,11,10,partners,assist,0.16606856745082801,0.36313143254917196
22,11,10,partners,business,0.0,0.0
22,11,10,case_content,studio,0.0,0.0
22,11,10,case_content,assist,0.037068876663131245,0.08105612333686874
22,11,10,case_content,business,0.0,0.0
22,12,11,founder,studio,0.0,0.0
22,12,11,founder,assist,0.5272018014311999,0.9847981985687999
22,12,11,founder,business,0.0,0.0
22,12,11,partners,studio,0.0,0.0
22,12,11,partners,assist,0.18452063050092002,0.34467936949907996
22,12,11,partners,business,0.0,0.0
22,12,11,case_content,studio,0.0,0.0
22,12,11,case_content,assist,0.04118764073681249,0.07693735926318748
22,12,11,case_content,business,0.0,0.0
22,13,12,founder,studio,0.0,0.0
22,13,12,founder,assist,0.5857797793679999,0.9262202206319999
22,13,12,founder,business,0.0,0.0
22,13,12,partners,studio,0.0,0.0
22,13,12,partners,assist,0.20502292277880002,0.3241770772212
22,13,12,partners,business,0.0,0.0
22,13,12,case_content,studio,0.0,0.0
22,13,12,case_content,assist,0.04576404526312499,0.07236095473687498
22,13,12,case_content,business,0.0,0.0
22,14,13,founder,studio,0.0,0.0
22,14,13,founder,assist,0.6508664215199998,0.8611335784799999
22,14,13,founder,business,0.0,0.0
22,14,13,partners,studio,0.0,0.0
22,14,13,partners,assist,0.227803247532,0.30139675246799996
22,14,13,partners,business,0.0,0.0
22,14,13,case_content,studio,0.0,0.0
22,14,13,case_content,assist,0.05084893918124999,0.06727606081874998
22,14,13,case_content,business,0.0,0.0
22,15,14,founder,studio,0.0,0.0
22,15,14,founder,assist,0.7231849127999999,0.7888150871999999
22,15,14,founder,business,0.0,0.0
22,15,14,partners,studio,0.0,0.0
22,15,14,partners,assist,0.25311471948,0.27608528052
22,15,14,partners,business,0.0,0.0
22,15,14,case_content,studio,0.0,0.0
22,15,14,case_content,assist,0.05649882131249999,0.06162617868749999
22,15,14,case_content,business,0.0,0.0
22,16,15,founder,studio,0.0,0.0
22,16,15,founder,assist,0.8035387919999999,0.7084612079999999
22,16,15,founder,business,0.0,0.0
22,16,15,partners,studio,0.0,0.0
22,16,15,partners,assist,0.2812385772,0.2479614228
22,16,15,partners,business,0.0,0.0
22,16,15,case_content,studio,0.0,0.0
22,16,15,case_content,assist,0.06277646812499998,0.055348531874999995
22,16,15,case_content,business,0.0,0.0
22,17,16,founder,studio,0.0,0.0
22,17,16,founder,assist,0.8928208799999999,0.6191791199999999
22,17,16,founder,business,0.0,0.0
22,17,16,partners,studio,0.0,0.0
22,17,16,partners,assist,0.312487308,0.21671269199999998
22,17,16,partners,business,0.0,0.0
22,17,16,case_content,studio,0.0,0.0
22,17,16,case_content,assist,0.06975163124999999,0.04837336874999999
22,17,16,case_content,business,0.0,0.0
22,18,17,founder,studio,0.0,0.0
22,18,17,founder,assist,0.9920231999999999,0.5199767999999999
22,18,17,founder,business,0.0,0.0
22,18,17,partners,studio,0.0,0.0
22,18,17,partners,assist,0.34720812,0.18199188
22,18,17,partners,business,0.0,0.0
22,18,17,case_content,studio,0.0,0.0
22,18,17,case_content,assist,0.07750181249999999,0.04062318749999999
22,18,17,case_content,business,0.0,0.0
22,19,18,founder,studio,0.0,0.0
22,19,18,founder,assist,1.102248,0.40975199999999995
22,19,18,founder,business,0.0,0.0
22,19,18,partners,studio,0.0,0.0
22,19,18,partners,assist,0.3857868,0.1434132
22,19,18,partners,business,0.0,0.0
22,19,18,case_content,studio,0.0,0.0
22,19,18,case_content,assist,0.08611312499999998,0.032011874999999995
22,19,18,case_content,business,0.0,0.0
22,20,19,founder,studio,0.0,0.0
22,20,19,founder,assist,1.2247199999999998,0.28728
22,20,19,founder,business,0.0,0.0
22,20,19,partners,studio,0.0,0.0
22,20,19,partners,assist,0.428652,0.100548
22,20,19,partners,business,0.0,0.0
22,20,19,case_content,studio,0.0,0.0
22,20,19,case_content,assist,0.09568124999999998,0.02244375
22,20,19,case_content,business,0.0,0.0
22,21,20,founder,studio,0.0,0.0
22,21,20,founder,assist,1.3607999999999998,0.1512
22,21,20,founder,business,0.0,0.0
22,21,20,partners,studio,0.0,0.0
22,21,20,partners,assist,0.47628,0.05292
22,21,20,partners,business,0.0,0.0
22,21,20,case_content,studio,0.0,0.0
22,21,20,case_content,assist,0.10631249999999998,0.011812499999999998
22,21,20,case_content,business,0.0,0.0
22,22,21,founder,studio,0.0,0
22,22,21,founder,assist,1.5119999999999998,0
22,22,21,founder,business,0.0,0
22,22,21,partners,studio,0.0,0
22,22,21,partners,assist,0.5292,0
22,22,21,partners,business,0.0,0
22,22,21,case_content,studio,0.0,0
22,22,21,case_content,assist,0.11812499999999998,0
22,22,21,case_content,business,0.0,0
23,2,1,founder,studio,0.0,0.0
23,2,1,founder,assist,0.16544151156684664,1.3465584884331534
23,2,1,founder,business,0.0,0.0
23,2,1,partners,studio,0.0,0.0
23,2,1,partners,assist,0.05790452904839634,0.4712954709516036
23,2,1,partners,business,0.0,0.0
23,2,1,case_content,studio,0.0,0.0
23,2,1,case_content,assist,0.012925118091159895,0.10519988190884008
23,2,1,case_content,business,0.0,0.0
23,3,2,founder,studio,0.0,0.0
23,3,2,founder,assist,0.1838239017409407,1.3281760982590594
23,3,2,founder,business,0.0,0.0
23,3,2,partners,studio,0.0,0.0
23,3,2,partners,assist,0.06433836560932926,0.4648616343906707
23,3,2,partners,business,0.0,0.0
23,3,2,case_content,studio,0.0,0.0
23,3,2,case_content,assist,0.014361242323510996,0.10376375767648899
23,3,2,case_content,business,0.0,0.0
23,4,3,founder,studio,0.0,0.0
23,4,3,founder,assist,0.20424877971215635,1.3077512202878436
23,4,3,founder,business,0.0,0.0
23,4,3,partners,studio,0.0,0.0
23,4,3,partners,assist,0.07148707289925474,0.45771292710074524
23,4,3,partners,business,0.0,0.0
23,4,3,case_content,studio,0.0,0.0
23,4,3,case_content,assist,0.015956935915012217,0.10216806408498777
23,4,3,case_content,business,0.0,0.0
23,5,4,founder,studio,0.0,0.0
23,5,4,founder,assist,0.22694308856906262,1.2850569114309374
23,5,4,founder,business,0.0,0.0
23,5,4,partners,studio,0.0,0.0
23,5,4,partners,assist,0.07943008099917193,0.449769919000828
23,5,4,partners,business,0.0,0.0
23,5,4,case_content,studio,0.0,0.0
23,5,4,case_content,assist,0.01772992879445802,0.10039507120554197
23,5,4,case_content,business,0.0,0.0
23,6,5,founder,studio,0.0,0.0
23,6,5,founder,assist,0.25215898729895847,1.2598410127010415
23,6,5,founder,business,0.0,0.0
23,6,5,partners,studio,0.0,0.0
23,6,5,partners,assist,0.08825564555463547,0.44094435444536445
23,6,5,partners,business,0.0,0.0
23,6,5,case_content,studio,0.0,0.0
23,6,5,case_content,assist,0.01969992088273113,0.09842507911726886
23,6,5,case_content,business,0.0,0.0
23,7,6,founder,studio,0.0,0.0
23,7,6,founder,assist,0.28017665255439833,1.2318233474456017
23,7,6,founder,business,0.0,0.0
23,7,6,partners,studio,0.0,0.0
23,7,6,partners,assist,0.09806182839403942,0.4311381716059605
23,7,6,partners,business,0.0,0.0
23,7,6,case_content,studio,0.0,0.0
23,7,6,case_content,assist,0.02188880098081237,0.09623619901918762
23,7,6,case_content,business,0.0,0.0
23,8,7,founder,studio,0.0,0.0
23,8,7,founder,assist,0.31130739172710925,1.2006926082728908
23,8,7,founder,business,0.0,0.0
23,8,7,partners,studio,0.0,0.0
23,8,7,partners,assist,0.10895758710448825,0.4202424128955117
23,8,7,partners,business,0.0,0.0
23,8,7,case_content,studio,0.0,0.0
23,8,7,case_content,assist,0.02432088997868041,0.09380411002131958
23,8,7,case_content,business,0.0,0.0
23,9,8,founder,studio,0.0,0.0
23,9,8,founder,assist,0.3458971019190103,1.1661028980809898
23,9,8,founder,business,0.0,0.0
23,9,8,partners,studio,0.0,0.0
23,9,8,partners,assist,0.1210639856716536,0.4081360143283463
23,9,8,partners,business,0.0,0.0
23,9,8,case_content,studio,0.0,0.0
23,9,8,case_content,assist,0.02702321108742268,0.09110178891257731
23,9,8,case_content,business,0.0,0.0
23,10,9,founder,studio,0.0,0.0
23,10,9,founder,assist,0.38433011324334476,1.1276698867566552
23,10,9,founder,business,0.0,0.0
23,10,9,partners,studio,0.0,0.0
23,10,9,partners,assist,0.13451553963517068,0.39468446036482924
23,10,9,partners,business,0.0,0.0
23,10,9,case_content,studio,0.0,0.0
23,10,9,case_content,assist,0.03002579009713631,0.08809920990286367
23,10,9,case_content,business,0.0,0.0
23,11,10,founder,studio,0.0,0.0
23,11,10,founder,assist,0.42703345915927193,1.084966540840728
23,11,10,founder,business,0.0,0.0
23,11,10,partners,studio,0.0,0.0
23,11,10,partners,assist,0.1494617107057452,0.37973828929425474
23,11,10,partners,business,0.0,0.0
23,11,10,case_content,studio,0.0,0.0
23,11,10,case_content,assist,0.03336198899681812,0.08476301100318186
23,11,10,case_content,business,0.0,0.0
23,12,11,founder,studio,0.0,0.0
23,12,11,founder,assist,0.4744816212880799,1.03751837871192
23,12,11,founder,business,0.0,0.0
23,12,11,partners,studio,0.0,0.0
23,12,11,partners,assist,0.16606856745082801,0.36313143254917196
23,12,11,partners,business,0.0,0.0
23,12,11,case_content,studio,0.0,0.0
23,12,11,case_content,assist,0.037068876663131245,0.08105612333686874
23,12,11,case_content,business,0.0,0.0
23,13,12,founder,studio,0.0,0.0
23,13,12,founder,assist,0.5272018014311999,0.9847981985687999
23,13,12,founder,business,0.0,0.0
23,13,12,partners,studio,0.0,0.0
23,13,12,partners,assist,0.18452063050092002,0.34467936949907996
23,13,12,partners,business,0.0,0.0
23,13,12,case_content,studio,0.0,0.0
23,13,12,case_content,assist,0.04118764073681249,0.07693735926318748
23,13,12,case_content,business,0.0,0.0
23,14,13,founder,studio,0.0,0.0
23,14,13,founder,assist,0.5857797793679999,0.9262202206319999
23,14,13,founder,business,0.0,0.0
23,14,13,partners,studio,0.0,0.0
23,14,13,partners,assist,0.20502292277880002,0.3241770772212
23,14,13,partners,business,0.0,0.0
23,14,13,case_content,studio,0.0,0.0
23,14,13,case_content,assist,0.04576404526312499,0.07236095473687498
23,14,13,case_content,business,0.0,0.0
23,15,14,founder,studio,0.0,0.0
23,15,14,founder,assist,0.6508664215199998,0.8611335784799999
23,15,14,founder,business,0.0,0.0
23,15,14,partners,studio,0.0,0.0
23,15,14,partners,assist,0.227803247532,0.30139675246799996
23,15,14,partners,business,0.0,0.0
23,15,14,case_content,studio,0.0,0.0
23,15,14,case_content,assist,0.05084893918124999,0.06727606081874998
23,15,14,case_content,business,0.0,0.0
23,16,15,founder,studio,0.0,0.0
23,16,15,founder,assist,0.7231849127999999,0.7888150871999999
23,16,15,founder,business,0.0,0.0
23,16,15,partners,studio,0.0,0.0
23,16,15,partners,assist,0.25311471948,0.27608528052
23,16,15,partners,business,0.0,0.0
23,16,15,case_content,studio,0.0,0.0
23,16,15,case_content,assist,0.05649882131249999,0.06162617868749999
23,16,15,case_content,business,0.0,0.0
23,17,16,founder,studio,0.0,0.0
23,17,16,founder,assist,0.8035387919999999,0.7084612079999999
23,17,16,founder,business,0.0,0.0
23,17,16,partners,studio,0.0,0.0
23,17,16,partners,assist,0.2812385772,0.2479614228
23,17,16,partners,business,0.0,0.0
23,17,16,case_content,studio,0.0,0.0
23,17,16,case_content,assist,0.06277646812499998,0.055348531874999995
23,17,16,case_content,business,0.0,0.0
23,18,17,founder,studio,0.0,0.0
23,18,17,founder,assist,0.8928208799999999,0.6191791199999999
23,18,17,founder,business,0.0,0.0
23,18,17,partners,studio,0.0,0.0
23,18,17,partners,assist,0.312487308,0.21671269199999998
23,18,17,partners,business,0.0,0.0
23,18,17,case_content,studio,0.0,0.0
23,18,17,case_content,assist,0.06975163124999999,0.04837336874999999
23,18,17,case_content,business,0.0,0.0
23,19,18,founder,studio,0.0,0.0
23,19,18,founder,assist,0.9920231999999999,0.5199767999999999
23,19,18,founder,business,0.0,0.0
23,19,18,partners,studio,0.0,0.0
23,19,18,partners,assist,0.34720812,0.18199188
23,19,18,partners,business,0.0,0.0
23,19,18,case_content,studio,0.0,0.0
23,19,18,case_content,assist,0.07750181249999999,0.04062318749999999
23,19,18,case_content,business,0.0,0.0
23,20,19,founder,studio,0.0,0.0
23,20,19,founder,assist,1.102248,0.40975199999999995
23,20,19,founder,business,0.0,0.0
23,20,19,partners,studio,0.0,0.0
23,20,19,partners,assist,0.3857868,0.1434132
23,20,19,partners,business,0.0,0.0
23,20,19,case_content,studio,0.0,0.0
23,20,19,case_content,assist,0.08611312499999998,0.032011874999999995
23,20,19,case_content,business,0.0,0.0
23,21,20,founder,studio,0.0,0.0
23,21,20,founder,assist,1.2247199999999998,0.28728
23,21,20,founder,business,0.0,0.0
23,21,20,partners,studio,0.0,0.0
23,21,20,partners,assist,0.428652,0.100548
23,21,20,partners,business,0.0,0.0
23,21,20,case_content,studio,0.0,0.0
23,21,20,case_content,assist,0.09568124999999998,0.02244375
23,21,20,case_content,business,0.0,0.0
23,22,21,founder,studio,0.0,0.0
23,22,21,founder,assist,1.3607999999999998,0.1512
23,22,21,founder,business,0.0,0.0
23,22,21,partners,studio,0.0,0.0
23,22,21,partners,assist,0.47628,0.05292
23,22,21,partners,business,0.0,0.0
23,22,21,case_content,studio,0.0,0.0
23,22,21,case_content,assist,0.10631249999999998,0.011812499999999998
23,22,21,case_content,business,0.0,0.0
23,23,22,founder,studio,0.0,0
23,23,22,founder,assist,1.5119999999999998,0
23,23,22,founder,business,0.0,0
23,23,22,partners,studio,0.0,0
23,23,22,partners,assist,0.5292,0
23,23,22,partners,business,0.0,0
23,23,22,case_content,studio,0.0,0
23,23,22,case_content,assist,0.11812499999999998,0
23,23,22,case_content,business,0.0,0
24,2,1,founder,studio,0.0,0.0
24,2,1,founder,assist,0.14889736041016197,1.363102639589838
24,2,1,founder,business,0.0,0.0
24,2,1,partners,studio,0.0,0.0
24,2,1,partners,assist,0.052114076143556703,0.4770859238564433
24,2,1,partners,business,0.0,0.0
24,2,1,case_content,studio,0.0,0.0
24,2,1,case_content,assist,0.011632606282043906,0.10649239371795607
24,2,1,case_content,business,0.0,0.0
24,3,2,founder,studio,0.0,0.0
24,3,2,founder,assist,0.16544151156684664,1.3465584884331534
24,3,2,founder,business,0.0,0.0
24,3,2,partners,studio,0.0,0.0
24,3,2,partners,assist,0.05790452904839634,0.4712954709516036
24,3,2,partners,business,0.0,0.0
24,3,2,case_content,studio,0.0,0.0
24,3,2,case_content,assist,0.012925118091159895,0.10519988190884008
24,3,2,case_content,business,0.0,0.0
24,4,3,founder,studio,0.0,0.0
24,4,3,founder,assist,0.1838239017409407,1.3281760982590594
24,4,3,founder,business,0.0,0.0
24,4,3,partners,studio,0.0,0.0
24,4,3,partners,assist,0.06433836560932926,0.4648616343906707
24,4,3,partners,business,0.0,0.0
24,4,3,case_content,studio,0.0,0.0
24,4,3,case_content,assist,0.014361242323510996,0.10376375767648899
24,4,3,case_content,business,0.0,0.0
24,5,4,founder,studio,0.0,0.0
24,5,4,founder,assist,0.20424877971215635,1.3077512202878436
24,5,4,founder,business,0.0,0.0
24,5,4,partners,studio,0.0,0.0
24,5,4,partners,assist,0.07148707289925474,0.45771292710074524
24,5,4,partners,business,0.0,0.0
24,5,4,case_content,studio,0.0,0.0
24,5,4,case_content,assist,0.015956935915012217,0.10216806408498777
24,5,4,case_content,business,0.0,0.0
24,6,5,founder,studio,0.0,0.0
24,6,5,founder,assist,0.22694308856906262,1.2850569114309374
24,6,5,founder,business,0.0,0.0
24,6,5,partners,studio,0.0,0.0
24,6,5,partners,assist,0.07943008099917193,0.449769919000828
24,6,5,partners,business,0.0,0.0
24,6,5,case_content,studio,0.0,0.0
24,6,5,case_content,assist,0.01772992879445802,0.10039507120554197
24,6,5,case_content,business,0.0,0.0
24,7,6,founder,studio,0.0,0.0
24,7,6,founder,assist,0.25215898729895847,1.2598410127010415
24,7,6,founder,business,0.0,0.0
24,7,6,partners,studio,0.0,0.0
24,7,6,partners,assist,0.08825564555463547,0.44094435444536445
24,7,6,partners,business,0.0,0.0
24,7,6,case_content,studio,0.0,0.0
24,7,6,case_content,assist,0.01969992088273113,0.09842507911726886
24,7,6,case_content,business,0.0,0.0
24,8,7,founder,studio,0.0,0.0
24,8,7,founder,assist,0.28017665255439833,1.2318233474456017
24,8,7,founder,business,0.0,0.0
24,8,7,partners,studio,0.0,0.0
24,8,7,partners,assist,0.09806182839403942,0.4311381716059605
24,8,7,partners,business,0.0,0.0
24,8,7,case_content,studio,0.0,0.0
24,8,7,case_content,assist,0.02188880098081237,0.09623619901918762
24,8,7,case_content,business,0.0,0.0
24,9,8,founder,studio,0.0,0.0
24,9,8,founder,assist,0.31130739172710925,1.2006926082728908
24,9,8,founder,business,0.0,0.0
24,9,8,partners,studio,0.0,0.0
24,9,8,partners,assist,0.10895758710448825,0.4202424128955117
24,9,8,partners,business,0.0,0.0
24,9,8,case_content,studio,0.0,0.0
24,9,8,case_content,assist,0.02432088997868041,0.09380411002131958
24,9,8,case_content,business,0.0,0.0
24,10,9,founder,studio,0.0,0.0
24,10,9,founder,assist,0.3458971019190103,1.1661028980809898
24,10,9,founder,business,0.0,0.0
24,10,9,partners,studio,0.0,0.0
24,10,9,partners,assist,0.1210639856716536,0.4081360143283463
24,10,9,partners,business,0.0,0.0
24,10,9,case_content,studio,0.0,0.0
24,10,9,case_content,assist,0.02702321108742268,0.09110178891257731
24,10,9,case_content,business,0.0,0.0
24,11,10,founder,studio,0.0,0.0
24,11,10,founder,assist,0.38433011324334476,1.1276698867566552
24,11,10,founder,business,0.0,0.0
24,11,10,partners,studio,0.0,0.0
24,11,10,partners,assist,0.13451553963517068,0.39468446036482924
24,11,10,partners,business,0.0,0.0
24,11,10,case_content,studio,0.0,0.0
24,11,10,case_content,assist,0.03002579009713631,0.08809920990286367
24,11,10,case_content,business,0.0,0.0
24,12,11,founder,studio,0.0,0.0
24,12,11,founder,assist,0.42703345915927193,1.084966540840728
24,12,11,founder,business,0.0,0.0
24,12,11,partners,studio,0.0,0.0
24,12,11,partners,assist,0.1494617107057452,0.37973828929425474
24,12,11,partners,business,0.0,0.0
24,12,11,case_content,studio,0.0,0.0
24,12,11,case_content,assist,0.03336198899681812,0.08476301100318186
24,12,11,case_content,business,0.0,0.0
24,13,12,founder,studio,0.0,0.0
24,13,12,founder,assist,0.4744816212880799,1.03751837871192
24,13,12,founder,business,0.0,0.0
24,13,12,partners,studio,0.0,0.0
24,13,12,partners,assist,0.16606856745082801,0.36313143254917196
24,13,12,partners,business,0.0,0.0
24,13,12,case_content,studio,0.0,0.0
24,13,12,case_content,assist,0.037068876663131245,0.08105612333686874
24,13,12,case_content,business,0.0,0.0
24,14,13,founder,studio,0.0,0.0
24,14,13,founder,assist,0.5272018014311999,0.9847981985687999
24,14,13,founder,business,0.0,0.0
24,14,13,partners,studio,0.0,0.0
24,14,13,partners,assist,0.18452063050092002,0.34467936949907996
24,14,13,partners,business,0.0,0.0
24,14,13,case_content,studio,0.0,0.0
24,14,13,case_content,assist,0.04118764073681249,0.07693735926318748
24,14,13,case_content,business,0.0,0.0
24,15,14,founder,studio,0.0,0.0
24,15,14,founder,assist,0.5857797793679999,0.9262202206319999
24,15,14,founder,business,0.0,0.0
24,15,14,partners,studio,0.0,0.0
24,15,14,partners,assist,0.20502292277880002,0.3241770772212
24,15,14,partners,business,0.0,0.0
24,15,14,case_content,studio,0.0,0.0
24,15,14,case_content,assist,0.04576404526312499,0.07236095473687498
24,15,14,case_content,business,0.0,0.0
24,16,15,founder,studio,0.0,0.0
24,16,15,founder,assist,0.6508664215199998,0.8611335784799999
24,16,15,founder,business,0.0,0.0
24,16,15,partners,studio,0.0,0.0
24,16,15,partners,assist,0.227803247532,0.30139675246799996
24,16,15,partners,business,0.0,0.0
24,16,15,case_content,studio,0.0,0.0
24,16,15,case_content,assist,0.05084893918124999,0.06727606081874998
24,16,15,case_content,business,0.0,0.0
24,17,16,founder,studio,0.0,0.0
24,17,16,founder,assist,0.7231849127999999,0.7888150871999999
24,17,16,founder,business,0.0,0.0
24,17,16,partners,studio,0.0,0.0
24,17,16,partners,assist,0.25311471948,0.27608528052
24,17,16,partners,business,0.0,0.0
24,17,16,case_content,studio,0.0,0.0
24,17,16,case_content,assist,0.05649882131249999,0.06162617868749999
24,17,16,case_content,business,0.0,0.0
24,18,17,founder,studio,0.0,0.0
24,18,17,founder,assist,0.8035387919999999,0.7084612079999999
24,18,17,founder,business,0.0,0.0
24,18,17,partners,studio,0.0,0.0
24,18,17,partners,assist,0.2812385772,0.2479614228
24,18,17,partners,business,0.0,0.0
24,18,17,case_content,studio,0.0,0.0
24,18,17,case_content,assist,0.06277646812499998,0.055348531874999995
24,18,17,case_content,business,0.0,0.0
24,19,18,founder,studio,0.0,0.0
24,19,18,founder,assist,0.8928208799999999,0.6191791199999999
24,19,18,founder,business,0.0,0.0
24,19,18,partners,studio,0.0,0.0
24,19,18,partners,assist,0.312487308,0.21671269199999998
24,19,18,partners,business,0.0,0.0
24,19,18,case_content,studio,0.0,0.0
24,19,18,case_content,assist,0.06975163124999999,0.04837336874999999
24,19,18,case_content,business,0.0,0.0
24,20,19,founder,studio,0.0,0.0
24,20,19,founder,assist,0.9920231999999999,0.5199767999999999
24,20,19,founder,business,0.0,0.0
24,20,19,partners,studio,0.0,0.0
24,20,19,partners,assist,0.34720812,0.18199188
24,20,19,partners,business,0.0,0.0
24,20,19,case_content,studio,0.0,0.0
24,20,19,case_content,assist,0.07750181249999999,0.04062318749999999
24,20,19,case_content,business,0.0,0.0
24,21,20,founder,studio,0.0,0.0
24,21,20,founder,assist,1.102248,0.40975199999999995
24,21,20,founder,business,0.0,0.0
24,21,20,partners,studio,0.0,0.0
24,21,20,partners,assist,0.3857868,0.1434132
24,21,20,partners,business,0.0,0.0
24,21,20,case_content,studio,0.0,0.0
24,21,20,case_content,assist,0.08611312499999998,0.032011874999999995
24,21,20,case_content,business,0.0,0.0
24,22,21,founder,studio,0.0,0.0
24,22,21,founder,assist,1.2247199999999998,0.28728
24,22,21,founder,business,0.0,0.0
24,22,21,partners,studio,0.0,0.0
24,22,21,partners,assist,0.428652,0.100548
24,22,21,partners,business,0.0,0.0
24,22,21,case_content,studio,0.0,0.0
24,22,21,case_content,assist,0.09568124999999998,0.02244375
24,22,21,case_content,business,0.0,0.0
24,23,22,founder,studio,0.0,0.0
24,23,22,founder,assist,1.3607999999999998,0.1512
24,23,22,founder,business,0.0,0.0
24,23,22,partners,studio,0.0,0.0
24,23,22,partners,assist,0.47628,0.05292
24,23,22,partners,business,0.0,0.0
24,23,22,case_content,studio,0.0,0.0
24,23,22,case_content,assist,0.10631249999999998,0.011812499999999998
24,23,22,case_content,business,0.0,0.0
24,24,23,founder,studio,0.0,0
24,24,23,founder,assist,1.5119999999999998,0
24,24,23,founder,business,0.0,0
24,24,23,partners,studio,0.0,0
24,24,23,partners,assist,0.5292,0
24,24,23,partners,business,0.0,0
24,24,23,case_content,studio,0.0,0
24,24,23,case_content,assist,0.11812499999999998,0
24,24,23,case_content,business,0.0,0
25,2,1,founder,studio,0.0,0.0
25,2,1,founder,assist,0.13400762436914576,1.3779923756308543
25,2,1,founder,business,0.0,0.0
25,2,1,partners,studio,0.0,0.0
25,2,1,partners,assist,0.04690266852920103,0.48229733147079895
25,2,1,partners,business,0.0,0.0
25,2,1,case_content,studio,0.0,0.0
25,2,1,case_content,assist,0.010469345653839515,0.10765565434616046
25,2,1,case_content,business,0.0,0.0
25,3,2,founder,studio,0.0,0.0
25,3,2,founder,assist,0.14889736041016197,1.363102639589838
25,3,2,founder,business,0.0,0.0
25,3,2,partners,studio,0.0,0.0
25,3,2,partners,assist,0.052114076143556703,0.4770859238564433
25,3,2,partners,business,0.0,0.0
25,3,2,case_content,studio,0.0,0.0
25,3,2,case_content,assist,0.011632606282043906,0.10649239371795607
25,3,2,case_content,business,0.0,0.0
25,4,3,founder,studio,0.0,0.0
25,4,3,founder,assist,0.16544151156684664,1.3465584884331534
25,4,3,founder,business,0.0,0.0
25,4,3,partners,studio,0.0,0.0
25,4,3,partners,assist,0.05790452904839634,0.4712954709516036
25,4,3,partners,business,0.0,0.0
25,4,3,case_content,studio,0.0,0.0
25,4,3,case_content,assist,0.012925118091159895,0.10519988190884008
25,4,3,case_content,business,0.0,0.0
25,5,4,founder,studio,0.0,0.0
25,5,4,founder,assist,0.1838239017409407,1.3281760982590594
25,5,4,founder,business,0.0,0.0
25,5,4,partners,studio,0.0,0.0
25,5,4,partners,assist,0.06433836560932926,0.4648616343906707
25,5,4,partners,business,0.0,0.0
25,5,4,case_content,studio,0.0,0.0
25,5,4,case_content,assist,0.014361242323510996,0.10376375767648899
25,5,4,case_content,business,0.0,0.0
25,6,5,founder,studio,0.0,0.0
25,6,5,founder,assist,0.20424877971215635,1.3077512202878436
25,6,5,founder,business,0.0,0.0
25,6,5,partners,studio,0.0,0.0
25,6,5,partners,assist,0.07148707289925474,0.45771292710074524
25,6,5,partners,business,0.0,0.0
25,6,5,case_content,studio,0.0,0.0
25,6,5,case_content,assist,0.015956935915012217,0.10216806408498777
25,6,5,case_content,business,0.0,0.0
25,7,6,founder,studio,0.0,0.0
25,7,6,founder,assist,0.22694308856906262,1.2850569114309374
25,7,6,founder,business,0.0,0.0
25,7,6,partners,studio,0.0,0.0
25,7,6,partners,assist,0.07943008099917193,0.449769919000828
25,7,6,partners,business,0.0,0.0
25,7,6,case_content,studio,0.0,0.0
25,7,6,case_content,assist,0.01772992879445802,0.10039507120554197
25,7,6,case_content,business,0.0,0.0
25,8,7,founder,studio,0.0,0.0
25,8,7,founder,assist,0.25215898729895847,1.2598410127010415
25,8,7,founder,business,0.0,0.0
25,8,7,partners,studio,0.0,0.0
25,8,7,partners,assist,0.08825564555463547,0.44094435444536445
25,8,7,partners,business,0.0,0.0
25,8,7,case_content,studio,0.0,0.0
25,8,7,case_content,assist,0.01969992088273113,0.09842507911726886
25,8,7,case_content,business,0.0,0.0
25,9,8,founder,studio,0.0,0.0
25,9,8,founder,assist,0.28017665255439833,1.2318233474456017
25,9,8,founder,business,0.0,0.0
25,9,8,partners,studio,0.0,0.0
25,9,8,partners,assist,0.09806182839403942,0.4311381716059605
25,9,8,partners,business,0.0,0.0
25,9,8,case_content,studio,0.0,0.0
25,9,8,case_content,assist,0.02188880098081237,0.09623619901918762
25,9,8,case_content,business,0.0,0.0
25,10,9,founder,studio,0.0,0.0
25,10,9,founder,assist,0.31130739172710925,1.2006926082728908
25,10,9,founder,business,0.0,0.0
25,10,9,partners,studio,0.0,0.0
25,10,9,partners,assist,0.10895758710448825,0.4202424128955117
25,10,9,partners,business,0.0,0.0
25,10,9,case_content,studio,0.0,0.0
25,10,9,case_content,assist,0.02432088997868041,0.09380411002131958
25,10,9,case_content,business,0.0,0.0
25,11,10,founder,studio,0.0,0.0
25,11,10,founder,assist,0.3458971019190103,1.1661028980809898
25,11,10,founder,business,0.0,0.0
25,11,10,partners,studio,0.0,0.0
25,11,10,partners,assist,0.1210639856716536,0.4081360143283463
25,11,10,partners,business,0.0,0.0
25,11,10,case_content,studio,0.0,0.0
25,11,10,case_content,assist,0.02702321108742268,0.09110178891257731
25,11,10,case_content,business,0.0,0.0
25,12,11,founder,studio,0.0,0.0
25,12,11,founder,assist,0.38433011324334476,1.1276698867566552
25,12,11,founder,business,0.0,0.0
25,12,11,partners,studio,0.0,0.0
25,12,11,partners,assist,0.13451553963517068,0.39468446036482924
25,12,11,partners,business,0.0,0.0
25,12,11,case_content,studio,0.0,0.0
25,12,11,case_content,assist,0.03002579009713631,0.08809920990286367
25,12,11,case_content,business,0.0,0.0
25,13,12,founder,studio,0.0,0.0
25,13,12,founder,assist,0.42703345915927193,1.084966540840728
25,13,12,founder,business,0.0,0.0
25,13,12,partners,studio,0.0,0.0
25,13,12,partners,assist,0.1494617107057452,0.37973828929425474
25,13,12,partners,business,0.0,0.0
25,13,12,case_content,studio,0.0,0.0
25,13,12,case_content,assist,0.03336198899681812,0.08476301100318186
25,13,12,case_content,business,0.0,0.0
25,14,13,founder,studio,0.0,0.0
25,14,13,founder,assist,0.4744816212880799,1.03751837871192
25,14,13,founder,business,0.0,0.0
25,14,13,partners,studio,0.0,0.0
25,14,13,partners,assist,0.16606856745082801,0.36313143254917196
25,14,13,partners,business,0.0,0.0
25,14,13,case_content,studio,0.0,0.0
25,14,13,case_content,assist,0.037068876663131245,0.08105612333686874
25,14,13,case_content,business,0.0,0.0
25,15,14,founder,studio,0.0,0.0
25,15,14,founder,assist,0.5272018014311999,0.9847981985687999
25,15,14,founder,business,0.0,0.0
25,15,14,partners,studio,0.0,0.0
25,15,14,partners,assist,0.18452063050092002,0.34467936949907996
25,15,14,partners,business,0.0,0.0
25,15,14,case_content,studio,0.0,0.0
25,15,14,case_content,assist,0.04118764073681249,0.07693735926318748
25,15,14,case_content,business,0.0,0.0
25,16,15,founder,studio,0.0,0.0
25,16,15,founder,assist,0.5857797793679999,0.9262202206319999
25,16,15,founder,business,0.0,0.0
25,16,15,partners,studio,0.0,0.0
25,16,15,partners,assist,0.20502292277880002,0.3241770772212
25,16,15,partners,business,0.0,0.0
25,16,15,case_content,studio,0.0,0.0
25,16,15,case_content,assist,0.04576404526312499,0.07236095473687498
25,16,15,case_content,business,0.0,0.0
25,17,16,founder,studio,0.0,0.0
25,17,16,founder,assist,0.6508664215199998,0.8611335784799999
25,17,16,founder,business,0.0,0.0
25,17,16,partners,studio,0.0,0.0
25,17,16,partners,assist,0.227803247532,0.30139675246799996
25,17,16,partners,business,0.0,0.0
25,17,16,case_content,studio,0.0,0.0
25,17,16,case_content,assist,0.05084893918124999,0.06727606081874998
25,17,16,case_content,business,0.0,0.0
25,18,17,founder,studio,0.0,0.0
25,18,17,founder,assist,0.7231849127999999,0.7888150871999999
25,18,17,founder,business,0.0,0.0
25,18,17,partners,studio,0.0,0.0
25,18,17,partners,assist,0.25311471948,0.27608528052
25,18,17,partners,business,0.0,0.0
25,18,17,case_content,studio,0.0,0.0
25,18,17,case_content,assist,0.05649882131249999,0.06162617868749999
25,18,17,case_content,business,0.0,0.0
25,19,18,founder,studio,0.0,0.0
25,19,18,founder,assist,0.8035387919999999,0.7084612079999999
25,19,18,founder,business,0.0,0.0
25,19,18,partners,studio,0.0,0.0
25,19,18,partners,assist,0.2812385772,0.2479614228
25,19,18,partners,business,0.0,0.0
25,19,18,case_content,studio,0.0,0.0
25,19,18,case_content,assist,0.06277646812499998,0.055348531874999995
25,19,18,case_content,business,0.0,0.0
25,20,19,founder,studio,0.0,0.0
25,20,19,founder,assist,0.8928208799999999,0.6191791199999999
25,20,19,founder,business,0.0,0.0
25,20,19,partners,studio,0.0,0.0
25,20,19,partners,assist,0.312487308,0.21671269199999998
25,20,19,partners,business,0.0,0.0
25,20,19,case_content,studio,0.0,0.0
25,20,19,case_content,assist,0.06975163124999999,0.04837336874999999
25,20,19,case_content,business,0.0,0.0
25,21,20,founder,studio,0.0,0.0
25,21,20,founder,assist,0.9920231999999999,0.5199767999999999
25,21,20,founder,business,0.0,0.0
25,21,20,partners,studio,0.0,0.0
25,21,20,partners,assist,0.34720812,0.18199188
25,21,20,partners,business,0.0,0.0
25,21,20,case_content,studio,0.0,0.0
25,21,20,case_content,assist,0.07750181249999999,0.04062318749999999
25,21,20,case_content,business,0.0,0.0
25,22,21,founder,studio,0.0,0.0
25,22,21,founder,assist,1.102248,0.40975199999999995
25,22,21,founder,business,0.0,0.0
25,22,21,partners,studio,0.0,0.0
25,22,21,partners,assist,0.3857868,0.1434132
25,22,21,partners,business,0.0,0.0
25,22,21,case_content,studio,0.0,0.0
25,22,21,case_content,assist,0.08611312499999998,0.032011874999999995
25,22,21,case_content,business,0.0,0.0
25,23,22,founder,studio,0.0,0.0
25,23,22,founder,assist,1.2247199999999998,0.28728
25,23,22,founder,business,0.0,0.0
25,23,22,partners,studio,0.0,0.0
25,23,22,partners,assist,0.428652,0.100548
25,23,22,partners,business,0.0,0.0
25,23,22,case_content,studio,0.0,0.0
25,23,22,case_content,assist,0.09568124999999998,0.02244375
25,23,22,case_content,business,0.0,0.0
25,24,23,founder,studio,0.0,0.0
25,24,23,founder,assist,1.3607999999999998,0.1512
25,24,23,founder,business,0.0,0.0
25,24,23,partners,studio,0.0,0.0
25,24,23,partners,assist,0.47628,0.05292
25,24,23,partners,business,0.0,0.0
25,24,23,case_content,studio,0.0,0.0
25,24,23,case_content,assist,0.10631249999999998,0.011812499999999998
25,24,23,case_content,business,0.0,0.0
25,25,24,founder,studio,0.0,0
25,25,24,founder,assist,1.5119999999999998,0
25,25,24,founder,business,0.0,0
25,25,24,partners,studio,0.0,0
25,25,24,partners,assist,0.5292,0
25,25,24,partners,business,0.0,0
25,25,24,case_content,studio,0.0,0
25,25,24,case_content,assist,0.11812499999999998,0
25,25,24,case_content,business,0.0,0
26,2,1,founder,studio,0.0,0.0
26,2,1,founder,assist,0.12060686193223119,1.3913931380677689
26,2,1,founder,business,0.0,0.0
26,2,1,partners,studio,0.0,0.0
26,2,1,partners,assist,0.04221240167628093,0.4869875983237191
26,2,1,partners,business,0.0,0.0
26,2,1,case_content,studio,0.0,0.0
26,2,1,case_content,assist,0.009422411088455564,0.10870258891154441
26,2,1,case_content,business,0.0,0.0
26,3,2,founder,studio,0.0,0.0
26,3,2,founder,assist,0.13400762436914576,1.3779923756308543
26,3,2,founder,business,0.0,0.0
26,3,2,partners,studio,0.0,0.0
26,3,2,partners,assist,0.04690266852920103,0.48229733147079895
26,3,2,partners,business,0.0,0.0
26,3,2,case_content,studio,0.0,0.0
26,3,2,case_content,assist,0.010469345653839515,0.10765565434616046
26,3,2,case_content,business,0.0,0.0
26,4,3,founder,studio,0.0,0.0
26,4,3,founder,assist,0.14889736041016197,1.363102639589838
26,4,3,founder,business,0.0,0.0
26,4,3,partners,studio,0.0,0.0
26,4,3,partners,assist,0.052114076143556703,0.4770859238564433
26,4,3,partners,business,0.0,0.0
26,4,3,case_content,studio,0.0,0.0
26,4,3,case_content,assist,0.011632606282043906,0.10649239371795607
26,4,3,case_content,business,0.0,0.0
26,5,4,founder,studio,0.0,0.0
26,5,4,founder,assist,0.16544151156684664,1.3465584884331534
26,5,4,founder,business,0.0,0.0
26,5,4,partners,studio,0.0,0.0
26,5,4,partners,assist,0.05790452904839634,0.4712954709516036
26,5,4,partners,business,0.0,0.0
26,5,4,case_content,studio,0.0,0.0
26,5,4,case_content,assist,0.012925118091159895,0.10519988190884008
26,5,4,case_content,business,0.0,0.0
26,6,5,founder,studio,0.0,0.0
26,6,5,founder,assist,0.1838239017409407,1.3281760982590594
26,6,5,founder,business,0.0,0.0
26,6,5,partners,studio,0.0,0.0
26,6,5,partners,assist,0.06433836560932926,0.4648616343906707
26,6,5,partners,business,0.0,0.0
26,6,5,case_content,studio,0.0,0.0
26,6,5,case_content,assist,0.014361242323510996,0.10376375767648899
26,6,5,case_content,business,0.0,0.0
26,7,6,founder,studio,0.0,0.0
26,7,6,founder,assist,0.20424877971215635,1.3077512202878436
26,7,6,founder,business,0.0,0.0
26,7,6,partners,studio,0.0,0.0
26,7,6,partners,assist,0.07148707289925474,0.45771292710074524
26,7,6,partners,business,0.0,0.0
26,7,6,case_content,studio,0.0,0.0
26,7,6,case_content,assist,0.015956935915012217,0.10216806408498777
26,7,6,case_content,business,0.0,0.0
26,8,7,founder,studio,0.0,0.0
26,8,7,founder,assist,0.22694308856906262,1.2850569114309374
26,8,7,founder,business,0.0,0.0
26,8,7,partners,studio,0.0,0.0
26,8,7,partners,assist,0.07943008099917193,0.449769919000828
26,8,7,partners,business,0.0,0.0
26,8,7,case_content,studio,0.0,0.0
26,8,7,case_content,assist,0.01772992879445802,0.10039507120554197
26,8,7,case_content,business,0.0,0.0
26,9,8,founder,studio,0.0,0.0
26,9,8,founder,assist,0.25215898729895847,1.2598410127010415
26,9,8,founder,business,0.0,0.0
26,9,8,partners,studio,0.0,0.0
26,9,8,partners,assist,0.08825564555463547,0.44094435444536445
26,9,8,partners,business,0.0,0.0
26,9,8,case_content,studio,0.0,0.0
26,9,8,case_content,assist,0.01969992088273113,0.09842507911726886
26,9,8,case_content,business,0.0,0.0
26,10,9,founder,studio,0.0,0.0
26,10,9,founder,assist,0.28017665255439833,1.2318233474456017
26,10,9,founder,business,0.0,0.0
26,10,9,partners,studio,0.0,0.0
26,10,9,partners,assist,0.09806182839403942,0.4311381716059605
26,10,9,partners,business,0.0,0.0
26,10,9,case_content,studio,0.0,0.0
26,10,9,case_content,assist,0.02188880098081237,0.09623619901918762
26,10,9,case_content,business,0.0,0.0
26,11,10,founder,studio,0.0,0.0
26,11,10,founder,assist,0.31130739172710925,1.2006926082728908
26,11,10,founder,business,0.0,0.0
26,11,10,partners,studio,0.0,0.0
26,11,10,partners,assist,0.10895758710448825,0.4202424128955117
26,11,10,partners,business,0.0,0.0
26,11,10,case_content,studio,0.0,0.0
26,11,10,case_content,assist,0.02432088997868041,0.09380411002131958
26,11,10,case_content,business,0.0,0.0
26,12,11,founder,studio,0.0,0.0
26,12,11,founder,assist,0.3458971019190103,1.1661028980809898
26,12,11,founder,business,0.0,0.0
26,12,11,partners,studio,0.0,0.0
26,12,11,partners,assist,0.1210639856716536,0.4081360143283463
26,12,11,partners,business,0.0,0.0
26,12,11,case_content,studio,0.0,0.0
26,12,11,case_content,assist,0.02702321108742268,0.09110178891257731
26,12,11,case_content,business,0.0,0.0
26,13,12,founder,studio,0.0,0.0
26,13,12,founder,assist,0.38433011324334476,1.1276698867566552
26,13,12,founder,business,0.0,0.0
26,13,12,partners,studio,0.0,0.0
26,13,12,partners,assist,0.13451553963517068,0.39468446036482924
26,13,12,partners,business,0.0,0.0
26,13,12,case_content,studio,0.0,0.0
26,13,12,case_content,assist,0.03002579009713631,0.08809920990286367
26,13,12,case_content,business,0.0,0.0
26,14,13,founder,studio,0.0,0.0
26,14,13,founder,assist,0.42703345915927193,1.084966540840728
26,14,13,founder,business,0.0,0.0
26,14,13,partners,studio,0.0,0.0
26,14,13,partners,assist,0.1494617107057452,0.37973828929425474
26,14,13,partners,business,0.0,0.0
26,14,13,case_content,studio,0.0,0.0
26,14,13,case_content,assist,0.03336198899681812,0.08476301100318186
26,14,13,case_content,business,0.0,0.0
26,15,14,founder,studio,0.0,0.0
26,15,14,founder,assist,0.4744816212880799,1.03751837871192
26,15,14,founder,business,0.0,0.0
26,15,14,partners,studio,0.0,0.0
26,15,14,partners,assist,0.16606856745082801,0.36313143254917196
26,15,14,partners,business,0.0,0.0
26,15,14,case_content,studio,0.0,0.0
26,15,14,case_content,assist,0.037068876663131245,0.08105612333686874
26,15,14,case_content,business,0.0,0.0
26,16,15,founder,studio,0.0,0.0
26,16,15,founder,assist,0.5272018014311999,0.9847981985687999
26,16,15,founder,business,0.0,0.0
26,16,15,partners,studio,0.0,0.0
26,16,15,partners,assist,0.18452063050092002,0.34467936949907996
26,16,15,partners,business,0.0,0.0
26,16,15,case_content,studio,0.0,0.0
26,16,15,case_content,assist,0.04118764073681249,0.07693735926318748
26,16,15,case_content,business,0.0,0.0
26,17,16,founder,studio,0.0,0.0
26,17,16,founder,assist,0.5857797793679999,0.9262202206319999
26,17,16,founder,business,0.0,0.0
26,17,16,partners,studio,0.0,0.0
26,17,16,partners,assist,0.20502292277880002,0.3241770772212
26,17,16,partners,business,0.0,0.0
26,17,16,case_content,studio,0.0,0.0
26,17,16,case_content,assist,0.04576404526312499,0.07236095473687498
26,17,16,case_content,business,0.0,0.0
26,18,17,founder,studio,0.0,0.0
26,18,17,founder,assist,0.6508664215199998,0.8611335784799999
26,18,17,founder,business,0.0,0.0
26,18,17,partners,studio,0.0,0.0
26,18,17,partners,assist,0.227803247532,0.30139675246799996
26,18,17,partners,business,0.0,0.0
26,18,17,case_content,studio,0.0,0.0
26,18,17,case_content,assist,0.05084893918124999,0.06727606081874998
26,18,17,case_content,business,0.0,0.0
26,19,18,founder,studio,0.0,0.0
26,19,18,founder,assist,0.7231849127999999,0.7888150871999999
26,19,18,founder,business,0.0,0.0
26,19,18,partners,studio,0.0,0.0
26,19,18,partners,assist,0.25311471948,0.27608528052
26,19,18,partners,business,0.0,0.0
26,19,18,case_content,studio,0.0,0.0
26,19,18,case_content,assist,0.05649882131249999,0.06162617868749999
26,19,18,case_content,business,0.0,0.0
26,20,19,founder,studio,0.0,0.0
26,20,19,founder,assist,0.8035387919999999,0.7084612079999999
26,20,19,founder,business,0.0,0.0
26,20,19,partners,studio,0.0,0.0
26,20,19,partners,assist,0.2812385772,0.2479614228
26,20,19,partners,business,0.0,0.0
26,20,19,case_content,studio,0.0,0.0
26,20,19,case_content,assist,0.06277646812499998,0.055348531874999995
26,20,19,case_content,business,0.0,0.0
26,21,20,founder,studio,0.0,0.0
26,21,20,founder,assist,0.8928208799999999,0.6191791199999999
26,21,20,founder,business,0.0,0.0
26,21,20,partners,studio,0.0,0.0
26,21,20,partners,assist,0.312487308,0.21671269199999998
26,21,20,partners,business,0.0,0.0
26,21,20,case_content,studio,0.0,0.0
26,21,20,case_content,assist,0.06975163124999999,0.04837336874999999
26,21,20,case_content,business,0.0,0.0
26,22,21,founder,studio,0.0,0.0
26,22,21,founder,assist,0.9920231999999999,0.5199767999999999
26,22,21,founder,business,0.0,0.0
26,22,21,partners,studio,0.0,0.0
26,22,21,partners,assist,0.34720812,0.18199188
26,22,21,partners,business,0.0,0.0
26,22,21,case_content,studio,0.0,0.0
26,22,21,case_content,assist,0.07750181249999999,0.04062318749999999
26,22,21,case_content,business,0.0,0.0
26,23,22,founder,studio,0.0,0.0
26,23,22,founder,assist,1.102248,0.40975199999999995
26,23,22,founder,business,0.0,0.0
26,23,22,partners,studio,0.0,0.0
26,23,22,partners,assist,0.3857868,0.1434132
26,23,22,partners,business,0.0,0.0
26,23,22,case_content,studio,0.0,0.0
26,23,22,case_content,assist,0.08611312499999998,0.032011874999999995
26,23,22,case_content,business,0.0,0.0
26,24,23,founder,studio,0.0,0.0
26,24,23,founder,assist,1.2247199999999998,0.28728
26,24,23,founder,business,0.0,0.0
26,24,23,partners,studio,0.0,0.0
26,24,23,partners,assist,0.428652,0.100548
26,24,23,partners,business,0.0,0.0
26,24,23,case_content,studio,0.0,0.0
26,24,23,case_content,assist,0.09568124999999998,0.02244375
26,24,23,case_content,business,0.0,0.0
26,25,24,founder,studio,0.0,0.0
26,25,24,founder,assist,1.3607999999999998,0.1512
26,25,24,founder,business,0.0,0.0
26,25,24,partners,studio,0.0,0.0
26,25,24,partners,assist,0.47628,0.05292
26,25,24,partners,business,0.0,0.0
26,25,24,case_content,studio,0.0,0.0
26,25,24,case_content,assist,0.10631249999999998,0.011812499999999998
26,25,24,case_content,business,0.0,0.0
26,26,25,founder,studio,0.0,0
26,26,25,founder,assist,1.5119999999999998,0
26,26,25,founder,business,0.0,0
26,26,25,partners,studio,0.0,0
26,26,25,partners,assist,0.5292,0
26,26,25,partners,business,0.0,0
26,26,25,case_content,studio,0.0,0
26,26,25,case_content,assist,0.11812499999999998,0
26,26,25,case_content,business,0.0,0
27,2,1,founder,studio,0.0,0.0
27,2,1,founder,assist,0.10854617573900807,1.403453824260992
27,2,1,founder,business,0.0,0.0
27,2,1,partners,studio,0.0,0.0
27,2,1,partners,assist,0.03799116150865284,0.49120883849134717
27,2,1,partners,business,0.0,0.0
27,2,1,case_content,studio,0.0,0.0
27,2,1,case_content,assist,0.008480169979610009,0.10964483002038997
27,2,1,case_content,business,0.0,0.0
27,3,2,founder,studio,0.0,0.0
27,3,2,founder,assist,0.12060686193223119,1.3913931380677689
27,3,2,founder,business,0.0,0.0
27,3,2,partners,studio,0.0,0.0
27,3,2,partners,assist,0.04221240167628093,0.4869875983237191
27,3,2,partners,business,0.0,0.0
27,3,2,case_content,studio,0.0,0.0
27,3,2,case_content,assist,0.009422411088455564,0.10870258891154441
27,3,2,case_content,business,0.0,0.0
27,4,3,founder,studio,0.0,0.0
27,4,3,founder,assist,0.13400762436914576,1.3779923756308543
27,4,3,founder,business,0.0,0.0
27,4,3,partners,studio,0.0,0.0
27,4,3,partners,assist,0.04690266852920103,0.48229733147079895
27,4,3,partners,business,0.0,0.0
27,4,3,case_content,studio,0.0,0.0
27,4,3,case_content,assist,0.010469345653839515,0.10765565434616046
27,4,3,case_content,business,0.0,0.0
27,5,4,founder,studio,0.0,0.0
27,5,4,founder,assist,0.14889736041016197,1.363102639589838
27,5,4,founder,business,0.0,0.0
27,5,4,partners,studio,0.0,0.0
27,5,4,partners,assist,0.052114076143556703,0.4770859238564433
27,5,4,partners,business,0.0,0.0
27,5,4,case_content,studio,0.0,0.0
27,5,4,case_content,assist,0.011632606282043906,0.10649239371795607
27,5,4,case_content,business,0.0,0.0
27,6,5,founder,studio,0.0,0.0
27,6,5,founder,assist,0.16544151156684664,1.3465584884331534
27,6,5,founder,business,0.0,0.0
27,6,5,partners,studio,0.0,0.0
27,6,5,partners,assist,0.05790452904839634,0.4712954709516036
27,6,5,partners,business,0.0,0.0
27,6,5,case_content,studio,0.0,0.0
27,6,5,case_content,assist,0.012925118091159895,0.10519988190884008
27,6,5,case_content,business,0.0,0.0
27,7,6,founder,studio,0.0,0.0
27,7,6,founder,assist,0.1838239017409407,1.3281760982590594
27,7,6,founder,business,0.0,0.0
27,7,6,partners,studio,0.0,0.0
27,7,6,partners,assist,0.06433836560932926,0.4648616343906707
27,7,6,partners,business,0.0,0.0
27,7,6,case_content,studio,0.0,0.0
27,7,6,case_content,assist,0.014361242323510996,0.10376375767648899
27,7,6,case_content,business,0.0,0.0
27,8,7,founder,studio,0.0,0.0
27,8,7,founder,assist,0.20424877971215635,1.3077512202878436
27,8,7,founder,business,0.0,0.0
27,8,7,partners,studio,0.0,0.0
27,8,7,partners,assist,0.07148707289925474,0.45771292710074524
27,8,7,partners,business,0.0,0.0
27,8,7,case_content,studio,0.0,0.0
27,8,7,case_content,assist,0.015956935915012217,0.10216806408498777
27,8,7,case_content,business,0.0,0.0
27,9,8,founder,studio,0.0,0.0
27,9,8,founder,assist,0.22694308856906262,1.2850569114309374
27,9,8,founder,business,0.0,0.0
27,9,8,partners,studio,0.0,0.0
27,9,8,partners,assist,0.07943008099917193,0.449769919000828
27,9,8,partners,business,0.0,0.0
27,9,8,case_content,studio,0.0,0.0
27,9,8,case_content,assist,0.01772992879445802,0.10039507120554197
27,9,8,case_content,business,0.0,0.0
27,10,9,founder,studio,0.0,0.0
27,10,9,founder,assist,0.25215898729895847,1.2598410127010415
27,10,9,founder,business,0.0,0.0
27,10,9,partners,studio,0.0,0.0
27,10,9,partners,assist,0.08825564555463547,0.44094435444536445
27,10,9,partners,business,0.0,0.0
27,10,9,case_content,studio,0.0,0.0
27,10,9,case_content,assist,0.01969992088273113,0.09842507911726886
27,10,9,case_content,business,0.0,0.0
27,11,10,founder,studio,0.0,0.0
27,11,10,founder,assist,0.28017665255439833,1.2318233474456017
27,11,10,founder,business,0.0,0.0
27,11,10,partners,studio,0.0,0.0
27,11,10,partners,assist,0.09806182839403942,0.4311381716059605
27,11,10,partners,business,0.0,0.0
27,11,10,case_content,studio,0.0,0.0
27,11,10,case_content,assist,0.02188880098081237,0.09623619901918762
27,11,10,case_content,business,0.0,0.0
27,12,11,founder,studio,0.0,0.0
27,12,11,founder,assist,0.31130739172710925,1.2006926082728908
27,12,11,founder,business,0.0,0.0
27,12,11,partners,studio,0.0,0.0
27,12,11,partners,assist,0.10895758710448825,0.4202424128955117
27,12,11,partners,business,0.0,0.0
27,12,11,case_content,studio,0.0,0.0
27,12,11,case_content,assist,0.02432088997868041,0.09380411002131958
27,12,11,case_content,business,0.0,0.0
27,13,12,founder,studio,0.0,0.0
27,13,12,founder,assist,0.3458971019190103,1.1661028980809898
27,13,12,founder,business,0.0,0.0
27,13,12,partners,studio,0.0,0.0
27,13,12,partners,assist,0.1210639856716536,0.4081360143283463
27,13,12,partners,business,0.0,0.0
27,13,12,case_content,studio,0.0,0.0
27,13,12,case_content,assist,0.02702321108742268,0.09110178891257731
27,13,12,case_content,business,0.0,0.0
27,14,13,founder,studio,0.0,0.0
27,14,13,founder,assist,0.38433011324334476,1.1276698867566552
27,14,13,founder,business,0.0,0.0
27,14,13,partners,studio,0.0,0.0
27,14,13,partners,assist,0.13451553963517068,0.39468446036482924
27,14,13,partners,business,0.0,0.0
27,14,13,case_content,studio,0.0,0.0
27,14,13,case_content,assist,0.03002579009713631,0.08809920990286367
27,14,13,case_content,business,0.0,0.0
27,15,14,founder,studio,0.0,0.0
27,15,14,founder,assist,0.42703345915927193,1.084966540840728
27,15,14,founder,business,0.0,0.0
27,15,14,partners,studio,0.0,0.0
27,15,14,partners,assist,0.1494617107057452,0.37973828929425474
27,15,14,partners,business,0.0,0.0
27,15,14,case_content,studio,0.0,0.0
27,15,14,case_content,assist,0.03336198899681812,0.08476301100318186
27,15,14,case_content,business,0.0,0.0
27,16,15,founder,studio,0.0,0.0
27,16,15,founder,assist,0.4744816212880799,1.03751837871192
27,16,15,founder,business,0.0,0.0
27,16,15,partners,studio,0.0,0.0
27,16,15,partners,assist,0.16606856745082801,0.36313143254917196
27,16,15,partners,business,0.0,0.0
27,16,15,case_content,studio,0.0,0.0
27,16,15,case_content,assist,0.037068876663131245,0.08105612333686874
27,16,15,case_content,business,0.0,0.0
27,17,16,founder,studio,0.0,0.0
27,17,16,founder,assist,0.5272018014311999,0.9847981985687999
27,17,16,founder,business,0.0,0.0
27,17,16,partners,studio,0.0,0.0
27,17,16,partners,assist,0.18452063050092002,0.34467936949907996
27,17,16,partners,business,0.0,0.0
27,17,16,case_content,studio,0.0,0.0
27,17,16,case_content,assist,0.04118764073681249,0.07693735926318748
27,17,16,case_content,business,0.0,0.0
27,18,17,founder,studio,0.0,0.0
27,18,17,founder,assist,0.5857797793679999,0.9262202206319999
27,18,17,founder,business,0.0,0.0
27,18,17,partners,studio,0.0,0.0
27,18,17,partners,assist,0.20502292277880002,0.3241770772212
27,18,17,partners,business,0.0,0.0
27,18,17,case_content,studio,0.0,0.0
27,18,17,case_content,assist,0.04576404526312499,0.07236095473687498
27,18,17,case_content,business,0.0,0.0
27,19,18,founder,studio,0.0,0.0
27,19,18,founder,assist,0.6508664215199998,0.8611335784799999
27,19,18,founder,business,0.0,0.0
27,19,18,partners,studio,0.0,0.0
27,19,18,partners,assist,0.227803247532,0.30139675246799996
27,19,18,partners,business,0.0,0.0
27,19,18,case_content,studio,0.0,0.0
27,19,18,case_content,assist,0.05084893918124999,0.06727606081874998
27,19,18,case_content,business,0.0,0.0
27,20,19,founder,studio,0.0,0.0
27,20,19,founder,assist,0.7231849127999999,0.7888150871999999
27,20,19,founder,business,0.0,0.0
27,20,19,partners,studio,0.0,0.0
27,20,19,partners,assist,0.25311471948,0.27608528052
27,20,19,partners,business,0.0,0.0
27,20,19,case_content,studio,0.0,0.0
27,20,19,case_content,assist,0.05649882131249999,0.06162617868749999
27,20,19,case_content,business,0.0,0.0
27,21,20,founder,studio,0.0,0.0
27,21,20,founder,assist,0.8035387919999999,0.7084612079999999
27,21,20,founder,business,0.0,0.0
27,21,20,partners,studio,0.0,0.0
27,21,20,partners,assist,0.2812385772,0.2479614228
27,21,20,partners,business,0.0,0.0
27,21,20,case_content,studio,0.0,0.0
27,21,20,case_content,assist,0.06277646812499998,0.055348531874999995
27,21,20,case_content,business,0.0,0.0
27,22,21,founder,studio,0.0,0.0
27,22,21,founder,assist,0.8928208799999999,0.6191791199999999
27,22,21,founder,business,0.0,0.0
27,22,21,partners,studio,0.0,0.0
27,22,21,partners,assist,0.312487308,0.21671269199999998
27,22,21,partners,business,0.0,0.0
27,22,21,case_content,studio,0.0,0.0
27,22,21,case_content,assist,0.06975163124999999,0.04837336874999999
27,22,21,case_content,business,0.0,0.0
27,23,22,founder,studio,0.0,0.0
27,23,22,founder,assist,0.9920231999999999,0.5199767999999999
27,23,22,founder,business,0.0,0.0
27,23,22,partners,studio,0.0,0.0
27,23,22,partners,assist,0.34720812,0.18199188
27,23,22,partners,business,0.0,0.0
27,23,22,case_content,studio,0.0,0.0
27,23,22,case_content,assist,0.07750181249999999,0.04062318749999999
27,23,22,case_content,business,0.0,0.0
27,24,23,founder,studio,0.0,0.0
27,24,23,founder,assist,1.102248,0.40975199999999995
27,24,23,founder,business,0.0,0.0
27,24,23,partners,studio,0.0,0.0
27,24,23,partners,assist,0.3857868,0.1434132
27,24,23,partners,business,0.0,0.0
27,24,23,case_content,studio,0.0,0.0
27,24,23,case_content,assist,0.08611312499999998,0.032011874999999995
27,24,23,case_content,business,0.0,0.0
27,25,24,founder,studio,0.0,0.0
27,25,24,founder,assist,1.2247199999999998,0.28728
27,25,24,founder,business,0.0,0.0
27,25,24,partners,studio,0.0,0.0
27,25,24,partners,assist,0.428652,0.100548
27,25,24,partners,business,0.0,0.0
27,25,24,case_content,studio,0.0,0.0
27,25,24,case_content,assist,0.09568124999999998,0.02244375
27,25,24,case_content,business,0.0,0.0
27,26,25,founder,studio,0.0,0.0
27,26,25,founder,assist,1.3607999999999998,0.1512
27,26,25,founder,business,0.0,0.0
27,26,25,partners,studio,0.0,0.0
27,26,25,partners,assist,0.47628,0.05292
27,26,25,partners,business,0.0,0.0
27,26,25,case_content,studio,0.0,0.0
27,26,25,case_content,assist,0.10631249999999998,0.011812499999999998
27,26,25,case_content,business,0.0,0.0
27,27,26,founder,studio,0.0,0
27,27,26,founder,assist,1.5119999999999998,0
27,27,26,founder,business,0.0,0
27,27,26,partners,studio,0.0,0
27,27,26,partners,assist,0.5292,0
27,27,26,partners,business,0.0,0
27,27,26,case_content,studio,0.0,0
27,27,26,case_content,assist,0.11812499999999998,0
27,27,26,case_content,business,0.0,0
28,2,1,founder,studio,0.0,0.0
28,2,1,founder,assist,0.09769155816510726,1.4143084418348928
28,2,1,founder,business,0.0,0.0
28,2,1,partners,studio,0.0,0.0
28,2,1,partners,assist,0.034192045357787554,0.4950079546422125
28,2,1,partners,business,0.0,0.0
28,2,1,case_content,studio,0.0,0.0
28,2,1,case_content,assist,0.007632152981649007,0.11049284701835096
28,2,1,case_content,business,0.0,0.0
28,3,2,founder,studio,0.0,0.0
28,3,2,founder,assist,0.10854617573900807,1.403453824260992
28,3,2,founder,business,0.0,0.0
28,3,2,partners,studio,0.0,0.0
28,3,2,partners,assist,0.03799116150865284,0.49120883849134717
28,3,2,partners,business,0.0,0.0
28,3,2,case_content,studio,0.0,0.0
28,3,2,case_content,assist,0.008480169979610009,0.10964483002038997
28,3,2,case_content,business,0.0,0.0
28,4,3,founder,studio,0.0,0.0
28,4,3,founder,assist,0.12060686193223119,1.3913931380677689
28,4,3,founder,business,0.0,0.0
28,4,3,partners,studio,0.0,0.0
28,4,3,partners,assist,0.04221240167628093,0.4869875983237191
28,4,3,partners,business,0.0,0.0
28,4,3,case_content,studio,0.0,0.0
28,4,3,case_content,assist,0.009422411088455564,0.10870258891154441
28,4,3,case_content,business,0.0,0.0
28,5,4,founder,studio,0.0,0.0
28,5,4,founder,assist,0.13400762436914576,1.3779923756308543
28,5,4,founder,business,0.0,0.0
28,5,4,partners,studio,0.0,0.0
28,5,4,partners,assist,0.04690266852920103,0.48229733147079895
28,5,4,partners,business,0.0,0.0
28,5,4,case_content,studio,0.0,0.0
28,5,4,case_content,assist,0.010469345653839515,0.10765565434616046
28,5,4,case_content,business,0.0,0.0
28,6,5,founder,studio,0.0,0.0
28,6,5,founder,assist,0.14889736041016197,1.363102639589838
28,6,5,founder,business,0.0,0.0
28,6,5,partners,studio,0.0,0.0
28,6,5,partners,assist,0.052114076143556703,0.4770859238564433
28,6,5,partners,business,0.0,0.0
28,6,5,case_content,studio,0.0,0.0
28,6,5,case_content,assist,0.011632606282043906,0.10649239371795607
28,6,5,case_content,business,0.0,0.0
28,7,6,founder,studio,0.0,0.0
28,7,6,founder,assist,0.16544151156684664,1.3465584884331534
28,7,6,founder,business,0.0,0.0
28,7,6,partners,studio,0.0,0.0
28,7,6,partners,assist,0.05790452904839634,0.4712954709516036
28,7,6,partners,business,0.0,0.0
28,7,6,case_content,studio,0.0,0.0
28,7,6,case_content,assist,0.012925118091159895,0.10519988190884008
28,7,6,case_content,business,0.0,0.0
28,8,7,founder,studio,0.0,0.0
28,8,7,founder,assist,0.1838239017409407,1.3281760982590594
28,8,7,founder,business,0.0,0.0
28,8,7,partners,studio,0.0,0.0
28,8,7,partners,assist,0.06433836560932926,0.4648616343906707
28,8,7,partners,business,0.0,0.0
28,8,7,case_content,studio,0.0,0.0
28,8,7,case_content,assist,0.014361242323510996,0.10376375767648899
28,8,7,case_content,business,0.0,0.0
28,9,8,founder,studio,0.0,0.0
28,9,8,founder,assist,0.20424877971215635,1.3077512202878436
28,9,8,founder,business,0.0,0.0
28,9,8,partners,studio,0.0,0.0
28,9,8,partners,assist,0.07148707289925474,0.45771292710074524
28,9,8,partners,business,0.0,0.0
28,9,8,case_content,studio,0.0,0.0
28,9,8,case_content,assist,0.015956935915012217,0.10216806408498777
28,9,8,case_content,business,0.0,0.0
28,10,9,founder,studio,0.0,0.0
28,10,9,founder,assist,0.22694308856906262,1.2850569114309374
28,10,9,founder,business,0.0,0.0
28,10,9,partners,studio,0.0,0.0
28,10,9,partners,assist,0.07943008099917193,0.449769919000828
28,10,9,partners,business,0.0,0.0
28,10,9,case_content,studio,0.0,0.0
28,10,9,case_content,assist,0.01772992879445802,0.10039507120554197
28,10,9,case_content,business,0.0,0.0
28,11,10,founder,studio,0.0,0.0
28,11,10,founder,assist,0.25215898729895847,1.2598410127010415
28,11,10,founder,business,0.0,0.0
28,11,10,partners,studio,0.0,0.0
28,11,10,partners,assist,0.08825564555463547,0.44094435444536445
28,11,10,partners,business,0.0,0.0
28,11,10,case_content,studio,0.0,0.0
28,11,10,case_content,assist,0.01969992088273113,0.09842507911726886
28,11,10,case_content,business,0.0,0.0
28,12,11,founder,studio,0.0,0.0
28,12,11,founder,assist,0.28017665255439833,1.2318233474456017
28,12,11,founder,business,0.0,0.0
28,12,11,partners,studio,0.0,0.0
28,12,11,partners,assist,0.09806182839403942,0.4311381716059605
28,12,11,partners,business,0.0,0.0
28,12,11,case_content,studio,0.0,0.0
28,12,11,case_content,assist,0.02188880098081237,0.09623619901918762
28,12,11,case_content,business,0.0,0.0
28,13,12,founder,studio,0.0,0.0
28,13,12,founder,assist,0.31130739172710925,1.2006926082728908
28,13,12,founder,business,0.0,0.0
28,13,12,partners,studio,0.0,0.0
28,13,12,partners,assist,0.10895758710448825,0.4202424128955117
28,13,12,partners,business,0.0,0.0
28,13,12,case_content,studio,0.0,0.0
28,13,12,case_content,assist,0.02432088997868041,0.09380411002131958
28,13,12,case_content,business,0.0,0.0
28,14,13,founder,studio,0.0,0.0
28,14,13,founder,assist,0.3458971019190103,1.1661028980809898
28,14,13,founder,business,0.0,0.0
28,14,13,partners,studio,0.0,0.0
28,14,13,partners,assist,0.1210639856716536,0.4081360143283463
28,14,13,partners,business,0.0,0.0
28,14,13,case_content,studio,0.0,0.0
28,14,13,case_content,assist,0.02702321108742268,0.09110178891257731
28,14,13,case_content,business,0.0,0.0
28,15,14,founder,studio,0.0,0.0
28,15,14,founder,assist,0.38433011324334476,1.1276698867566552
28,15,14,founder,business,0.0,0.0
28,15,14,partners,studio,0.0,0.0
28,15,14,partners,assist,0.13451553963517068,0.39468446036482924
28,15,14,partners,business,0.0,0.0
28,15,14,case_content,studio,0.0,0.0
28,15,14,case_content,assist,0.03002579009713631,0.08809920990286367
28,15,14,case_content,business,0.0,0.0
28,16,15,founder,studio,0.0,0.0
28,16,15,founder,assist,0.42703345915927193,1.084966540840728
28,16,15,founder,business,0.0,0.0
28,16,15,partners,studio,0.0,0.0
28,16,15,partners,assist,0.1494617107057452,0.37973828929425474
28,16,15,partners,business,0.0,0.0
28,16,15,case_content,studio,0.0,0.0
28,16,15,case_content,assist,0.03336198899681812,0.08476301100318186
28,16,15,case_content,business,0.0,0.0
28,17,16,founder,studio,0.0,0.0
28,17,16,founder,assist,0.4744816212880799,1.03751837871192
28,17,16,founder,business,0.0,0.0
28,17,16,partners,studio,0.0,0.0
28,17,16,partners,assist,0.16606856745082801,0.36313143254917196
28,17,16,partners,business,0.0,0.0
28,17,16,case_content,studio,0.0,0.0
28,17,16,case_content,assist,0.037068876663131245,0.08105612333686874
28,17,16,case_content,business,0.0,0.0
28,18,17,founder,studio,0.0,0.0
28,18,17,founder,assist,0.5272018014311999,0.9847981985687999
28,18,17,founder,business,0.0,0.0
28,18,17,partners,studio,0.0,0.0
28,18,17,partners,assist,0.18452063050092002,0.34467936949907996
28,18,17,partners,business,0.0,0.0
28,18,17,case_content,studio,0.0,0.0
28,18,17,case_content,assist,0.04118764073681249,0.07693735926318748
28,18,17,case_content,business,0.0,0.0
28,19,18,founder,studio,0.0,0.0
28,19,18,founder,assist,0.5857797793679999,0.9262202206319999
28,19,18,founder,business,0.0,0.0
28,19,18,partners,studio,0.0,0.0
28,19,18,partners,assist,0.20502292277880002,0.3241770772212
28,19,18,partners,business,0.0,0.0
28,19,18,case_content,studio,0.0,0.0
28,19,18,case_content,assist,0.04576404526312499,0.07236095473687498
28,19,18,case_content,business,0.0,0.0
28,20,19,founder,studio,0.0,0.0
28,20,19,founder,assist,0.6508664215199998,0.8611335784799999
28,20,19,founder,business,0.0,0.0
28,20,19,partners,studio,0.0,0.0
28,20,19,partners,assist,0.227803247532,0.30139675246799996
28,20,19,partners,business,0.0,0.0
28,20,19,case_content,studio,0.0,0.0
28,20,19,case_content,assist,0.05084893918124999,0.06727606081874998
28,20,19,case_content,business,0.0,0.0
28,21,20,founder,studio,0.0,0.0
28,21,20,founder,assist,0.7231849127999999,0.7888150871999999
28,21,20,founder,business,0.0,0.0
28,21,20,partners,studio,0.0,0.0
28,21,20,partners,assist,0.25311471948,0.27608528052
28,21,20,partners,business,0.0,0.0
28,21,20,case_content,studio,0.0,0.0
28,21,20,case_content,assist,0.05649882131249999,0.06162617868749999
28,21,20,case_content,business,0.0,0.0
28,22,21,founder,studio,0.0,0.0
28,22,21,founder,assist,0.8035387919999999,0.7084612079999999
28,22,21,founder,business,0.0,0.0
28,22,21,partners,studio,0.0,0.0
28,22,21,partners,assist,0.2812385772,0.2479614228
28,22,21,partners,business,0.0,0.0
28,22,21,case_content,studio,0.0,0.0
28,22,21,case_content,assist,0.06277646812499998,0.055348531874999995
28,22,21,case_content,business,0.0,0.0
28,23,22,founder,studio,0.0,0.0
28,23,22,founder,assist,0.8928208799999999,0.6191791199999999
28,23,22,founder,business,0.0,0.0
28,23,22,partners,studio,0.0,0.0
28,23,22,partners,assist,0.312487308,0.21671269199999998
28,23,22,partners,business,0.0,0.0
28,23,22,case_content,studio,0.0,0.0
28,23,22,case_content,assist,0.06975163124999999,0.04837336874999999
28,23,22,case_content,business,0.0,0.0
28,24,23,founder,studio,0.0,0.0
28,24,23,founder,assist,0.9920231999999999,0.5199767999999999
28,24,23,founder,business,0.0,0.0
28,24,23,partners,studio,0.0,0.0
28,24,23,partners,assist,0.34720812,0.18199188
28,24,23,partners,business,0.0,0.0
28,24,23,case_content,studio,0.0,0.0
28,24,23,case_content,assist,0.07750181249999999,0.04062318749999999
28,24,23,case_content,business,0.0,0.0
28,25,24,founder,studio,0.0,0.0
28,25,24,founder,assist,1.102248,0.40975199999999995
28,25,24,founder,business,0.0,0.0
28,25,24,partners,studio,0.0,0.0
28,25,24,partners,assist,0.3857868,0.1434132
28,25,24,partners,business,0.0,0.0
28,25,24,case_content,studio,0.0,0.0
28,25,24,case_content,assist,0.08611312499999998,0.032011874999999995
28,25,24,case_content,business,0.0,0.0
28,26,25,founder,studio,0.0,0.0
28,26,25,founder,assist,1.2247199999999998,0.28728
28,26,25,founder,business,0.0,0.0
28,26,25,partners,studio,0.0,0.0
28,26,25,partners,assist,0.428652,0.100548
28,26,25,partners,business,0.0,0.0
28,26,25,case_content,studio,0.0,0.0
28,26,25,case_content,assist,0.09568124999999998,0.02244375
28,26,25,case_content,business,0.0,0.0
28,27,26,founder,studio,0.0,0.0
28,27,26,founder,assist,1.3607999999999998,0.1512
28,27,26,founder,business,0.0,0.0
28,27,26,partners,studio,0.0,0.0
28,27,26,partners,assist,0.47628,0.05292
28,27,26,partners,business,0.0,0.0
28,27,26,case_content,studio,0.0,0.0
28,27,26,case_content,assist,0.10631249999999998,0.011812499999999998
28,27,26,case_content,business,0.0,0.0
28,28,27,founder,studio,0.0,0
28,28,27,founder,assist,1.5119999999999998,0
28,28,27,founder,business,0.0,0
28,28,27,partners,studio,0.0,0
28,28,27,partners,assist,0.5292,0
28,28,27,partners,business,0.0,0
28,28,27,case_content,studio,0.0,0
28,28,27,case_content,assist,0.11812499999999998,0
28,28,27,case_content,business,0.0,0
29,2,1,founder,studio,0.0,0.0
29,2,1,founder,assist,0.08792240234859654,1.4240775976514035
29,2,1,founder,business,0.0,0.0
29,2,1,partners,studio,0.0,0.0
29,2,1,partners,assist,0.030772840822008797,0.49842715917799124
29,2,1,partners,business,0.0,0.0
29,2,1,case_content,studio,0.0,0.0
29,2,1,case_content,assist,0.006868937683484106,0.11125606231651587
29,2,1,case_content,business,0.0,0.0
29,3,2,founder,studio,0.0,0.0
29,3,2,founder,assist,0.09769155816510726,1.4143084418348928
29,3,2,founder,business,0.0,0.0
29,3,2,partners,studio,0.0,0.0
29,3,2,partners,assist,0.034192045357787554,0.4950079546422125
29,3,2,partners,business,0.0,0.0
29,3,2,case_content,studio,0.0,0.0
29,3,2,case_content,assist,0.007632152981649007,0.11049284701835096
29,3,2,case_content,business,0.0,0.0
29,4,3,founder,studio,0.0,0.0
29,4,3,founder,assist,0.10854617573900807,1.403453824260992
29,4,3,founder,business,0.0,0.0
29,4,3,partners,studio,0.0,0.0
29,4,3,partners,assist,0.03799116150865284,0.49120883849134717
29,4,3,partners,business,0.0,0.0
29,4,3,case_content,studio,0.0,0.0
29,4,3,case_content,assist,0.008480169979610009,0.10964483002038997
29,4,3,case_content,business,0.0,0.0
29,5,4,founder,studio,0.0,0.0
29,5,4,founder,assist,0.12060686193223119,1.3913931380677689
29,5,4,founder,business,0.0,0.0
29,5,4,partners,studio,0.0,0.0
29,5,4,partners,assist,0.04221240167628093,0.4869875983237191
29,5,4,partners,business,0.0,0.0
29,5,4,case_content,studio,0.0,0.0
29,5,4,case_content,assist,0.009422411088455564,0.10870258891154441
29,5,4,case_content,business,0.0,0.0
29,6,5,founder,studio,0.0,0.0
29,6,5,founder,assist,0.13400762436914576,1.3779923756308543
29,6,5,founder,business,0.0,0.0
29,6,5,partners,studio,0.0,0.0
29,6,5,partners,assist,0.04690266852920103,0.48229733147079895
29,6,5,partners,business,0.0,0.0
29,6,5,case_content,studio,0.0,0.0
29,6,5,case_content,assist,0.010469345653839515,0.10765565434616046
29,6,5,case_content,business,0.0,0.0
29,7,6,founder,studio,0.0,0.0
29,7,6,founder,assist,0.14889736041016197,1.363102639589838
29,7,6,founder,business,0.0,0.0
29,7,6,partners,studio,0.0,0.0
29,7,6,partners,assist,0.052114076143556703,0.4770859238564433
29,7,6,partners,business,0.0,0.0
29,7,6,case_content,studio,0.0,0.0
29,7,6,case_content,assist,0.011632606282043906,0.10649239371795607
29,7,6,case_content,business,0.0,0.0
29,8,7,founder,studio,0.0,0.0
29,8,7,founder,assist,0.16544151156684664,1.3465584884331534
29,8,7,founder,business,0.0,0.0
29,8,7,partners,studio,0.0,0.0
29,8,7,partners,assist,0.05790452904839634,0.4712954709516036
29,8,7,partners,business,0.0,0.0
29,8,7,case_content,studio,0.0,0.0
29,8,7,case_content,assist,0.012925118091159895,0.10519988190884008
29,8,7,case_content,business,0.0,0.0
29,9,8,founder,studio,0.0,0.0
29,9,8,founder,assist,0.1838239017409407,1.3281760982590594
29,9,8,founder,business,0.0,0.0
29,9,8,partners,studio,0.0,0.0
29,9,8,partners,assist,0.06433836560932926,0.4648616343906707
29,9,8,partners,business,0.0,0.0
29,9,8,case_content,studio,0.0,0.0
29,9,8,case_content,assist,0.014361242323510996,0.10376375767648899
29,9,8,case_content,business,0.0,0.0
29,10,9,founder,studio,0.0,0.0
29,10,9,founder,assist,0.20424877971215635,1.3077512202878436
29,10,9,founder,business,0.0,0.0
29,10,9,partners,studio,0.0,0.0
29,10,9,partners,assist,0.07148707289925474,0.45771292710074524
29,10,9,partners,business,0.0,0.0
29,10,9,case_content,studio,0.0,0.0
29,10,9,case_content,assist,0.015956935915012217,0.10216806408498777
29,10,9,case_content,business,0.0,0.0
29,11,10,founder,studio,0.0,0.0
29,11,10,founder,assist,0.22694308856906262,1.2850569114309374
29,11,10,founder,business,0.0,0.0
29,11,10,partners,studio,0.0,0.0
29,11,10,partners,assist,0.07943008099917193,0.449769919000828
29,11,10,partners,business,0.0,0.0
29,11,10,case_content,studio,0.0,0.0
29,11,10,case_content,assist,0.01772992879445802,0.10039507120554197
29,11,10,case_content,business,0.0,0.0
29,12,11,founder,studio,0.0,0.0
29,12,11,founder,assist,0.25215898729895847,1.2598410127010415
29,12,11,founder,business,0.0,0.0
29,12,11,partners,studio,0.0,0.0
29,12,11,partners,assist,0.08825564555463547,0.44094435444536445
29,12,11,partners,business,0.0,0.0
29,12,11,case_content,studio,0.0,0.0
29,12,11,case_content,assist,0.01969992088273113,0.09842507911726886
29,12,11,case_content,business,0.0,0.0
29,13,12,founder,studio,0.0,0.0
29,13,12,founder,assist,0.28017665255439833,1.2318233474456017
29,13,12,founder,business,0.0,0.0
29,13,12,partners,studio,0.0,0.0
29,13,12,partners,assist,0.09806182839403942,0.4311381716059605
29,13,12,partners,business,0.0,0.0
29,13,12,case_content,studio,0.0,0.0
29,13,12,case_content,assist,0.02188880098081237,0.09623619901918762
29,13,12,case_content,business,0.0,0.0
29,14,13,founder,studio,0.0,0.0
29,14,13,founder,assist,0.31130739172710925,1.2006926082728908
29,14,13,founder,business,0.0,0.0
29,14,13,partners,studio,0.0,0.0
29,14,13,partners,assist,0.10895758710448825,0.4202424128955117
29,14,13,partners,business,0.0,0.0
29,14,13,case_content,studio,0.0,0.0
29,14,13,case_content,assist,0.02432088997868041,0.09380411002131958
29,14,13,case_content,business,0.0,0.0
29,15,14,founder,studio,0.0,0.0
29,15,14,founder,assist,0.3458971019190103,1.1661028980809898
29,15,14,founder,business,0.0,0.0
29,15,14,partners,studio,0.0,0.0
29,15,14,partners,assist,0.1210639856716536,0.4081360143283463
29,15,14,partners,business,0.0,0.0
29,15,14,case_content,studio,0.0,0.0
29,15,14,case_content,assist,0.02702321108742268,0.09110178891257731
29,15,14,case_content,business,0.0,0.0
29,16,15,founder,studio,0.0,0.0
29,16,15,founder,assist,0.38433011324334476,1.1276698867566552
29,16,15,founder,business,0.0,0.0
29,16,15,partners,studio,0.0,0.0
29,16,15,partners,assist,0.13451553963517068,0.39468446036482924
29,16,15,partners,business,0.0,0.0
29,16,15,case_content,studio,0.0,0.0
29,16,15,case_content,assist,0.03002579009713631,0.08809920990286367
29,16,15,case_content,business,0.0,0.0
29,17,16,founder,studio,0.0,0.0
29,17,16,founder,assist,0.42703345915927193,1.084966540840728
29,17,16,founder,business,0.0,0.0
29,17,16,partners,studio,0.0,0.0
29,17,16,partners,assist,0.1494617107057452,0.37973828929425474
29,17,16,partners,business,0.0,0.0
29,17,16,case_content,studio,0.0,0.0
29,17,16,case_content,assist,0.03336198899681812,0.08476301100318186
29,17,16,case_content,business,0.0,0.0
29,18,17,founder,studio,0.0,0.0
29,18,17,founder,assist,0.4744816212880799,1.03751837871192
29,18,17,founder,business,0.0,0.0
29,18,17,partners,studio,0.0,0.0
29,18,17,partners,assist,0.16606856745082801,0.36313143254917196
29,18,17,partners,business,0.0,0.0
29,18,17,case_content,studio,0.0,0.0
29,18,17,case_content,assist,0.037068876663131245,0.08105612333686874
29,18,17,case_content,business,0.0,0.0
29,19,18,founder,studio,0.0,0.0
29,19,18,founder,assist,0.5272018014311999,0.9847981985687999
29,19,18,founder,business,0.0,0.0
29,19,18,partners,studio,0.0,0.0
29,19,18,partners,assist,0.18452063050092002,0.34467936949907996
29,19,18,partners,business,0.0,0.0
29,19,18,case_content,studio,0.0,0.0
29,19,18,case_content,assist,0.04118764073681249,0.07693735926318748
29,19,18,case_content,business,0.0,0.0
29,20,19,founder,studio,0.0,0.0
29,20,19,founder,assist,0.5857797793679999,0.9262202206319999
29,20,19,founder,business,0.0,0.0
29,20,19,partners,studio,0.0,0.0
29,20,19,partners,assist,0.20502292277880002,0.3241770772212
29,20,19,partners,business,0.0,0.0
29,20,19,case_content,studio,0.0,0.0
29,20,19,case_content,assist,0.04576404526312499,0.07236095473687498
29,20,19,case_content,business,0.0,0.0
29,21,20,founder,studio,0.0,0.0
29,21,20,founder,assist,0.6508664215199998,0.8611335784799999
29,21,20,founder,business,0.0,0.0
29,21,20,partners,studio,0.0,0.0
29,21,20,partners,assist,0.227803247532,0.30139675246799996
29,21,20,partners,business,0.0,0.0
29,21,20,case_content,studio,0.0,0.0
29,21,20,case_content,assist,0.05084893918124999,0.06727606081874998
29,21,20,case_content,business,0.0,0.0
29,22,21,founder,studio,0.0,0.0
29,22,21,founder,assist,0.7231849127999999,0.7888150871999999
29,22,21,founder,business,0.0,0.0
29,22,21,partners,studio,0.0,0.0
29,22,21,partners,assist,0.25311471948,0.27608528052
29,22,21,partners,business,0.0,0.0
29,22,21,case_content,studio,0.0,0.0
29,22,21,case_content,assist,0.05649882131249999,0.06162617868749999
29,22,21,case_content,business,0.0,0.0
29,23,22,founder,studio,0.0,0.0
29,23,22,founder,assist,0.8035387919999999,0.7084612079999999
29,23,22,founder,business,0.0,0.0
29,23,22,partners,studio,0.0,0.0
29,23,22,partners,assist,0.2812385772,0.2479614228
29,23,22,partners,business,0.0,0.0
29,23,22,case_content,studio,0.0,0.0
29,23,22,case_content,assist,0.06277646812499998,0.055348531874999995
29,23,22,case_content,business,0.0,0.0
29,24,23,founder,studio,0.0,0.0
29,24,23,founder,assist,0.8928208799999999,0.6191791199999999
29,24,23,founder,business,0.0,0.0
29,24,23,partners,studio,0.0,0.0
29,24,23,partners,assist,0.312487308,0.21671269199999998
29,24,23,partners,business,0.0,0.0
29,24,23,case_content,studio,0.0,0.0
29,24,23,case_content,assist,0.06975163124999999,0.04837336874999999
29,24,23,case_content,business,0.0,0.0
29,25,24,founder,studio,0.0,0.0
29,25,24,founder,assist,0.9920231999999999,0.5199767999999999
29,25,24,founder,business,0.0,0.0
29,25,24,partners,studio,0.0,0.0
29,25,24,partners,assist,0.34720812,0.18199188
29,25,24,partners,business,0.0,0.0
29,25,24,case_content,studio,0.0,0.0
29,25,24,case_content,assist,0.07750181249999999,0.04062318749999999
29,25,24,case_content,business,0.0,0.0
29,26,25,founder,studio,0.0,0.0
29,26,25,founder,assist,1.102248,0.40975199999999995
29,26,25,founder,business,0.0,0.0
29,26,25,partners,studio,0.0,0.0
29,26,25,partners,assist,0.3857868,0.1434132
29,26,25,partners,business,0.0,0.0
29,26,25,case_content,studio,0.0,0.0
29,26,25,case_content,assist,0.08611312499999998,0.032011874999999995
29,26,25,case_content,business,0.0,0.0
29,27,26,founder,studio,0.0,0.0
29,27,26,founder,assist,1.2247199999999998,0.28728
29,27,26,founder,business,0.0,0.0
29,27,26,partners,studio,0.0,0.0
29,27,26,partners,assist,0.428652,0.100548
29,27,26,partners,business,0.0,0.0
29,27,26,case_content,studio,0.0,0.0
29,27,26,case_content,assist,0.09568124999999998,0.02244375
29,27,26,case_content,business,0.0,0.0
29,28,27,founder,studio,0.0,0.0
29,28,27,founder,assist,1.3607999999999998,0.1512
29,28,27,founder,business,0.0,0.0
29,28,27,partners,studio,0.0,0.0
29,28,27,partners,assist,0.47628,0.05292
29,28,27,partners,business,0.0,0.0
29,28,27,case_content,studio,0.0,0.0
29,28,27,case_content,assist,0.10631249999999998,0.011812499999999998
29,28,27,case_content,business,0.0,0.0
29,29,28,founder,studio,0.0,0
29,29,28,founder,assist,1.5119999999999998,0
29,29,28,founder,business,0.0,0
29,29,28,partners,studio,0.0,0
29,29,28,partners,assist,0.5292,0
29,29,28,partners,business,0.0,0
29,29,28,case_content,studio,0.0,0
29,29,28,case_content,assist,0.11812499999999998,0
29,29,28,case_content,business,0.0,0
30,2,1,founder,studio,0.0,0.0
30,2,1,founder,assist,0.07913016211373688,1.4328698378862632
30,2,1,founder,business,0.0,0.0
30,2,1,partners,studio,0.0,0.0
30,2,1,partners,assist,0.027695556739807916,0.5015044432601922
30,2,1,partners,business,0.0,0.0
30,2,1,case_content,studio,0.0,0.0
30,2,1,case_content,assist,0.0061820439151356954,0.11194295608486428
30,2,1,case_content,business,0.0,0.0
30,3,2,founder,studio,0.0,0.0
30,3,2,founder,assist,0.08792240234859654,1.4240775976514035
30,3,2,founder,business,0.0,0.0
30,3,2,partners,studio,0.0,0.0
30,3,2,partners,assist,0.030772840822008797,0.49842715917799124
30,3,2,partners,business,0.0,0.0
30,3,2,case_content,studio,0.0,0.0
30,3,2,case_content,assist,0.006868937683484106,0.11125606231651587
30,3,2,case_content,business,0.0,0.0
30,4,3,founder,studio,0.0,0.0
30,4,3,founder,assist,0.09769155816510726,1.4143084418348928
30,4,3,founder,business,0.0,0.0
30,4,3,partners,studio,0.0,0.0
30,4,3,partners,assist,0.034192045357787554,0.4950079546422125
30,4,3,partners,business,0.0,0.0
30,4,3,case_content,studio,0.0,0.0
30,4,3,case_content,assist,0.007632152981649007,0.11049284701835096
30,4,3,case_content,business,0.0,0.0
30,5,4,founder,studio,0.0,0.0
30,5,4,founder,assist,0.10854617573900807,1.403453824260992
30,5,4,founder,business,0.0,0.0
30,5,4,partners,studio,0.0,0.0
30,5,4,partners,assist,0.03799116150865284,0.49120883849134717
30,5,4,partners,business,0.0,0.0
30,5,4,case_content,studio,0.0,0.0
30,5,4,case_content,assist,0.008480169979610009,0.10964483002038997
30,5,4,case_content,business,0.0,0.0
30,6,5,founder,studio,0.0,0.0
30,6,5,founder,assist,0.12060686193223119,1.3913931380677689
30,6,5,founder,business,0.0,0.0
30,6,5,partners,studio,0.0,0.0
30,6,5,partners,assist,0.04221240167628093,0.4869875983237191
30,6,5,partners,business,0.0,0.0
30,6,5,case_content,studio,0.0,0.0
30,6,5,case_content,assist,0.009422411088455564,0.10870258891154441
30,6,5,case_content,business,0.0,0.0
30,7,6,founder,studio,0.0,0.0
30,7,6,founder,assist,0.13400762436914576,1.3779923756308543
30,7,6,founder,business,0.0,0.0
30,7,6,partners,studio,0.0,0.0
30,7,6,partners,assist,0.04690266852920103,0.48229733147079895
30,7,6,partners,business,0.0,0.0
30,7,6,case_content,studio,0.0,0.0
30,7,6,case_content,assist,0.010469345653839515,0.10765565434616046
30,7,6,case_content,business,0.0,0.0
30,8,7,founder,studio,0.0,0.0
30,8,7,founder,assist,0.14889736041016197,1.363102639589838
30,8,7,founder,business,0.0,0.0
30,8,7,partners,studio,0.0,0.0
30,8,7,partners,assist,0.052114076143556703,0.4770859238564433
30,8,7,partners,business,0.0,0.0
30,8,7,case_content,studio,0.0,0.0
30,8,7,case_content,assist,0.011632606282043906,0.10649239371795607
30,8,7,case_content,business,0.0,0.0
30,9,8,founder,studio,0.0,0.0
30,9,8,founder,assist,0.16544151156684664,1.3465584884331534
30,9,8,founder,business,0.0,0.0
30,9,8,partners,studio,0.0,0.0
30,9,8,partners,assist,0.05790452904839634,0.4712954709516036
30,9,8,partners,business,0.0,0.0
30,9,8,case_content,studio,0.0,0.0
30,9,8,case_content,assist,0.012925118091159895,0.10519988190884008
30,9,8,case_content,business,0.0,0.0
30,10,9,founder,studio,0.0,0.0
30,10,9,founder,assist,0.1838239017409407,1.3281760982590594
30,10,9,founder,business,0.0,0.0
30,10,9,partners,studio,0.0,0.0
30,10,9,partners,assist,0.06433836560932926,0.4648616343906707
30,10,9,partners,business,0.0,0.0
30,10,9,case_content,studio,0.0,0.0
30,10,9,case_content,assist,0.014361242323510996,0.10376375767648899
30,10,9,case_content,business,0.0,0.0
30,11,10,founder,studio,0.0,0.0
30,11,10,founder,assist,0.20424877971215635,1.3077512202878436
30,11,10,founder,business,0.0,0.0
30,11,10,partners,studio,0.0,0.0
30,11,10,partners,assist,0.07148707289925474,0.45771292710074524
30,11,10,partners,business,0.0,0.0
30,11,10,case_content,studio,0.0,0.0
30,11,10,case_content,assist,0.015956935915012217,0.10216806408498777
30,11,10,case_content,business,0.0,0.0
30,12,11,founder,studio,0.0,0.0
30,12,11,founder,assist,0.22694308856906262,1.2850569114309374
30,12,11,founder,business,0.0,0.0
30,12,11,partners,studio,0.0,0.0
30,12,11,partners,assist,0.07943008099917193,0.449769919000828
30,12,11,partners,business,0.0,0.0
30,12,11,case_content,studio,0.0,0.0
30,12,11,case_content,assist,0.01772992879445802,0.10039507120554197
30,12,11,case_content,business,0.0,0.0
30,13,12,founder,studio,0.0,0.0
30,13,12,founder,assist,0.25215898729895847,1.2598410127010415
30,13,12,founder,business,0.0,0.0
30,13,12,partners,studio,0.0,0.0
30,13,12,partners,assist,0.08825564555463547,0.44094435444536445
30,13,12,partners,business,0.0,0.0
30,13,12,case_content,studio,0.0,0.0
30,13,12,case_content,assist,0.01969992088273113,0.09842507911726886
30,13,12,case_content,business,0.0,0.0
30,14,13,founder,studio,0.0,0.0
30,14,13,founder,assist,0.28017665255439833,1.2318233474456017
30,14,13,founder,business,0.0,0.0
30,14,13,partners,studio,0.0,0.0
30,14,13,partners,assist,0.09806182839403942,0.4311381716059605
30,14,13,partners,business,0.0,0.0
30,14,13,case_content,studio,0.0,0.0
30,14,13,case_content,assist,0.02188880098081237,0.09623619901918762
30,14,13,case_content,business,0.0,0.0
30,15,14,founder,studio,0.0,0.0
30,15,14,founder,assist,0.31130739172710925,1.2006926082728908
30,15,14,founder,business,0.0,0.0
30,15,14,partners,studio,0.0,0.0
30,15,14,partners,assist,0.10895758710448825,0.4202424128955117
30,15,14,partners,business,0.0,0.0
30,15,14,case_content,studio,0.0,0.0
30,15,14,case_content,assist,0.02432088997868041,0.09380411002131958
30,15,14,case_content,business,0.0,0.0
30,16,15,founder,studio,0.0,0.0
30,16,15,founder,assist,0.3458971019190103,1.1661028980809898
30,16,15,founder,business,0.0,0.0
30,16,15,partners,studio,0.0,0.0
30,16,15,partners,assist,0.1210639856716536,0.4081360143283463
30,16,15,partners,business,0.0,0.0
30,16,15,case_content,studio,0.0,0.0
30,16,15,case_content,assist,0.02702321108742268,0.09110178891257731
30,16,15,case_content,business,0.0,0.0
30,17,16,founder,studio,0.0,0.0
30,17,16,founder,assist,0.38433011324334476,1.1276698867566552
30,17,16,founder,business,0.0,0.0
30,17,16,partners,studio,0.0,0.0
30,17,16,partners,assist,0.13451553963517068,0.39468446036482924
30,17,16,partners,business,0.0,0.0
30,17,16,case_content,studio,0.0,0.0
30,17,16,case_content,assist,0.03002579009713631,0.08809920990286367
30,17,16,case_content,business,0.0,0.0
30,18,17,founder,studio,0.0,0.0
30,18,17,founder,assist,0.42703345915927193,1.084966540840728
30,18,17,founder,business,0.0,0.0
30,18,17,partners,studio,0.0,0.0
30,18,17,partners,assist,0.1494617107057452,0.37973828929425474
30,18,17,partners,business,0.0,0.0
30,18,17,case_content,studio,0.0,0.0
30,18,17,case_content,assist,0.03336198899681812,0.08476301100318186
30,18,17,case_content,business,0.0,0.0
30,19,18,founder,studio,0.0,0.0
30,19,18,founder,assist,0.4744816212880799,1.03751837871192
30,19,18,founder,business,0.0,0.0
30,19,18,partners,studio,0.0,0.0
30,19,18,partners,assist,0.16606856745082801,0.36313143254917196
30,19,18,partners,business,0.0,0.0
30,19,18,case_content,studio,0.0,0.0
30,19,18,case_content,assist,0.037068876663131245,0.08105612333686874
30,19,18,case_content,business,0.0,0.0
30,20,19,founder,studio,0.0,0.0
30,20,19,founder,assist,0.5272018014311999,0.9847981985687999
30,20,19,founder,business,0.0,0.0
30,20,19,partners,studio,0.0,0.0
30,20,19,partners,assist,0.18452063050092002,0.34467936949907996
30,20,19,partners,business,0.0,0.0
30,20,19,case_content,studio,0.0,0.0
30,20,19,case_content,assist,0.04118764073681249,0.07693735926318748
30,20,19,case_content,business,0.0,0.0
30,21,20,founder,studio,0.0,0.0
30,21,20,founder,assist,0.5857797793679999,0.9262202206319999
30,21,20,founder,business,0.0,0.0
30,21,20,partners,studio,0.0,0.0
30,21,20,partners,assist,0.20502292277880002,0.3241770772212
30,21,20,partners,business,0.0,0.0
30,21,20,case_content,studio,0.0,0.0
30,21,20,case_content,assist,0.04576404526312499,0.07236095473687498
30,21,20,case_content,business,0.0,0.0
30,22,21,founder,studio,0.0,0.0
30,22,21,founder,assist,0.6508664215199998,0.8611335784799999
30,22,21,founder,business,0.0,0.0
30,22,21,partners,studio,0.0,0.0
30,22,21,partners,assist,0.227803247532,0.30139675246799996
30,22,21,partners,business,0.0,0.0
30,22,21,case_content,studio,0.0,0.0
30,22,21,case_content,assist,0.05084893918124999,0.06727606081874998
30,22,21,case_content,business,0.0,0.0
30,23,22,founder,studio,0.0,0.0
30,23,22,founder,assist,0.7231849127999999,0.7888150871999999
30,23,22,founder,business,0.0,0.0
30,23,22,partners,studio,0.0,0.0
30,23,22,partners,assist,0.25311471948,0.27608528052
30,23,22,partners,business,0.0,0.0
30,23,22,case_content,studio,0.0,0.0
30,23,22,case_content,assist,0.05649882131249999,0.06162617868749999
30,23,22,case_content,business,0.0,0.0
30,24,23,founder,studio,0.0,0.0
30,24,23,founder,assist,0.8035387919999999,0.7084612079999999
30,24,23,founder,business,0.0,0.0
30,24,23,partners,studio,0.0,0.0
30,24,23,partners,assist,0.2812385772,0.2479614228
30,24,23,partners,business,0.0,0.0
30,24,23,case_content,studio,0.0,0.0
30,24,23,case_content,assist,0.06277646812499998,0.055348531874999995
30,24,23,case_content,business,0.0,0.0
30,25,24,founder,studio,0.0,0.0
30,25,24,founder,assist,0.8928208799999999,0.6191791199999999
30,25,24,founder,business,0.0,0.0
30,25,24,partners,studio,0.0,0.0
30,25,24,partners,assist,0.312487308,0.21671269199999998
30,25,24,partners,business,0.0,0.0
30,25,24,case_content,studio,0.0,0.0
30,25,24,case_content,assist,0.06975163124999999,0.04837336874999999
30,25,24,case_content,business,0.0,0.0
30,26,25,founder,studio,0.0,0.0
30,26,25,founder,assist,0.9920231999999999,0.5199767999999999
30,26,25,founder,business,0.0,0.0
30,26,25,partners,studio,0.0,0.0
30,26,25,partners,assist,0.34720812,0.18199188
30,26,25,partners,business,0.0,0.0
30,26,25,case_content,studio,0.0,0.0
30,26,25,case_content,assist,0.07750181249999999,0.04062318749999999
30,26,25,case_content,business,0.0,0.0
30,27,26,founder,studio,0.0,0.0
30,27,26,founder,assist,1.102248,0.40975199999999995
30,27,26,founder,business,0.0,0.0
30,27,26,partners,studio,0.0,0.0
30,27,26,partners,assist,0.3857868,0.1434132
30,27,26,partners,business,0.0,0.0
30,27,26,case_content,studio,0.0,0.0
30,27,26,case_content,assist,0.08611312499999998,0.032011874999999995
30,27,26,case_content,business,0.0,0.0
30,28,27,founder,studio,0.0,0.0
30,28,27,founder,assist,1.2247199999999998,0.28728
30,28,27,founder,business,0.0,0.0
30,28,27,partners,studio,0.0,0.0
30,28,27,partners,assist,0.428652,0.100548
30,28,27,partners,business,0.0,0.0
30,28,27,case_content,studio,0.0,0.0
30,28,27,case_content,assist,0.09568124999999998,0.02244375
30,28,27,case_content,business,0.0,0.0
30,29,28,founder,studio,0.0,0.0
30,29,28,founder,assist,1.3607999999999998,0.1512
30,29,28,founder,business,0.0,0.0
30,29,28,partners,studio,0.0,0.0
30,29,28,partners,assist,0.47628,0.05292
30,29,28,partners,business,0.0,0.0
30,29,28,case_content,studio,0.0,0.0
30,29,28,case_content,assist,0.10631249999999998,0.011812499999999998
30,29,28,case_content,business,0.0,0.0
30,30,29,founder,studio,0.0,0
30,30,29,founder,assist,1.5119999999999998,0
30,30,29,founder,business,0.0,0
30,30,29,partners,studio,0.0,0
30,30,29,partners,assist,0.5292,0
30,30,29,partners,business,0.0,0
30,30,29,case_content,studio,0.0,0
30,30,29,case_content,assist,0.11812499999999998,0
30,30,29,case_content,business,0.0,0
31,2,1,founder,studio,0.0,0.0
31,2,1,founder,assist,0.0712171459023632,1.4407828540976368
31,2,1,founder,business,0.0,0.0
31,2,1,partners,studio,0.0,0.0
31,2,1,partners,assist,0.024926001065827125,0.5042739989341729
31,2,1,partners,business,0.0,0.0
31,2,1,case_content,studio,0.0,0.0
31,2,1,case_content,assist,0.005563839523622126,0.11256116047637785
31,2,1,case_content,business,0.0,0.0
31,3,2,founder,studio,0.0,0.0
31,3,2,founder,assist,0.07913016211373688,1.4328698378862632
31,3,2,founder,business,0.0,0.0
31,3,2,partners,studio,0.0,0.0
31,3,2,partners,assist,0.027695556739807916,0.5015044432601922
31,3,2,partners,business,0.0,0.0
31,3,2,case_content,studio,0.0,0.0
31,3,2,case_content,assist,0.0061820439151356954,0.11194295608486428
31,3,2,case_content,business,0.0,0.0
31,4,3,founder,studio,0.0,0.0
31,4,3,founder,assist,0.08792240234859654,1.4240775976514035
31,4,3,founder,business,0.0,0.0
31,4,3,partners,studio,0.0,0.0
31,4,3,partners,assist,0.030772840822008797,0.49842715917799124
31,4,3,partners,business,0.0,0.0
31,4,3,case_content,studio,0.0,0.0
31,4,3,case_content,assist,0.006868937683484106,0.11125606231651587
31,4,3,case_content,business,0.0,0.0
31,5,4,founder,studio,0.0,0.0
31,5,4,founder,assist,0.09769155816510726,1.4143084418348928
31,5,4,founder,business,0.0,0.0
31,5,4,partners,studio,0.0,0.0
31,5,4,partners,assist,0.034192045357787554,0.4950079546422125
31,5,4,partners,business,0.0,0.0
31,5,4,case_content,studio,0.0,0.0
31,5,4,case_content,assist,0.007632152981649007,0.11049284701835096
31,5,4,case_content,business,0.0,0.0
31,6,5,founder,studio,0.0,0.0
31,6,5,founder,assist,0.10854617573900807,1.403453824260992
31,6,5,founder,business,0.0,0.0
31,6,5,partners,studio,0.0,0.0
31,6,5,partners,assist,0.03799116150865284,0.49120883849134717
31,6,5,partners,business,0.0,0.0
31,6,5,case_content,studio,0.0,0.0
31,6,5,case_content,assist,0.008480169979610009,0.10964483002038997
31,6,5,case_content,business,0.0,0.0
31,7,6,founder,studio,0.0,0.0
31,7,6,founder,assist,0.12060686193223119,1.3913931380677689
31,7,6,founder,business,0.0,0.0
31,7,6,partners,studio,0.0,0.0
31,7,6,partners,assist,0.04221240167628093,0.4869875983237191
31,7,6,partners,business,0.0,0.0
31,7,6,case_content,studio,0.0,0.0
31,7,6,case_content,assist,0.009422411088455564,0.10870258891154441
31,7,6,case_content,business,0.0,0.0
31,8,7,founder,studio,0.0,0.0
31,8,7,founder,assist,0.13400762436914576,1.3779923756308543
31,8,7,founder,business,0.0,0.0
31,8,7,partners,studio,0.0,0.0
31,8,7,partners,assist,0.04690266852920103,0.48229733147079895
31,8,7,partners,business,0.0,0.0
31,8,7,case_content,studio,0.0,0.0
31,8,7,case_content,assist,0.010469345653839515,0.10765565434616046
31,8,7,case_content,business,0.0,0.0
31,9,8,founder,studio,0.0,0.0
31,9,8,founder,assist,0.14889736041016197,1.363102639589838
31,9,8,founder,business,0.0,0.0
31,9,8,partners,studio,0.0,0.0
31,9,8,partners,assist,0.052114076143556703,0.4770859238564433
31,9,8,partners,business,0.0,0.0
31,9,8,case_content,studio,0.0,0.0
31,9,8,case_content,assist,0.011632606282043906,0.10649239371795607
31,9,8,case_content,business,0.0,0.0
31,10,9,founder,studio,0.0,0.0
31,10,9,founder,assist,0.16544151156684664,1.3465584884331534
31,10,9,founder,business,0.0,0.0
31,10,9,partners,studio,0.0,0.0
31,10,9,partners,assist,0.05790452904839634,0.4712954709516036
31,10,9,partners,business,0.0,0.0
31,10,9,case_content,studio,0.0,0.0
31,10,9,case_content,assist,0.012925118091159895,0.10519988190884008
31,10,9,case_content,business,0.0,0.0
31,11,10,founder,studio,0.0,0.0
31,11,10,founder,assist,0.1838239017409407,1.3281760982590594
31,11,10,founder,business,0.0,0.0
31,11,10,partners,studio,0.0,0.0
31,11,10,partners,assist,0.06433836560932926,0.4648616343906707
31,11,10,partners,business,0.0,0.0
31,11,10,case_content,studio,0.0,0.0
31,11,10,case_content,assist,0.014361242323510996,0.10376375767648899
31,11,10,case_content,business,0.0,0.0
31,12,11,founder,studio,0.0,0.0
31,12,11,founder,assist,0.20424877971215635,1.3077512202878436
31,12,11,founder,business,0.0,0.0
31,12,11,partners,studio,0.0,0.0
31,12,11,partners,assist,0.07148707289925474,0.45771292710074524
31,12,11,partners,business,0.0,0.0
31,12,11,case_content,studio,0.0,0.0
31,12,11,case_content,assist,0.015956935915012217,0.10216806408498777
31,12,11,case_content,business,0.0,0.0
31,13,12,founder,studio,0.0,0.0
31,13,12,founder,assist,0.22694308856906262,1.2850569114309374
31,13,12,founder,business,0.0,0.0
31,13,12,partners,studio,0.0,0.0
31,13,12,partners,assist,0.07943008099917193,0.449769919000828
31,13,12,partners,business,0.0,0.0
31,13,12,case_content,studio,0.0,0.0
31,13,12,case_content,assist,0.01772992879445802,0.10039507120554197
31,13,12,case_content,business,0.0,0.0
31,14,13,founder,studio,0.0,0.0
31,14,13,founder,assist,0.25215898729895847,1.2598410127010415
31,14,13,founder,business,0.0,0.0
31,14,13,partners,studio,0.0,0.0
31,14,13,partners,assist,0.08825564555463547,0.44094435444536445
31,14,13,partners,business,0.0,0.0
31,14,13,case_content,studio,0.0,0.0
31,14,13,case_content,assist,0.01969992088273113,0.09842507911726886
31,14,13,case_content,business,0.0,0.0
31,15,14,founder,studio,0.0,0.0
31,15,14,founder,assist,0.28017665255439833,1.2318233474456017
31,15,14,founder,business,0.0,0.0
31,15,14,partners,studio,0.0,0.0
31,15,14,partners,assist,0.09806182839403942,0.4311381716059605
31,15,14,partners,business,0.0,0.0
31,15,14,case_content,studio,0.0,0.0
31,15,14,case_content,assist,0.02188880098081237,0.09623619901918762
31,15,14,case_content,business,0.0,0.0
31,16,15,founder,studio,0.0,0.0
31,16,15,founder,assist,0.31130739172710925,1.2006926082728908
31,16,15,founder,business,0.0,0.0
31,16,15,partners,studio,0.0,0.0
31,16,15,partners,assist,0.10895758710448825,0.4202424128955117
31,16,15,partners,business,0.0,0.0
31,16,15,case_content,studio,0.0,0.0
31,16,15,case_content,assist,0.02432088997868041,0.09380411002131958
31,16,15,case_content,business,0.0,0.0
31,17,16,founder,studio,0.0,0.0
31,17,16,founder,assist,0.3458971019190103,1.1661028980809898
31,17,16,founder,business,0.0,0.0
31,17,16,partners,studio,0.0,0.0
31,17,16,partners,assist,0.1210639856716536,0.4081360143283463
31,17,16,partners,business,0.0,0.0
31,17,16,case_content,studio,0.0,0.0
31,17,16,case_content,assist,0.02702321108742268,0.09110178891257731
31,17,16,case_content,business,0.0,0.0
31,18,17,founder,studio,0.0,0.0
31,18,17,founder,assist,0.38433011324334476,1.1276698867566552
31,18,17,founder,business,0.0,0.0
31,18,17,partners,studio,0.0,0.0
31,18,17,partners,assist,0.13451553963517068,0.39468446036482924
31,18,17,partners,business,0.0,0.0
31,18,17,case_content,studio,0.0,0.0
31,18,17,case_content,assist,0.03002579009713631,0.08809920990286367
31,18,17,case_content,business,0.0,0.0
31,19,18,founder,studio,0.0,0.0
31,19,18,founder,assist,0.42703345915927193,1.084966540840728
31,19,18,founder,business,0.0,0.0
31,19,18,partners,studio,0.0,0.0
31,19,18,partners,assist,0.1494617107057452,0.37973828929425474
31,19,18,partners,business,0.0,0.0
31,19,18,case_content,studio,0.0,0.0
31,19,18,case_content,assist,0.03336198899681812,0.08476301100318186
31,19,18,case_content,business,0.0,0.0
31,20,19,founder,studio,0.0,0.0
31,20,19,founder,assist,0.4744816212880799,1.03751837871192
31,20,19,founder,business,0.0,0.0
31,20,19,partners,studio,0.0,0.0
31,20,19,partners,assist,0.16606856745082801,0.36313143254917196
31,20,19,partners,business,0.0,0.0
31,20,19,case_content,studio,0.0,0.0
31,20,19,case_content,assist,0.037068876663131245,0.08105612333686874
31,20,19,case_content,business,0.0,0.0
31,21,20,founder,studio,0.0,0.0
31,21,20,founder,assist,0.5272018014311999,0.9847981985687999
31,21,20,founder,business,0.0,0.0
31,21,20,partners,studio,0.0,0.0
31,21,20,partners,assist,0.18452063050092002,0.34467936949907996
31,21,20,partners,business,0.0,0.0
31,21,20,case_content,studio,0.0,0.0
31,21,20,case_content,assist,0.04118764073681249,0.07693735926318748
31,21,20,case_content,business,0.0,0.0
31,22,21,founder,studio,0.0,0.0
31,22,21,founder,assist,0.5857797793679999,0.9262202206319999
31,22,21,founder,business,0.0,0.0
31,22,21,partners,studio,0.0,0.0
31,22,21,partners,assist,0.20502292277880002,0.3241770772212
31,22,21,partners,business,0.0,0.0
31,22,21,case_content,studio,0.0,0.0
31,22,21,case_content,assist,0.04576404526312499,0.07236095473687498
31,22,21,case_content,business,0.0,0.0
31,23,22,founder,studio,0.0,0.0
31,23,22,founder,assist,0.6508664215199998,0.8611335784799999
31,23,22,founder,business,0.0,0.0
31,23,22,partners,studio,0.0,0.0
31,23,22,partners,assist,0.227803247532,0.30139675246799996
31,23,22,partners,business,0.0,0.0
31,23,22,case_content,studio,0.0,0.0
31,23,22,case_content,assist,0.05084893918124999,0.06727606081874998
31,23,22,case_content,business,0.0,0.0
31,24,23,founder,studio,0.0,0.0
31,24,23,founder,assist,0.7231849127999999,0.7888150871999999
31,24,23,founder,business,0.0,0.0
31,24,23,partners,studio,0.0,0.0
31,24,23,partners,assist,0.25311471948,0.27608528052
31,24,23,partners,business,0.0,0.0
31,24,23,case_content,studio,0.0,0.0
31,24,23,case_content,assist,0.05649882131249999,0.06162617868749999
31,24,23,case_content,business,0.0,0.0
31,25,24,founder,studio,0.0,0.0
31,25,24,founder,assist,0.8035387919999999,0.7084612079999999
31,25,24,founder,business,0.0,0.0
31,25,24,partners,studio,0.0,0.0
31,25,24,partners,assist,0.2812385772,0.2479614228
31,25,24,partners,business,0.0,0.0
31,25,24,case_content,studio,0.0,0.0
31,25,24,case_content,assist,0.06277646812499998,0.055348531874999995
31,25,24,case_content,business,0.0,0.0
31,26,25,founder,studio,0.0,0.0
31,26,25,founder,assist,0.8928208799999999,0.6191791199999999
31,26,25,founder,business,0.0,0.0
31,26,25,partners,studio,0.0,0.0
31,26,25,partners,assist,0.312487308,0.21671269199999998
31,26,25,partners,business,0.0,0.0
31,26,25,case_content,studio,0.0,0.0
31,26,25,case_content,assist,0.06975163124999999,0.04837336874999999
31,26,25,case_content,business,0.0,0.0
31,27,26,founder,studio,0.0,0.0
31,27,26,founder,assist,0.9920231999999999,0.5199767999999999
31,27,26,founder,business,0.0,0.0
31,27,26,partners,studio,0.0,0.0
31,27,26,partners,assist,0.34720812,0.18199188
31,27,26,partners,business,0.0,0.0
31,27,26,case_content,studio,0.0,0.0
31,27,26,case_content,assist,0.07750181249999999,0.04062318749999999
31,27,26,case_content,business,0.0,0.0
31,28,27,founder,studio,0.0,0.0
31,28,27,founder,assist,1.102248,0.40975199999999995
31,28,27,founder,business,0.0,0.0
31,28,27,partners,studio,0.0,0.0
31,28,27,partners,assist,0.3857868,0.1434132
31,28,27,partners,business,0.0,0.0
31,28,27,case_content,studio,0.0,0.0
31,28,27,case_content,assist,0.08611312499999998,0.032011874999999995
31,28,27,case_content,business,0.0,0.0
31,29,28,founder,studio,0.0,0.0
31,29,28,founder,assist,1.2247199999999998,0.28728
31,29,28,founder,business,0.0,0.0
31,29,28,partners,studio,0.0,0.0
31,29,28,partners,assist,0.428652,0.100548
31,29,28,partners,business,0.0,0.0
31,29,28,case_content,studio,0.0,0.0
31,29,28,case_content,assist,0.09568124999999998,0.02244375
31,29,28,case_content,business,0.0,0.0
31,30,29,founder,studio,0.0,0.0
31,30,29,founder,assist,1.3607999999999998,0.1512
31,30,29,founder,business,0.0,0.0
31,30,29,partners,studio,0.0,0.0
31,30,29,partners,assist,0.47628,0.05292
31,30,29,partners,business,0.0,0.0
31,30,29,case_content,studio,0.0,0.0
31,30,29,case_content,assist,0.10631249999999998,0.011812499999999998
31,30,29,case_content,business,0.0,0.0
31,31,30,founder,studio,0.0,0
31,31,30,founder,assist,1.5119999999999998,0
31,31,30,founder,business,0.0,0
31,31,30,partners,studio,0.0,0
31,31,30,partners,assist,0.5292,0
31,31,30,partners,business,0.0,0
31,31,30,case_content,studio,0.0,0
31,31,30,case_content,assist,0.11812499999999998,0
31,31,30,case_content,business,0.0,0
32,2,1,founder,studio,0.0,0.0
32,2,1,founder,assist,0.06409543131212687,1.447904568687873
32,2,1,founder,business,0.0,0.0
32,2,1,partners,studio,0.0,0.0
32,2,1,partners,assist,0.022433400959244412,0.5067665990407556
32,2,1,partners,business,0.0,0.0
32,2,1,case_content,studio,0.0,0.0
32,2,1,case_content,assist,0.005007455571259914,0.11311754442874006
32,2,1,case_content,business,0.0,0.0
32,3,2,founder,studio,0.0,0.0
32,3,2,founder,assist,0.0712171459023632,1.4407828540976368
32,3,2,founder,business,0.0,0.0
32,3,2,partners,studio,0.0,0.0
32,3,2,partners,assist,0.024926001065827125,0.5042739989341729
32,3,2,partners,business,0.0,0.0
32,3,2,case_content,studio,0.0,0.0
32,3,2,case_content,assist,0.005563839523622126,0.11256116047637785
32,3,2,case_content,business,0.0,0.0
32,4,3,founder,studio,0.0,0.0
32,4,3,founder,assist,0.07913016211373688,1.4328698378862632
32,4,3,founder,business,0.0,0.0
32,4,3,partners,studio,0.0,0.0
32,4,3,partners,assist,0.027695556739807916,0.5015044432601922
32,4,3,partners,business,0.0,0.0
32,4,3,case_content,studio,0.0,0.0
32,4,3,case_content,assist,0.0061820439151356954,0.11194295608486428
32,4,3,case_content,business,0.0,0.0
32,5,4,founder,studio,0.0,0.0
32,5,4,founder,assist,0.08792240234859654,1.4240775976514035
32,5,4,founder,business,0.0,0.0
32,5,4,partners,studio,0.0,0.0
32,5,4,partners,assist,0.030772840822008797,0.49842715917799124
32,5,4,partners,business,0.0,0.0
32,5,4,case_content,studio,0.0,0.0
32,5,4,case_content,assist,0.006868937683484106,0.11125606231651587
32,5,4,case_content,business,0.0,0.0
32,6,5,founder,studio,0.0,0.0
32,6,5,founder,assist,0.09769155816510726,1.4143084418348928
32,6,5,founder,business,0.0,0.0
32,6,5,partners,studio,0.0,0.0
32,6,5,partners,assist,0.034192045357787554,0.4950079546422125
32,6,5,partners,business,0.0,0.0
32,6,5,case_content,studio,0.0,0.0
32,6,5,case_content,assist,0.007632152981649007,0.11049284701835096
32,6,5,case_content,business,0.0,0.0
32,7,6,founder,studio,0.0,0.0
32,7,6,founder,assist,0.10854617573900807,1.403453824260992
32,7,6,founder,business,0.0,0.0
32,7,6,partners,studio,0.0,0.0
32,7,6,partners,assist,0.03799116150865284,0.49120883849134717
32,7,6,partners,business,0.0,0.0
32,7,6,case_content,studio,0.0,0.0
32,7,6,case_content,assist,0.008480169979610009,0.10964483002038997
32,7,6,case_content,business,0.0,0.0
32,8,7,founder,studio,0.0,0.0
32,8,7,founder,assist,0.12060686193223119,1.3913931380677689
32,8,7,founder,business,0.0,0.0
32,8,7,partners,studio,0.0,0.0
32,8,7,partners,assist,0.04221240167628093,0.4869875983237191
32,8,7,partners,business,0.0,0.0
32,8,7,case_content,studio,0.0,0.0
32,8,7,case_content,assist,0.009422411088455564,0.10870258891154441
32,8,7,case_content,business,0.0,0.0
32,9,8,founder,studio,0.0,0.0
32,9,8,founder,assist,0.13400762436914576,1.3779923756308543
32,9,8,founder,business,0.0,0.0
32,9,8,partners,studio,0.0,0.0
32,9,8,partners,assist,0.04690266852920103,0.48229733147079895
32,9,8,partners,business,0.0,0.0
32,9,8,case_content,studio,0.0,0.0
32,9,8,case_content,assist,0.010469345653839515,0.10765565434616046
32,9,8,case_content,business,0.0,0.0
32,10,9,founder,studio,0.0,0.0
32,10,9,founder,assist,0.14889736041016197,1.363102639589838
32,10,9,founder,business,0.0,0.0
32,10,9,partners,studio,0.0,0.0
32,10,9,partners,assist,0.052114076143556703,0.4770859238564433
32,10,9,partners,business,0.0,0.0
32,10,9,case_content,studio,0.0,0.0
32,10,9,case_content,assist,0.011632606282043906,0.10649239371795607
32,10,9,case_content,business,0.0,0.0
32,11,10,founder,studio,0.0,0.0
32,11,10,founder,assist,0.16544151156684664,1.3465584884331534
32,11,10,founder,business,0.0,0.0
32,11,10,partners,studio,0.0,0.0
32,11,10,partners,assist,0.05790452904839634,0.4712954709516036
32,11,10,partners,business,0.0,0.0
32,11,10,case_content,studio,0.0,0.0
32,11,10,case_content,assist,0.012925118091159895,0.10519988190884008
32,11,10,case_content,business,0.0,0.0
32,12,11,founder,studio,0.0,0.0
32,12,11,founder,assist,0.1838239017409407,1.3281760982590594
32,12,11,founder,business,0.0,0.0
32,12,11,partners,studio,0.0,0.0
32,12,11,partners,assist,0.06433836560932926,0.4648616343906707
32,12,11,partners,business,0.0,0.0
32,12,11,case_content,studio,0.0,0.0
32,12,11,case_content,assist,0.014361242323510996,0.10376375767648899
32,12,11,case_content,business,0.0,0.0
32,13,12,founder,studio,0.0,0.0
32,13,12,founder,assist,0.20424877971215635,1.3077512202878436
32,13,12,founder,business,0.0,0.0
32,13,12,partners,studio,0.0,0.0
32,13,12,partners,assist,0.07148707289925474,0.45771292710074524
32,13,12,partners,business,0.0,0.0
32,13,12,case_content,studio,0.0,0.0
32,13,12,case_content,assist,0.015956935915012217,0.10216806408498777
32,13,12,case_content,business,0.0,0.0
32,14,13,founder,studio,0.0,0.0
32,14,13,founder,assist,0.22694308856906262,1.2850569114309374
32,14,13,founder,business,0.0,0.0
32,14,13,partners,studio,0.0,0.0
32,14,13,partners,assist,0.07943008099917193,0.449769919000828
32,14,13,partners,business,0.0,0.0
32,14,13,case_content,studio,0.0,0.0
32,14,13,case_content,assist,0.01772992879445802,0.10039507120554197
32,14,13,case_content,business,0.0,0.0
32,15,14,founder,studio,0.0,0.0
32,15,14,founder,assist,0.25215898729895847,1.2598410127010415
32,15,14,founder,business,0.0,0.0
32,15,14,partners,studio,0.0,0.0
32,15,14,partners,assist,0.08825564555463547,0.44094435444536445
32,15,14,partners,business,0.0,0.0
32,15,14,case_content,studio,0.0,0.0
32,15,14,case_content,assist,0.01969992088273113,0.09842507911726886
32,15,14,case_content,business,0.0,0.0
32,16,15,founder,studio,0.0,0.0
32,16,15,founder,assist,0.28017665255439833,1.2318233474456017
32,16,15,founder,business,0.0,0.0
32,16,15,partners,studio,0.0,0.0
32,16,15,partners,assist,0.09806182839403942,0.4311381716059605
32,16,15,partners,business,0.0,0.0
32,16,15,case_content,studio,0.0,0.0
32,16,15,case_content,assist,0.02188880098081237,0.09623619901918762
32,16,15,case_content,business,0.0,0.0
32,17,16,founder,studio,0.0,0.0
32,17,16,founder,assist,0.31130739172710925,1.2006926082728908
32,17,16,founder,business,0.0,0.0
32,17,16,partners,studio,0.0,0.0
32,17,16,partners,assist,0.10895758710448825,0.4202424128955117
32,17,16,partners,business,0.0,0.0
32,17,16,case_content,studio,0.0,0.0
32,17,16,case_content,assist,0.02432088997868041,0.09380411002131958
32,17,16,case_content,business,0.0,0.0
32,18,17,founder,studio,0.0,0.0
32,18,17,founder,assist,0.3458971019190103,1.1661028980809898
32,18,17,founder,business,0.0,0.0
32,18,17,partners,studio,0.0,0.0
32,18,17,partners,assist,0.1210639856716536,0.4081360143283463
32,18,17,partners,business,0.0,0.0
32,18,17,case_content,studio,0.0,0.0
32,18,17,case_content,assist,0.02702321108742268,0.09110178891257731
32,18,17,case_content,business,0.0,0.0
32,19,18,founder,studio,0.0,0.0
32,19,18,founder,assist,0.38433011324334476,1.1276698867566552
32,19,18,founder,business,0.0,0.0
32,19,18,partners,studio,0.0,0.0
32,19,18,partners,assist,0.13451553963517068,0.39468446036482924
32,19,18,partners,business,0.0,0.0
32,19,18,case_content,studio,0.0,0.0
32,19,18,case_content,assist,0.03002579009713631,0.08809920990286367
32,19,18,case_content,business,0.0,0.0
32,20,19,founder,studio,0.0,0.0
32,20,19,founder,assist,0.42703345915927193,1.084966540840728
32,20,19,founder,business,0.0,0.0
32,20,19,partners,studio,0.0,0.0
32,20,19,partners,assist,0.1494617107057452,0.37973828929425474
32,20,19,partners,business,0.0,0.0
32,20,19,case_content,studio,0.0,0.0
32,20,19,case_content,assist,0.03336198899681812,0.08476301100318186
32,20,19,case_content,business,0.0,0.0
32,21,20,founder,studio,0.0,0.0
32,21,20,founder,assist,0.4744816212880799,1.03751837871192
32,21,20,founder,business,0.0,0.0
32,21,20,partners,studio,0.0,0.0
32,21,20,partners,assist,0.16606856745082801,0.36313143254917196
32,21,20,partners,business,0.0,0.0
32,21,20,case_content,studio,0.0,0.0
32,21,20,case_content,assist,0.037068876663131245,0.08105612333686874
32,21,20,case_content,business,0.0,0.0
32,22,21,founder,studio,0.0,0.0
32,22,21,founder,assist,0.5272018014311999,0.9847981985687999
32,22,21,founder,business,0.0,0.0
32,22,21,partners,studio,0.0,0.0
32,22,21,partners,assist,0.18452063050092002,0.34467936949907996
32,22,21,partners,business,0.0,0.0
32,22,21,case_content,studio,0.0,0.0
32,22,21,case_content,assist,0.04118764073681249,0.07693735926318748
32,22,21,case_content,business,0.0,0.0
32,23,22,founder,studio,0.0,0.0
32,23,22,founder,assist,0.5857797793679999,0.9262202206319999
32,23,22,founder,business,0.0,0.0
32,23,22,partners,studio,0.0,0.0
32,23,22,partners,assist,0.20502292277880002,0.3241770772212
32,23,22,partners,business,0.0,0.0
32,23,22,case_content,studio,0.0,0.0
32,23,22,case_content,assist,0.04576404526312499,0.07236095473687498
32,23,22,case_content,business,0.0,0.0
32,24,23,founder,studio,0.0,0.0
32,24,23,founder,assist,0.6508664215199998,0.8611335784799999
32,24,23,founder,business,0.0,0.0
32,24,23,partners,studio,0.0,0.0
32,24,23,partners,assist,0.227803247532,0.30139675246799996
32,24,23,partners,business,0.0,0.0
32,24,23,case_content,studio,0.0,0.0
32,24,23,case_content,assist,0.05084893918124999,0.06727606081874998
32,24,23,case_content,business,0.0,0.0
32,25,24,founder,studio,0.0,0.0
32,25,24,founder,assist,0.7231849127999999,0.7888150871999999
32,25,24,founder,business,0.0,0.0
32,25,24,partners,studio,0.0,0.0
32,25,24,partners,assist,0.25311471948,0.27608528052
32,25,24,partners,business,0.0,0.0
32,25,24,case_content,studio,0.0,0.0
32,25,24,case_content,assist,0.05649882131249999,0.06162617868749999
32,25,24,case_content,business,0.0,0.0
32,26,25,founder,studio,0.0,0.0
32,26,25,founder,assist,0.8035387919999999,0.7084612079999999
32,26,25,founder,business,0.0,0.0
32,26,25,partners,studio,0.0,0.0
32,26,25,partners,assist,0.2812385772,0.2479614228
32,26,25,partners,business,0.0,0.0
32,26,25,case_content,studio,0.0,0.0
32,26,25,case_content,assist,0.06277646812499998,0.055348531874999995
32,26,25,case_content,business,0.0,0.0
32,27,26,founder,studio,0.0,0.0
32,27,26,founder,assist,0.8928208799999999,0.6191791199999999
32,27,26,founder,business,0.0,0.0
32,27,26,partners,studio,0.0,0.0
32,27,26,partners,assist,0.312487308,0.21671269199999998
32,27,26,partners,business,0.0,0.0
32,27,26,case_content,studio,0.0,0.0
32,27,26,case_content,assist,0.06975163124999999,0.04837336874999999
32,27,26,case_content,business,0.0,0.0
32,28,27,founder,studio,0.0,0.0
32,28,27,founder,assist,0.9920231999999999,0.5199767999999999
32,28,27,founder,business,0.0,0.0
32,28,27,partners,studio,0.0,0.0
32,28,27,partners,assist,0.34720812,0.18199188
32,28,27,partners,business,0.0,0.0
32,28,27,case_content,studio,0.0,0.0
32,28,27,case_content,assist,0.07750181249999999,0.04062318749999999
32,28,27,case_content,business,0.0,0.0
32,29,28,founder,studio,0.0,0.0
32,29,28,founder,assist,1.102248,0.40975199999999995
32,29,28,founder,business,0.0,0.0
32,29,28,partners,studio,0.0,0.0
32,29,28,partners,assist,0.3857868,0.1434132
32,29,28,partners,business,0.0,0.0
32,29,28,case_content,studio,0.0,0.0
32,29,28,case_content,assist,0.08611312499999998,0.032011874999999995
32,29,28,case_content,business,0.0,0.0
32,30,29,founder,studio,0.0,0.0
32,30,29,founder,assist,1.2247199999999998,0.28728
32,30,29,founder,business,0.0,0.0
32,30,29,partners,studio,0.0,0.0
32,30,29,partners,assist,0.428652,0.100548
32,30,29,partners,business,0.0,0.0
32,30,29,case_content,studio,0.0,0.0
32,30,29,case_content,assist,0.09568124999999998,0.02244375
32,30,29,case_content,business,0.0,0.0
32,31,30,founder,studio,0.0,0.0
32,31,30,founder,assist,1.3607999999999998,0.1512
32,31,30,founder,business,0.0,0.0
32,31,30,partners,studio,0.0,0.0
32,31,30,partners,assist,0.47628,0.05292
32,31,30,partners,business,0.0,0.0
32,31,30,case_content,studio,0.0,0.0
32,31,30,case_content,assist,0.10631249999999998,0.011812499999999998
32,31,30,case_content,business,0.0,0.0
32,32,31,founder,studio,0.0,0
32,32,31,founder,assist,1.5119999999999998,0
32,32,31,founder,business,0.0,0
32,32,31,partners,studio,0.0,0
32,32,31,partners,assist,0.5292,0
32,32,31,partners,business,0.0,0
32,32,31,case_content,studio,0.0,0
32,32,31,case_content,assist,0.11812499999999998,0
32,32,31,case_content,business,0.0,0
33,2,1,founder,studio,0.0,0.0
33,2,1,founder,assist,0.057685888180914184,1.4543141118190859
33,2,1,founder,business,0.0,0.0
33,2,1,partners,studio,0.0,0.0
33,2,1,partners,assist,0.02019006086331997,0.50900993913668
33,2,1,partners,business,0.0,0.0
33,2,1,case_content,studio,0.0,0.0
33,2,1,case_content,assist,0.004506710014133922,0.11361828998586605
33,2,1,case_content,business,0.0,0.0
33,3,2,founder,studio,0.0,0.0
33,3,2,founder,assist,0.06409543131212687,1.447904568687873
33,3,2,founder,business,0.0,0.0
33,3,2,partners,studio,0.0,0.0
33,3,2,partners,assist,0.022433400959244412,0.5067665990407556
33,3,2,partners,business,0.0,0.0
33,3,2,case_content,studio,0.0,0.0
33,3,2,case_content,assist,0.005007455571259914,0.11311754442874006
33,3,2,case_content,business,0.0,0.0
33,4,3,founder,studio,0.0,0.0
33,4,3,founder,assist,0.0712171459023632,1.4407828540976368
33,4,3,founder,business,0.0,0.0
33,4,3,partners,studio,0.0,0.0
33,4,3,partners,assist,0.024926001065827125,0.5042739989341729
33,4,3,partners,business,0.0,0.0
33,4,3,case_content,studio,0.0,0.0
33,4,3,case_content,assist,0.005563839523622126,0.11256116047637785
33,4,3,case_content,business,0.0,0.0
33,5,4,founder,studio,0.0,0.0
33,5,4,founder,assist,0.07913016211373688,1.4328698378862632
33,5,4,founder,business,0.0,0.0
33,5,4,partners,studio,0.0,0.0
33,5,4,partners,assist,0.027695556739807916,0.5015044432601922
33,5,4,partners,business,0.0,0.0
33,5,4,case_content,studio,0.0,0.0
33,5,4,case_content,assist,0.0061820439151356954,0.11194295608486428
33,5,4,case_content,business,0.0,0.0
33,6,5,founder,studio,0.0,0.0
33,6,5,founder,assist,0.08792240234859654,1.4240775976514035
33,6,5,founder,business,0.0,0.0
33,6,5,partners,studio,0.0,0.0
33,6,5,partners,assist,0.030772840822008797,0.49842715917799124
33,6,5,partners,business,0.0,0.0
33,6,5,case_content,studio,0.0,0.0
33,6,5,case_content,assist,0.006868937683484106,0.11125606231651587
33,6,5,case_content,business,0.0,0.0
33,7,6,founder,studio,0.0,0.0
33,7,6,founder,assist,0.09769155816510726,1.4143084418348928
33,7,6,founder,business,0.0,0.0
33,7,6,partners,studio,0.0,0.0
33,7,6,partners,assist,0.034192045357787554,0.4950079546422125
33,7,6,partners,business,0.0,0.0
33,7,6,case_content,studio,0.0,0.0
33,7,6,case_content,assist,0.007632152981649007,0.11049284701835096
33,7,6,case_content,business,0.0,0.0
33,8,7,founder,studio,0.0,0.0
33,8,7,founder,assist,0.10854617573900807,1.403453824260992
33,8,7,founder,business,0.0,0.0
33,8,7,partners,studio,0.0,0.0
33,8,7,partners,assist,0.03799116150865284,0.49120883849134717
33,8,7,partners,business,0.0,0.0
33,8,7,case_content,studio,0.0,0.0
33,8,7,case_content,assist,0.008480169979610009,0.10964483002038997
33,8,7,case_content,business,0.0,0.0
33,9,8,founder,studio,0.0,0.0
33,9,8,founder,assist,0.12060686193223119,1.3913931380677689
33,9,8,founder,business,0.0,0.0
33,9,8,partners,studio,0.0,0.0
33,9,8,partners,assist,0.04221240167628093,0.4869875983237191
33,9,8,partners,business,0.0,0.0
33,9,8,case_content,studio,0.0,0.0
33,9,8,case_content,assist,0.009422411088455564,0.10870258891154441
33,9,8,case_content,business,0.0,0.0
33,10,9,founder,studio,0.0,0.0
33,10,9,founder,assist,0.13400762436914576,1.3779923756308543
33,10,9,founder,business,0.0,0.0
33,10,9,partners,studio,0.0,0.0
33,10,9,partners,assist,0.04690266852920103,0.48229733147079895
33,10,9,partners,business,0.0,0.0
33,10,9,case_content,studio,0.0,0.0
33,10,9,case_content,assist,0.010469345653839515,0.10765565434616046
33,10,9,case_content,business,0.0,0.0
33,11,10,founder,studio,0.0,0.0
33,11,10,founder,assist,0.14889736041016197,1.363102639589838
33,11,10,founder,business,0.0,0.0
33,11,10,partners,studio,0.0,0.0
33,11,10,partners,assist,0.052114076143556703,0.4770859238564433
33,11,10,partners,business,0.0,0.0
33,11,10,case_content,studio,0.0,0.0
33,11,10,case_content,assist,0.011632606282043906,0.10649239371795607
33,11,10,case_content,business,0.0,0.0
33,12,11,founder,studio,0.0,0.0
33,12,11,founder,assist,0.16544151156684664,1.3465584884331534
33,12,11,founder,business,0.0,0.0
33,12,11,partners,studio,0.0,0.0
33,12,11,partners,assist,0.05790452904839634,0.4712954709516036
33,12,11,partners,business,0.0,0.0
33,12,11,case_content,studio,0.0,0.0
33,12,11,case_content,assist,0.012925118091159895,0.10519988190884008
33,12,11,case_content,business,0.0,0.0
33,13,12,founder,studio,0.0,0.0
33,13,12,founder,assist,0.1838239017409407,1.3281760982590594
33,13,12,founder,business,0.0,0.0
33,13,12,partners,studio,0.0,0.0
33,13,12,partners,assist,0.06433836560932926,0.4648616343906707
33,13,12,partners,business,0.0,0.0
33,13,12,case_content,studio,0.0,0.0
33,13,12,case_content,assist,0.014361242323510996,0.10376375767648899
33,13,12,case_content,business,0.0,0.0
33,14,13,founder,studio,0.0,0.0
33,14,13,founder,assist,0.20424877971215635,1.3077512202878436
33,14,13,founder,business,0.0,0.0
33,14,13,partners,studio,0.0,0.0
33,14,13,partners,assist,0.07148707289925474,0.45771292710074524
33,14,13,partners,business,0.0,0.0
33,14,13,case_content,studio,0.0,0.0
33,14,13,case_content,assist,0.015956935915012217,0.10216806408498777
33,14,13,case_content,business,0.0,0.0
33,15,14,founder,studio,0.0,0.0
33,15,14,founder,assist,0.22694308856906262,1.2850569114309374
33,15,14,founder,business,0.0,0.0
33,15,14,partners,studio,0.0,0.0
33,15,14,partners,assist,0.07943008099917193,0.449769919000828
33,15,14,partners,business,0.0,0.0
33,15,14,case_content,studio,0.0,0.0
33,15,14,case_content,assist,0.01772992879445802,0.10039507120554197
33,15,14,case_content,business,0.0,0.0
33,16,15,founder,studio,0.0,0.0
33,16,15,founder,assist,0.25215898729895847,1.2598410127010415
33,16,15,founder,business,0.0,0.0
33,16,15,partners,studio,0.0,0.0
33,16,15,partners,assist,0.08825564555463547,0.44094435444536445
33,16,15,partners,business,0.0,0.0
33,16,15,case_content,studio,0.0,0.0
33,16,15,case_content,assist,0.01969992088273113,0.09842507911726886
33,16,15,case_content,business,0.0,0.0
33,17,16,founder,studio,0.0,0.0
33,17,16,founder,assist,0.28017665255439833,1.2318233474456017
33,17,16,founder,business,0.0,0.0
33,17,16,partners,studio,0.0,0.0
33,17,16,partners,assist,0.09806182839403942,0.4311381716059605
33,17,16,partners,business,0.0,0.0
33,17,16,case_content,studio,0.0,0.0
33,17,16,case_content,assist,0.02188880098081237,0.09623619901918762
33,17,16,case_content,business,0.0,0.0
33,18,17,founder,studio,0.0,0.0
33,18,17,founder,assist,0.31130739172710925,1.2006926082728908
33,18,17,founder,business,0.0,0.0
33,18,17,partners,studio,0.0,0.0
33,18,17,partners,assist,0.10895758710448825,0.4202424128955117
33,18,17,partners,business,0.0,0.0
33,18,17,case_content,studio,0.0,0.0
33,18,17,case_content,assist,0.02432088997868041,0.09380411002131958
33,18,17,case_content,business,0.0,0.0
33,19,18,founder,studio,0.0,0.0
33,19,18,founder,assist,0.3458971019190103,1.1661028980809898
33,19,18,founder,business,0.0,0.0
33,19,18,partners,studio,0.0,0.0
33,19,18,partners,assist,0.1210639856716536,0.4081360143283463
33,19,18,partners,business,0.0,0.0
33,19,18,case_content,studio,0.0,0.0
33,19,18,case_content,assist,0.02702321108742268,0.09110178891257731
33,19,18,case_content,business,0.0,0.0
33,20,19,founder,studio,0.0,0.0
33,20,19,founder,assist,0.38433011324334476,1.1276698867566552
33,20,19,founder,business,0.0,0.0
33,20,19,partners,studio,0.0,0.0
33,20,19,partners,assist,0.13451553963517068,0.39468446036482924
33,20,19,partners,business,0.0,0.0
33,20,19,case_content,studio,0.0,0.0
33,20,19,case_content,assist,0.03002579009713631,0.08809920990286367
33,20,19,case_content,business,0.0,0.0
33,21,20,founder,studio,0.0,0.0
33,21,20,founder,assist,0.42703345915927193,1.084966540840728
33,21,20,founder,business,0.0,0.0
33,21,20,partners,studio,0.0,0.0
33,21,20,partners,assist,0.1494617107057452,0.37973828929425474
33,21,20,partners,business,0.0,0.0
33,21,20,case_content,studio,0.0,0.0
33,21,20,case_content,assist,0.03336198899681812,0.08476301100318186
33,21,20,case_content,business,0.0,0.0
33,22,21,founder,studio,0.0,0.0
33,22,21,founder,assist,0.4744816212880799,1.03751837871192
33,22,21,founder,business,0.0,0.0
33,22,21,partners,studio,0.0,0.0
33,22,21,partners,assist,0.16606856745082801,0.36313143254917196
33,22,21,partners,business,0.0,0.0
33,22,21,case_content,studio,0.0,0.0
33,22,21,case_content,assist,0.037068876663131245,0.08105612333686874
33,22,21,case_content,business,0.0,0.0
33,23,22,founder,studio,0.0,0.0
33,23,22,founder,assist,0.5272018014311999,0.9847981985687999
33,23,22,founder,business,0.0,0.0
33,23,22,partners,studio,0.0,0.0
33,23,22,partners,assist,0.18452063050092002,0.34467936949907996
33,23,22,partners,business,0.0,0.0
33,23,22,case_content,studio,0.0,0.0
33,23,22,case_content,assist,0.04118764073681249,0.07693735926318748
33,23,22,case_content,business,0.0,0.0
33,24,23,founder,studio,0.0,0.0
33,24,23,founder,assist,0.5857797793679999,0.9262202206319999
33,24,23,founder,business,0.0,0.0
33,24,23,partners,studio,0.0,0.0
33,24,23,partners,assist,0.20502292277880002,0.3241770772212
33,24,23,partners,business,0.0,0.0
33,24,23,case_content,studio,0.0,0.0
33,24,23,case_content,assist,0.04576404526312499,0.07236095473687498
33,24,23,case_content,business,0.0,0.0
33,25,24,founder,studio,0.0,0.0
33,25,24,founder,assist,0.6508664215199998,0.8611335784799999
33,25,24,founder,business,0.0,0.0
33,25,24,partners,studio,0.0,0.0
33,25,24,partners,assist,0.227803247532,0.30139675246799996
33,25,24,partners,business,0.0,0.0
33,25,24,case_content,studio,0.0,0.0
33,25,24,case_content,assist,0.05084893918124999,0.06727606081874998
33,25,24,case_content,business,0.0,0.0
33,26,25,founder,studio,0.0,0.0
33,26,25,founder,assist,0.7231849127999999,0.7888150871999999
33,26,25,founder,business,0.0,0.0
33,26,25,partners,studio,0.0,0.0
33,26,25,partners,assist,0.25311471948,0.27608528052
33,26,25,partners,business,0.0,0.0
33,26,25,case_content,studio,0.0,0.0
33,26,25,case_content,assist,0.05649882131249999,0.06162617868749999
33,26,25,case_content,business,0.0,0.0
33,27,26,founder,studio,0.0,0.0
33,27,26,founder,assist,0.8035387919999999,0.7084612079999999
33,27,26,founder,business,0.0,0.0
33,27,26,partners,studio,0.0,0.0
33,27,26,partners,assist,0.2812385772,0.2479614228
33,27,26,partners,business,0.0,0.0
33,27,26,case_content,studio,0.0,0.0
33,27,26,case_content,assist,0.06277646812499998,0.055348531874999995
33,27,26,case_content,business,0.0,0.0
33,28,27,founder,studio,0.0,0.0
33,28,27,founder,assist,0.8928208799999999,0.6191791199999999
33,28,27,founder,business,0.0,0.0
33,28,27,partners,studio,0.0,0.0
33,28,27,partners,assist,0.312487308,0.21671269199999998
33,28,27,partners,business,0.0,0.0
33,28,27,case_content,studio,0.0,0.0
33,28,27,case_content,assist,0.06975163124999999,0.04837336874999999
33,28,27,case_content,business,0.0,0.0
33,29,28,founder,studio,0.0,0.0
33,29,28,founder,assist,0.9920231999999999,0.5199767999999999
33,29,28,founder,business,0.0,0.0
33,29,28,partners,studio,0.0,0.0
33,29,28,partners,assist,0.34720812,0.18199188
33,29,28,partners,business,0.0,0.0
33,29,28,case_content,studio,0.0,0.0
33,29,28,case_content,assist,0.07750181249999999,0.04062318749999999
33,29,28,case_content,business,0.0,0.0
33,30,29,founder,studio,0.0,0.0
33,30,29,founder,assist,1.102248,0.40975199999999995
33,30,29,founder,business,0.0,0.0
33,30,29,partners,studio,0.0,0.0
33,30,29,partners,assist,0.3857868,0.1434132
33,30,29,partners,business,0.0,0.0
33,30,29,case_content,studio,0.0,0.0
33,30,29,case_content,assist,0.08611312499999998,0.032011874999999995
33,30,29,case_content,business,0.0,0.0
33,31,30,founder,studio,0.0,0.0
33,31,30,founder,assist,1.2247199999999998,0.28728
33,31,30,founder,business,0.0,0.0
33,31,30,partners,studio,0.0,0.0
33,31,30,partners,assist,0.428652,0.100548
33,31,30,partners,business,0.0,0.0
33,31,30,case_content,studio,0.0,0.0
33,31,30,case_content,assist,0.09568124999999998,0.02244375
33,31,30,case_content,business,0.0,0.0
33,32,31,founder,studio,0.0,0.0
33,32,31,founder,assist,1.3607999999999998,0.1512
33,32,31,founder,business,0.0,0.0
33,32,31,partners,studio,0.0,0.0
33,32,31,partners,assist,0.47628,0.05292
33,32,31,partners,business,0.0,0.0
33,32,31,case_content,studio,0.0,0.0
33,32,31,case_content,assist,0.10631249999999998,0.011812499999999998
33,32,31,case_content,business,0.0,0.0
33,33,32,founder,studio,0.0,0
33,33,32,founder,assist,1.5119999999999998,0
33,33,32,founder,business,0.0,0
33,33,32,partners,studio,0.0,0
33,33,32,partners,assist,0.5292,0
33,33,32,partners,business,0.0,0
33,33,32,case_content,studio,0.0,0
33,33,32,case_content,assist,0.11812499999999998,0
33,33,32,case_content,business,0.0,0
34,2,1,founder,studio,0.0,0.0
34,2,1,founder,assist,0.051917299362822765,1.4600827006371773
34,2,1,founder,business,0.0,0.0
34,2,1,partners,studio,0.0,0.0
34,2,1,partners,assist,0.018171054776987973,0.511028945223012
34,2,1,partners,business,0.0,0.0
34,2,1,case_content,studio,0.0,0.0
34,2,1,case_content,assist,0.0040560390127205295,0.11406896098727945
34,2,1,case_content,business,0.0,0.0
34,3,2,founder,studio,0.0,0.0
34,3,2,founder,assist,0.057685888180914184,1.4543141118190859
34,3,2,founder,business,0.0,0.0
34,3,2,partners,studio,0.0,0.0
34,3,2,partners,assist,0.02019006086331997,0.50900993913668
34,3,2,partners,business,0.0,0.0
34,3,2,case_content,studio,0.0,0.0
34,3,2,case_content,assist,0.004506710014133922,0.11361828998586605
34,3,2,case_content,business,0.0,0.0
34,4,3,founder,studio,0.0,0.0
34,4,3,founder,assist,0.06409543131212687,1.447904568687873
34,4,3,founder,business,0.0,0.0
34,4,3,partners,studio,0.0,0.0
34,4,3,partners,assist,0.022433400959244412,0.5067665990407556
34,4,3,partners,business,0.0,0.0
34,4,3,case_content,studio,0.0,0.0
34,4,3,case_content,assist,0.005007455571259914,0.11311754442874006
34,4,3,case_content,business,0.0,0.0
34,5,4,founder,studio,0.0,0.0
34,5,4,founder,assist,0.0712171459023632,1.4407828540976368
34,5,4,founder,business,0.0,0.0
34,5,4,partners,studio,0.0,0.0
34,5,4,partners,assist,0.024926001065827125,0.5042739989341729
34,5,4,partners,business,0.0,0.0
34,5,4,case_content,studio,0.0,0.0
34,5,4,case_content,assist,0.005563839523622126,0.11256116047637785
34,5,4,case_content,business,0.0,0.0
34,6,5,founder,studio,0.0,0.0
34,6,5,founder,assist,0.07913016211373688,1.4328698378862632
34,6,5,founder,business,0.0,0.0
34,6,5,partners,studio,0.0,0.0
34,6,5,partners,assist,0.027695556739807916,0.5015044432601922
34,6,5,partners,business,0.0,0.0
34,6,5,case_content,studio,0.0,0.0
34,6,5,case_content,assist,0.0061820439151356954,0.11194295608486428
34,6,5,case_content,business,0.0,0.0
34,7,6,founder,studio,0.0,0.0
34,7,6,founder,assist,0.08792240234859654,1.4240775976514035
34,7,6,founder,business,0.0,0.0
34,7,6,partners,studio,0.0,0.0
34,7,6,partners,assist,0.030772840822008797,0.49842715917799124
34,7,6,partners,business,0.0,0.0
34,7,6,case_content,studio,0.0,0.0
34,7,6,case_content,assist,0.006868937683484106,0.11125606231651587
34,7,6,case_content,business,0.0,0.0
34,8,7,founder,studio,0.0,0.0
34,8,7,founder,assist,0.09769155816510726,1.4143084418348928
34,8,7,founder,business,0.0,0.0
34,8,7,partners,studio,0.0,0.0
34,8,7,partners,assist,0.034192045357787554,0.4950079546422125
34,8,7,partners,business,0.0,0.0
34,8,7,case_content,studio,0.0,0.0
34,8,7,case_content,assist,0.007632152981649007,0.11049284701835096
34,8,7,case_content,business,0.0,0.0
34,9,8,founder,studio,0.0,0.0
34,9,8,founder,assist,0.10854617573900807,1.403453824260992
34,9,8,founder,business,0.0,0.0
34,9,8,partners,studio,0.0,0.0
34,9,8,partners,assist,0.03799116150865284,0.49120883849134717
34,9,8,partners,business,0.0,0.0
34,9,8,case_content,studio,0.0,0.0
34,9,8,case_content,assist,0.008480169979610009,0.10964483002038997
34,9,8,case_content,business,0.0,0.0
34,10,9,founder,studio,0.0,0.0
34,10,9,founder,assist,0.12060686193223119,1.3913931380677689
34,10,9,founder,business,0.0,0.0
34,10,9,partners,studio,0.0,0.0
34,10,9,partners,assist,0.04221240167628093,0.4869875983237191
34,10,9,partners,business,0.0,0.0
34,10,9,case_content,studio,0.0,0.0
34,10,9,case_content,assist,0.009422411088455564,0.10870258891154441
34,10,9,case_content,business,0.0,0.0
34,11,10,founder,studio,0.0,0.0
34,11,10,founder,assist,0.13400762436914576,1.3779923756308543
34,11,10,founder,business,0.0,0.0
34,11,10,partners,studio,0.0,0.0
34,11,10,partners,assist,0.04690266852920103,0.48229733147079895
34,11,10,partners,business,0.0,0.0
34,11,10,case_content,studio,0.0,0.0
34,11,10,case_content,assist,0.010469345653839515,0.10765565434616046
34,11,10,case_content,business,0.0,0.0
34,12,11,founder,studio,0.0,0.0
34,12,11,founder,assist,0.14889736041016197,1.363102639589838
34,12,11,founder,business,0.0,0.0
34,12,11,partners,studio,0.0,0.0
34,12,11,partners,assist,0.052114076143556703,0.4770859238564433
34,12,11,partners,business,0.0,0.0
34,12,11,case_content,studio,0.0,0.0
34,12,11,case_content,assist,0.011632606282043906,0.10649239371795607
34,12,11,case_content,business,0.0,0.0
34,13,12,founder,studio,0.0,0.0
34,13,12,founder,assist,0.16544151156684664,1.3465584884331534
34,13,12,founder,business,0.0,0.0
34,13,12,partners,studio,0.0,0.0
34,13,12,partners,assist,0.05790452904839634,0.4712954709516036
34,13,12,partners,business,0.0,0.0
34,13,12,case_content,studio,0.0,0.0
34,13,12,case_content,assist,0.012925118091159895,0.10519988190884008
34,13,12,case_content,business,0.0,0.0
34,14,13,founder,studio,0.0,0.0
34,14,13,founder,assist,0.1838239017409407,1.3281760982590594
34,14,13,founder,business,0.0,0.0
34,14,13,partners,studio,0.0,0.0
34,14,13,partners,assist,0.06433836560932926,0.4648616343906707
34,14,13,partners,business,0.0,0.0
34,14,13,case_content,studio,0.0,0.0
34,14,13,case_content,assist,0.014361242323510996,0.10376375767648899
34,14,13,case_content,business,0.0,0.0
34,15,14,founder,studio,0.0,0.0
34,15,14,founder,assist,0.20424877971215635,1.3077512202878436
34,15,14,founder,business,0.0,0.0
34,15,14,partners,studio,0.0,0.0
34,15,14,partners,assist,0.07148707289925474,0.45771292710074524
34,15,14,partners,business,0.0,0.0
34,15,14,case_content,studio,0.0,0.0
34,15,14,case_content,assist,0.015956935915012217,0.10216806408498777
34,15,14,case_content,business,0.0,0.0
34,16,15,founder,studio,0.0,0.0
34,16,15,founder,assist,0.22694308856906262,1.2850569114309374
34,16,15,founder,business,0.0,0.0
34,16,15,partners,studio,0.0,0.0
34,16,15,partners,assist,0.07943008099917193,0.449769919000828
34,16,15,partners,business,0.0,0.0
34,16,15,case_content,studio,0.0,0.0
34,16,15,case_content,assist,0.01772992879445802,0.10039507120554197
34,16,15,case_content,business,0.0,0.0
34,17,16,founder,studio,0.0,0.0
34,17,16,founder,assist,0.25215898729895847,1.2598410127010415
34,17,16,founder,business,0.0,0.0
34,17,16,partners,studio,0.0,0.0
34,17,16,partners,assist,0.08825564555463547,0.44094435444536445
34,17,16,partners,business,0.0,0.0
34,17,16,case_content,studio,0.0,0.0
34,17,16,case_content,assist,0.01969992088273113,0.09842507911726886
34,17,16,case_content,business,0.0,0.0
34,18,17,founder,studio,0.0,0.0
34,18,17,founder,assist,0.28017665255439833,1.2318233474456017
34,18,17,founder,business,0.0,0.0
34,18,17,partners,studio,0.0,0.0
34,18,17,partners,assist,0.09806182839403942,0.4311381716059605
34,18,17,partners,business,0.0,0.0
34,18,17,case_content,studio,0.0,0.0
34,18,17,case_content,assist,0.02188880098081237,0.09623619901918762
34,18,17,case_content,business,0.0,0.0
34,19,18,founder,studio,0.0,0.0
34,19,18,founder,assist,0.31130739172710925,1.2006926082728908
34,19,18,founder,business,0.0,0.0
34,19,18,partners,studio,0.0,0.0
34,19,18,partners,assist,0.10895758710448825,0.4202424128955117
34,19,18,partners,business,0.0,0.0
34,19,18,case_content,studio,0.0,0.0
34,19,18,case_content,assist,0.02432088997868041,0.09380411002131958
34,19,18,case_content,business,0.0,0.0
34,20,19,founder,studio,0.0,0.0
34,20,19,founder,assist,0.3458971019190103,1.1661028980809898
34,20,19,founder,business,0.0,0.0
34,20,19,partners,studio,0.0,0.0
34,20,19,partners,assist,0.1210639856716536,0.4081360143283463
34,20,19,partners,business,0.0,0.0
34,20,19,case_content,studio,0.0,0.0
34,20,19,case_content,assist,0.02702321108742268,0.09110178891257731
34,20,19,case_content,business,0.0,0.0
34,21,20,founder,studio,0.0,0.0
34,21,20,founder,assist,0.38433011324334476,1.1276698867566552
34,21,20,founder,business,0.0,0.0
34,21,20,partners,studio,0.0,0.0
34,21,20,partners,assist,0.13451553963517068,0.39468446036482924
34,21,20,partners,business,0.0,0.0
34,21,20,case_content,studio,0.0,0.0
34,21,20,case_content,assist,0.03002579009713631,0.08809920990286367
34,21,20,case_content,business,0.0,0.0
34,22,21,founder,studio,0.0,0.0
34,22,21,founder,assist,0.42703345915927193,1.084966540840728
34,22,21,founder,business,0.0,0.0
34,22,21,partners,studio,0.0,0.0
34,22,21,partners,assist,0.1494617107057452,0.37973828929425474
34,22,21,partners,business,0.0,0.0
34,22,21,case_content,studio,0.0,0.0
34,22,21,case_content,assist,0.03336198899681812,0.08476301100318186
34,22,21,case_content,business,0.0,0.0
34,23,22,founder,studio,0.0,0.0
34,23,22,founder,assist,0.4744816212880799,1.03751837871192
34,23,22,founder,business,0.0,0.0
34,23,22,partners,studio,0.0,0.0
34,23,22,partners,assist,0.16606856745082801,0.36313143254917196
34,23,22,partners,business,0.0,0.0
34,23,22,case_content,studio,0.0,0.0
34,23,22,case_content,assist,0.037068876663131245,0.08105612333686874
34,23,22,case_content,business,0.0,0.0
34,24,23,founder,studio,0.0,0.0
34,24,23,founder,assist,0.5272018014311999,0.9847981985687999
34,24,23,founder,business,0.0,0.0
34,24,23,partners,studio,0.0,0.0
34,24,23,partners,assist,0.18452063050092002,0.34467936949907996
34,24,23,partners,business,0.0,0.0
34,24,23,case_content,studio,0.0,0.0
34,24,23,case_content,assist,0.04118764073681249,0.07693735926318748
34,24,23,case_content,business,0.0,0.0
34,25,24,founder,studio,0.0,0.0
34,25,24,founder,assist,0.5857797793679999,0.9262202206319999
34,25,24,founder,business,0.0,0.0
34,25,24,partners,studio,0.0,0.0
34,25,24,partners,assist,0.20502292277880002,0.3241770772212
34,25,24,partners,business,0.0,0.0
34,25,24,case_content,studio,0.0,0.0
34,25,24,case_content,assist,0.04576404526312499,0.07236095473687498
34,25,24,case_content,business,0.0,0.0
34,26,25,founder,studio,0.0,0.0
34,26,25,founder,assist,0.6508664215199998,0.8611335784799999
34,26,25,founder,business,0.0,0.0
34,26,25,partners,studio,0.0,0.0
34,26,25,partners,assist,0.227803247532,0.30139675246799996
34,26,25,partners,business,0.0,0.0
34,26,25,case_content,studio,0.0,0.0
34,26,25,case_content,assist,0.05084893918124999,0.06727606081874998
34,26,25,case_content,business,0.0,0.0
34,27,26,founder,studio,0.0,0.0
34,27,26,founder,assist,0.7231849127999999,0.7888150871999999
34,27,26,founder,business,0.0,0.0
34,27,26,partners,studio,0.0,0.0
34,27,26,partners,assist,0.25311471948,0.27608528052
34,27,26,partners,business,0.0,0.0
34,27,26,case_content,studio,0.0,0.0
34,27,26,case_content,assist,0.05649882131249999,0.06162617868749999
34,27,26,case_content,business,0.0,0.0
34,28,27,founder,studio,0.0,0.0
34,28,27,founder,assist,0.8035387919999999,0.7084612079999999
34,28,27,founder,business,0.0,0.0
34,28,27,partners,studio,0.0,0.0
34,28,27,partners,assist,0.2812385772,0.2479614228
34,28,27,partners,business,0.0,0.0
34,28,27,case_content,studio,0.0,0.0
34,28,27,case_content,assist,0.06277646812499998,0.055348531874999995
34,28,27,case_content,business,0.0,0.0
34,29,28,founder,studio,0.0,0.0
34,29,28,founder,assist,0.8928208799999999,0.6191791199999999
34,29,28,founder,business,0.0,0.0
34,29,28,partners,studio,0.0,0.0
34,29,28,partners,assist,0.312487308,0.21671269199999998
34,29,28,partners,business,0.0,0.0
34,29,28,case_content,studio,0.0,0.0
34,29,28,case_content,assist,0.06975163124999999,0.04837336874999999
34,29,28,case_content,business,0.0,0.0
34,30,29,founder,studio,0.0,0.0
34,30,29,founder,assist,0.9920231999999999,0.5199767999999999
34,30,29,founder,business,0.0,0.0
34,30,29,partners,studio,0.0,0.0
34,30,29,partners,assist,0.34720812,0.18199188
34,30,29,partners,business,0.0,0.0
34,30,29,case_content,studio,0.0,0.0
34,30,29,case_content,assist,0.07750181249999999,0.04062318749999999
34,30,29,case_content,business,0.0,0.0
34,31,30,founder,studio,0.0,0.0
34,31,30,founder,assist,1.102248,0.40975199999999995
34,31,30,founder,business,0.0,0.0
34,31,30,partners,studio,0.0,0.0
34,31,30,partners,assist,0.3857868,0.1434132
34,31,30,partners,business,0.0,0.0
34,31,30,case_content,studio,0.0,0.0
34,31,30,case_content,assist,0.08611312499999998,0.032011874999999995
34,31,30,case_content,business,0.0,0.0
34,32,31,founder,studio,0.0,0.0
34,32,31,founder,assist,1.2247199999999998,0.28728
34,32,31,founder,business,0.0,0.0
34,32,31,partners,studio,0.0,0.0
34,32,31,partners,assist,0.428652,0.100548
34,32,31,partners,business,0.0,0.0
34,32,31,case_content,studio,0.0,0.0
34,32,31,case_content,assist,0.09568124999999998,0.02244375
34,32,31,case_content,business,0.0,0.0
34,33,32,founder,studio,0.0,0.0
34,33,32,founder,assist,1.3607999999999998,0.1512
34,33,32,founder,business,0.0,0.0
34,33,32,partners,studio,0.0,0.0
34,33,32,partners,assist,0.47628,0.05292
34,33,32,partners,business,0.0,0.0
34,33,32,case_content,studio,0.0,0.0
34,33,32,case_content,assist,0.10631249999999998,0.011812499999999998
34,33,32,case_content,business,0.0,0.0
34,34,33,founder,studio,0.0,0
34,34,33,founder,assist,1.5119999999999998,0
34,34,33,founder,business,0.0,0
34,34,33,partners,studio,0.0,0
34,34,33,partners,assist,0.5292,0
34,34,33,partners,business,0.0,0
34,34,33,case_content,studio,0.0,0
34,34,33,case_content,assist,0.11812499999999998,0
34,34,33,case_content,business,0.0,0
35,2,1,founder,studio,0.0,0.0
35,2,1,founder,assist,0.04672556942654049,1.4652744305734595
35,2,1,founder,business,0.0,0.0
35,2,1,partners,studio,0.0,0.0
35,2,1,partners,assist,0.016353949299289176,0.5128460507007108
35,2,1,partners,business,0.0,0.0
35,2,1,case_content,studio,0.0,0.0
35,2,1,case_content,assist,0.0036504351114484764,0.1144745648885515
35,2,1,case_content,business,0.0,0.0
35,3,2,founder,studio,0.0,0.0
35,3,2,founder,assist,0.051917299362822765,1.4600827006371773
35,3,2,founder,business,0.0,0.0
35,3,2,partners,studio,0.0,0.0
35,3,2,partners,assist,0.018171054776987973,0.511028945223012
35,3,2,partners,business,0.0,0.0
35,3,2,case_content,studio,0.0,0.0
35,3,2,case_content,assist,0.0040560390127205295,0.11406896098727945
35,3,2,case_content,business,0.0,0.0
35,4,3,founder,studio,0.0,0.0
35,4,3,founder,assist,0.057685888180914184,1.4543141118190859
35,4,3,founder,business,0.0,0.0
35,4,3,partners,studio,0.0,0.0
35,4,3,partners,assist,0.02019006086331997,0.50900993913668
35,4,3,partners,business,0.0,0.0
35,4,3,case_content,studio,0.0,0.0
35,4,3,case_content,assist,0.004506710014133922,0.11361828998586605
35,4,3,case_content,business,0.0,0.0
35,5,4,founder,studio,0.0,0.0
35,5,4,founder,assist,0.06409543131212687,1.447904568687873
35,5,4,founder,business,0.0,0.0
35,5,4,partners,studio,0.0,0.0
35,5,4,partners,assist,0.022433400959244412,0.5067665990407556
35,5,4,partners,business,0.0,0.0
35,5,4,case_content,studio,0.0,0.0
35,5,4,case_content,assist,0.005007455571259914,0.11311754442874006
35,5,4,case_content,business,0.0,0.0
35,6,5,founder,studio,0.0,0.0
35,6,5,founder,assist,0.0712171459023632,1.4407828540976368
35,6,5,founder,business,0.0,0.0
35,6,5,partners,studio,0.0,0.0
35,6,5,partners,assist,0.024926001065827125,0.5042739989341729
35,6,5,partners,business,0.0,0.0
35,6,5,case_content,studio,0.0,0.0
35,6,5,case_content,assist,0.005563839523622126,0.11256116047637785
35,6,5,case_content,business,0.0,0.0
35,7,6,founder,studio,0.0,0.0
35,7,6,founder,assist,0.07913016211373688,1.4328698378862632
35,7,6,founder,business,0.0,0.0
35,7,6,partners,studio,0.0,0.0
35,7,6,partners,assist,0.027695556739807916,0.5015044432601922
35,7,6,partners,business,0.0,0.0
35,7,6,case_content,studio,0.0,0.0
35,7,6,case_content,assist,0.0061820439151356954,0.11194295608486428
35,7,6,case_content,business,0.0,0.0
35,8,7,founder,studio,0.0,0.0
35,8,7,founder,assist,0.08792240234859654,1.4240775976514035
35,8,7,founder,business,0.0,0.0
35,8,7,partners,studio,0.0,0.0
35,8,7,partners,assist,0.030772840822008797,0.49842715917799124
35,8,7,partners,business,0.0,0.0
35,8,7,case_content,studio,0.0,0.0
35,8,7,case_content,assist,0.006868937683484106,0.11125606231651587
35,8,7,case_content,business,0.0,0.0
35,9,8,founder,studio,0.0,0.0
35,9,8,founder,assist,0.09769155816510726,1.4143084418348928
35,9,8,founder,business,0.0,0.0
35,9,8,partners,studio,0.0,0.0
35,9,8,partners,assist,0.034192045357787554,0.4950079546422125
35,9,8,partners,business,0.0,0.0
35,9,8,case_content,studio,0.0,0.0
35,9,8,case_content,assist,0.007632152981649007,0.11049284701835096
35,9,8,case_content,business,0.0,0.0
35,10,9,founder,studio,0.0,0.0
35,10,9,founder,assist,0.10854617573900807,1.403453824260992
35,10,9,founder,business,0.0,0.0
35,10,9,partners,studio,0.0,0.0
35,10,9,partners,assist,0.03799116150865284,0.49120883849134717
35,10,9,partners,business,0.0,0.0
35,10,9,case_content,studio,0.0,0.0
35,10,9,case_content,assist,0.008480169979610009,0.10964483002038997
35,10,9,case_content,business,0.0,0.0
35,11,10,founder,studio,0.0,0.0
35,11,10,founder,assist,0.12060686193223119,1.3913931380677689
35,11,10,founder,business,0.0,0.0
35,11,10,partners,studio,0.0,0.0
35,11,10,partners,assist,0.04221240167628093,0.4869875983237191
35,11,10,partners,business,0.0,0.0
35,11,10,case_content,studio,0.0,0.0
35,11,10,case_content,assist,0.009422411088455564,0.10870258891154441
35,11,10,case_content,business,0.0,0.0
35,12,11,founder,studio,0.0,0.0
35,12,11,founder,assist,0.13400762436914576,1.3779923756308543
35,12,11,founder,business,0.0,0.0
35,12,11,partners,studio,0.0,0.0
35,12,11,partners,assist,0.04690266852920103,0.48229733147079895
35,12,11,partners,business,0.0,0.0
35,12,11,case_content,studio,0.0,0.0
35,12,11,case_content,assist,0.010469345653839515,0.10765565434616046
35,12,11,case_content,business,0.0,0.0
35,13,12,founder,studio,0.0,0.0
35,13,12,founder,assist,0.14889736041016197,1.363102639589838
35,13,12,founder,business,0.0,0.0
35,13,12,partners,studio,0.0,0.0
35,13,12,partners,assist,0.052114076143556703,0.4770859238564433
35,13,12,partners,business,0.0,0.0
35,13,12,case_content,studio,0.0,0.0
35,13,12,case_content,assist,0.011632606282043906,0.10649239371795607
35,13,12,case_content,business,0.0,0.0
35,14,13,founder,studio,0.0,0.0
35,14,13,founder,assist,0.16544151156684664,1.3465584884331534
35,14,13,founder,business,0.0,0.0
35,14,13,partners,studio,0.0,0.0
35,14,13,partners,assist,0.05790452904839634,0.4712954709516036
35,14,13,partners,business,0.0,0.0
35,14,13,case_content,studio,0.0,0.0
35,14,13,case_content,assist,0.012925118091159895,0.10519988190884008
35,14,13,case_content,business,0.0,0.0
35,15,14,founder,studio,0.0,0.0
35,15,14,founder,assist,0.1838239017409407,1.3281760982590594
35,15,14,founder,business,0.0,0.0
35,15,14,partners,studio,0.0,0.0
35,15,14,partners,assist,0.06433836560932926,0.4648616343906707
35,15,14,partners,business,0.0,0.0
35,15,14,case_content,studio,0.0,0.0
35,15,14,case_content,assist,0.014361242323510996,0.10376375767648899
35,15,14,case_content,business,0.0,0.0
35,16,15,founder,studio,0.0,0.0
35,16,15,founder,assist,0.20424877971215635,1.3077512202878436
35,16,15,founder,business,0.0,0.0
35,16,15,partners,studio,0.0,0.0
35,16,15,partners,assist,0.07148707289925474,0.45771292710074524
35,16,15,partners,business,0.0,0.0
35,16,15,case_content,studio,0.0,0.0
35,16,15,case_content,assist,0.015956935915012217,0.10216806408498777
35,16,15,case_content,business,0.0,0.0
35,17,16,founder,studio,0.0,0.0
35,17,16,founder,assist,0.22694308856906262,1.2850569114309374
35,17,16,founder,business,0.0,0.0
35,17,16,partners,studio,0.0,0.0
35,17,16,partners,assist,0.07943008099917193,0.449769919000828
35,17,16,partners,business,0.0,0.0
35,17,16,case_content,studio,0.0,0.0
35,17,16,case_content,assist,0.01772992879445802,0.10039507120554197
35,17,16,case_content,business,0.0,0.0
35,18,17,founder,studio,0.0,0.0
35,18,17,founder,assist,0.25215898729895847,1.2598410127010415
35,18,17,founder,business,0.0,0.0
35,18,17,partners,studio,0.0,0.0
35,18,17,partners,assist,0.08825564555463547,0.44094435444536445
35,18,17,partners,business,0.0,0.0
35,18,17,case_content,studio,0.0,0.0
35,18,17,case_content,assist,0.01969992088273113,0.09842507911726886
35,18,17,case_content,business,0.0,0.0
35,19,18,founder,studio,0.0,0.0
35,19,18,founder,assist,0.28017665255439833,1.2318233474456017
35,19,18,founder,business,0.0,0.0
35,19,18,partners,studio,0.0,0.0
35,19,18,partners,assist,0.09806182839403942,0.4311381716059605
35,19,18,partners,business,0.0,0.0
35,19,18,case_content,studio,0.0,0.0
35,19,18,case_content,assist,0.02188880098081237,0.09623619901918762
35,19,18,case_content,business,0.0,0.0
35,20,19,founder,studio,0.0,0.0
35,20,19,founder,assist,0.31130739172710925,1.2006926082728908
35,20,19,founder,business,0.0,0.0
35,20,19,partners,studio,0.0,0.0
35,20,19,partners,assist,0.10895758710448825,0.4202424128955117
35,20,19,partners,business,0.0,0.0
35,20,19,case_content,studio,0.0,0.0
35,20,19,case_content,assist,0.02432088997868041,0.09380411002131958
35,20,19,case_content,business,0.0,0.0
35,21,20,founder,studio,0.0,0.0
35,21,20,founder,assist,0.3458971019190103,1.1661028980809898
35,21,20,founder,business,0.0,0.0
35,21,20,partners,studio,0.0,0.0
35,21,20,partners,assist,0.1210639856716536,0.4081360143283463
35,21,20,partners,business,0.0,0.0
35,21,20,case_content,studio,0.0,0.0
35,21,20,case_content,assist,0.02702321108742268,0.09110178891257731
35,21,20,case_content,business,0.0,0.0
35,22,21,founder,studio,0.0,0.0
35,22,21,founder,assist,0.38433011324334476,1.1276698867566552
35,22,21,founder,business,0.0,0.0
35,22,21,partners,studio,0.0,0.0
35,22,21,partners,assist,0.13451553963517068,0.39468446036482924
35,22,21,partners,business,0.0,0.0
35,22,21,case_content,studio,0.0,0.0
35,22,21,case_content,assist,0.03002579009713631,0.08809920990286367
35,22,21,case_content,business,0.0,0.0
35,23,22,founder,studio,0.0,0.0
35,23,22,founder,assist,0.42703345915927193,1.084966540840728
35,23,22,founder,business,0.0,0.0
35,23,22,partners,studio,0.0,0.0
35,23,22,partners,assist,0.1494617107057452,0.37973828929425474
35,23,22,partners,business,0.0,0.0
35,23,22,case_content,studio,0.0,0.0
35,23,22,case_content,assist,0.03336198899681812,0.08476301100318186
35,23,22,case_content,business,0.0,0.0
35,24,23,founder,studio,0.0,0.0
35,24,23,founder,assist,0.4744816212880799,1.03751837871192
35,24,23,founder,business,0.0,0.0
35,24,23,partners,studio,0.0,0.0
35,24,23,partners,assist,0.16606856745082801,0.36313143254917196
35,24,23,partners,business,0.0,0.0
35,24,23,case_content,studio,0.0,0.0
35,24,23,case_content,assist,0.037068876663131245,0.08105612333686874
35,24,23,case_content,business,0.0,0.0
35,25,24,founder,studio,0.0,0.0
35,25,24,founder,assist,0.5272018014311999,0.9847981985687999
35,25,24,founder,business,0.0,0.0
35,25,24,partners,studio,0.0,0.0
35,25,24,partners,assist,0.18452063050092002,0.34467936949907996
35,25,24,partners,business,0.0,0.0
35,25,24,case_content,studio,0.0,0.0
35,25,24,case_content,assist,0.04118764073681249,0.07693735926318748
35,25,24,case_content,business,0.0,0.0
35,26,25,founder,studio,0.0,0.0
35,26,25,founder,assist,0.5857797793679999,0.9262202206319999
35,26,25,founder,business,0.0,0.0
35,26,25,partners,studio,0.0,0.0
35,26,25,partners,assist,0.20502292277880002,0.3241770772212
35,26,25,partners,business,0.0,0.0
35,26,25,case_content,studio,0.0,0.0
35,26,25,case_content,assist,0.04576404526312499,0.07236095473687498
35,26,25,case_content,business,0.0,0.0
35,27,26,founder,studio,0.0,0.0
35,27,26,founder,assist,0.6508664215199998,0.8611335784799999
35,27,26,founder,business,0.0,0.0
35,27,26,partners,studio,0.0,0.0
35,27,26,partners,assist,0.227803247532,0.30139675246799996
35,27,26,partners,business,0.0,0.0
35,27,26,case_content,studio,0.0,0.0
35,27,26,case_content,assist,0.05084893918124999,0.06727606081874998
35,27,26,case_content,business,0.0,0.0
35,28,27,founder,studio,0.0,0.0
35,28,27,founder,assist,0.7231849127999999,0.7888150871999999
35,28,27,founder,business,0.0,0.0
35,28,27,partners,studio,0.0,0.0
35,28,27,partners,assist,0.25311471948,0.27608528052
35,28,27,partners,business,0.0,0.0
35,28,27,case_content,studio,0.0,0.0
35,28,27,case_content,assist,0.05649882131249999,0.06162617868749999
35,28,27,case_content,business,0.0,0.0
35,29,28,founder,studio,0.0,0.0
35,29,28,founder,assist,0.8035387919999999,0.7084612079999999
35,29,28,founder,business,0.0,0.0
35,29,28,partners,studio,0.0,0.0
35,29,28,partners,assist,0.2812385772,0.2479614228
35,29,28,partners,business,0.0,0.0
35,29,28,case_content,studio,0.0,0.0
35,29,28,case_content,assist,0.06277646812499998,0.055348531874999995
35,29,28,case_content,business,0.0,0.0
35,30,29,founder,studio,0.0,0.0
35,30,29,founder,assist,0.8928208799999999,0.6191791199999999
35,30,29,founder,business,0.0,0.0
35,30,29,partners,studio,0.0,0.0
35,30,29,partners,assist,0.312487308,0.21671269199999998
35,30,29,partners,business,0.0,0.0
35,30,29,case_content,studio,0.0,0.0
35,30,29,case_content,assist,0.06975163124999999,0.04837336874999999
35,30,29,case_content,business,0.0,0.0
35,31,30,founder,studio,0.0,0.0
35,31,30,founder,assist,0.9920231999999999,0.5199767999999999
35,31,30,founder,business,0.0,0.0
35,31,30,partners,studio,0.0,0.0
35,31,30,partners,assist,0.34720812,0.18199188
35,31,30,partners,business,0.0,0.0
35,31,30,case_content,studio,0.0,0.0
35,31,30,case_content,assist,0.07750181249999999,0.04062318749999999
35,31,30,case_content,business,0.0,0.0
35,32,31,founder,studio,0.0,0.0
35,32,31,founder,assist,1.102248,0.40975199999999995
35,32,31,founder,business,0.0,0.0
35,32,31,partners,studio,0.0,0.0
35,32,31,partners,assist,0.3857868,0.1434132
35,32,31,partners,business,0.0,0.0
35,32,31,case_content,studio,0.0,0.0
35,32,31,case_content,assist,0.08611312499999998,0.032011874999999995
35,32,31,case_content,business,0.0,0.0
35,33,32,founder,studio,0.0,0.0
35,33,32,founder,assist,1.2247199999999998,0.28728
35,33,32,founder,business,0.0,0.0
35,33,32,partners,studio,0.0,0.0
35,33,32,partners,assist,0.428652,0.100548
35,33,32,partners,business,0.0,0.0
35,33,32,case_content,studio,0.0,0.0
35,33,32,case_content,assist,0.09568124999999998,0.02244375
35,33,32,case_content,business,0.0,0.0
35,34,33,founder,studio,0.0,0.0
35,34,33,founder,assist,1.3607999999999998,0.1512
35,34,33,founder,business,0.0,0.0
35,34,33,partners,studio,0.0,0.0
35,34,33,partners,assist,0.47628,0.05292
35,34,33,partners,business,0.0,0.0
35,34,33,case_content,studio,0.0,0.0
35,34,33,case_content,assist,0.10631249999999998,0.011812499999999998
35,34,33,case_content,business,0.0,0.0
35,35,34,founder,studio,0.0,0
35,35,34,founder,assist,1.5119999999999998,0
35,35,34,founder,business,0.0,0
35,35,34,partners,studio,0.0,0
35,35,34,partners,assist,0.5292,0
35,35,34,partners,business,0.0,0
35,35,34,case_content,studio,0.0,0
35,35,34,case_content,assist,0.11812499999999998,0
35,35,34,case_content,business,0.0,0
36,2,1,founder,studio,0.0,0.0
36,2,1,founder,assist,0.042053012483886446,1.4699469875161135
36,2,1,founder,business,0.0,0.0
36,2,1,partners,studio,0.0,0.0
36,2,1,partners,assist,0.01471855436936026,0.5144814456306397
36,2,1,partners,business,0.0,0.0
36,2,1,case_content,studio,0.0,0.0
36,2,1,case_content,assist,0.0032853916003036288,0.11483960839969634
36,2,1,case_content,business,0.0,0.0
36,3,2,founder,studio,0.0,0.0
36,3,2,founder,assist,0.04672556942654049,1.4652744305734595
36,3,2,founder,business,0.0,0.0
36,3,2,partners,studio,0.0,0.0
36,3,2,partners,assist,0.016353949299289176,0.5128460507007108
36,3,2,partners,business,0.0,0.0
36,3,2,case_content,studio,0.0,0.0
36,3,2,case_content,assist,0.0036504351114484764,0.1144745648885515
36,3,2,case_content,business,0.0,0.0
36,4,3,founder,studio,0.0,0.0
36,4,3,founder,assist,0.051917299362822765,1.4600827006371773
36,4,3,founder,business,0.0,0.0
36,4,3,partners,studio,0.0,0.0
36,4,3,partners,assist,0.018171054776987973,0.511028945223012
36,4,3,partners,business,0.0,0.0
36,4,3,case_content,studio,0.0,0.0
36,4,3,case_content,assist,0.0040560390127205295,0.11406896098727945
36,4,3,case_content,business,0.0,0.0
36,5,4,founder,studio,0.0,0.0
36,5,4,founder,assist,0.057685888180914184,1.4543141118190859
36,5,4,founder,business,0.0,0.0
36,5,4,partners,studio,0.0,0.0
36,5,4,partners,assist,0.02019006086331997,0.50900993913668
36,5,4,partners,business,0.0,0.0
36,5,4,case_content,studio,0.0,0.0
36,5,4,case_content,assist,0.004506710014133922,0.11361828998586605
36,5,4,case_content,business,0.0,0.0
36,6,5,founder,studio,0.0,0.0
36,6,5,founder,assist,0.06409543131212687,1.447904568687873
36,6,5,founder,business,0.0,0.0
36,6,5,partners,studio,0.0,0.0
36,6,5,partners,assist,0.022433400959244412,0.5067665990407556
36,6,5,partners,business,0.0,0.0
36,6,5,case_content,studio,0.0,0.0
36,6,5,case_content,assist,0.005007455571259914,0.11311754442874006
36,6,5,case_content,business,0.0,0.0
36,7,6,founder,studio,0.0,0.0
36,7,6,founder,assist,0.0712171459023632,1.4407828540976368
36,7,6,founder,business,0.0,0.0
36,7,6,partners,studio,0.0,0.0
36,7,6,partners,assist,0.024926001065827125,0.5042739989341729
36,7,6,partners,business,0.0,0.0
36,7,6,case_content,studio,0.0,0.0
36,7,6,case_content,assist,0.005563839523622126,0.11256116047637785
36,7,6,case_content,business,0.0,0.0
36,8,7,founder,studio,0.0,0.0
36,8,7,founder,assist,0.07913016211373688,1.4328698378862632
36,8,7,founder,business,0.0,0.0
36,8,7,partners,studio,0.0,0.0
36,8,7,partners,assist,0.027695556739807916,0.5015044432601922
36,8,7,partners,business,0.0,0.0
36,8,7,case_content,studio,0.0,0.0
36,8,7,case_content,assist,0.0061820439151356954,0.11194295608486428
36,8,7,case_content,business,0.0,0.0
36,9,8,founder,studio,0.0,0.0
36,9,8,founder,assist,0.08792240234859654,1.4240775976514035
36,9,8,founder,business,0.0,0.0
36,9,8,partners,studio,0.0,0.0
36,9,8,partners,assist,0.030772840822008797,0.49842715917799124
36,9,8,partners,business,0.0,0.0
36,9,8,case_content,studio,0.0,0.0
36,9,8,case_content,assist,0.006868937683484106,0.11125606231651587
36,9,8,case_content,business,0.0,0.0
36,10,9,founder,studio,0.0,0.0
36,10,9,founder,assist,0.09769155816510726,1.4143084418348928
36,10,9,founder,business,0.0,0.0
36,10,9,partners,studio,0.0,0.0
36,10,9,partners,assist,0.034192045357787554,0.4950079546422125
36,10,9,partners,business,0.0,0.0
36,10,9,case_content,studio,0.0,0.0
36,10,9,case_content,assist,0.007632152981649007,0.11049284701835096
36,10,9,case_content,business,0.0,0.0
36,11,10,founder,studio,0.0,0.0
36,11,10,founder,assist,0.10854617573900807,1.403453824260992
36,11,10,founder,business,0.0,0.0
36,11,10,partners,studio,0.0,0.0
36,11,10,partners,assist,0.03799116150865284,0.49120883849134717
36,11,10,partners,business,0.0,0.0
36,11,10,case_content,studio,0.0,0.0
36,11,10,case_content,assist,0.008480169979610009,0.10964483002038997
36,11,10,case_content,business,0.0,0.0
36,12,11,founder,studio,0.0,0.0
36,12,11,founder,assist,0.12060686193223119,1.3913931380677689
36,12,11,founder,business,0.0,0.0
36,12,11,partners,studio,0.0,0.0
36,12,11,partners,assist,0.04221240167628093,0.4869875983237191
36,12,11,partners,business,0.0,0.0
36,12,11,case_content,studio,0.0,0.0
36,12,11,case_content,assist,0.009422411088455564,0.10870258891154441
36,12,11,case_content,business,0.0,0.0
36,13,12,founder,studio,0.0,0.0
36,13,12,founder,assist,0.13400762436914576,1.3779923756308543
36,13,12,founder,business,0.0,0.0
36,13,12,partners,studio,0.0,0.0
36,13,12,partners,assist,0.04690266852920103,0.48229733147079895
36,13,12,partners,business,0.0,0.0
36,13,12,case_content,studio,0.0,0.0
36,13,12,case_content,assist,0.010469345653839515,0.10765565434616046
36,13,12,case_content,business,0.0,0.0
36,14,13,founder,studio,0.0,0.0
36,14,13,founder,assist,0.14889736041016197,1.363102639589838
36,14,13,founder,business,0.0,0.0
36,14,13,partners,studio,0.0,0.0
36,14,13,partners,assist,0.052114076143556703,0.4770859238564433
36,14,13,partners,business,0.0,0.0
36,14,13,case_content,studio,0.0,0.0
36,14,13,case_content,assist,0.011632606282043906,0.10649239371795607
36,14,13,case_content,business,0.0,0.0
36,15,14,founder,studio,0.0,0.0
36,15,14,founder,assist,0.16544151156684664,1.3465584884331534
36,15,14,founder,business,0.0,0.0
36,15,14,partners,studio,0.0,0.0
36,15,14,partners,assist,0.05790452904839634,0.4712954709516036
36,15,14,partners,business,0.0,0.0
36,15,14,case_content,studio,0.0,0.0
36,15,14,case_content,assist,0.012925118091159895,0.10519988190884008
36,15,14,case_content,business,0.0,0.0
36,16,15,founder,studio,0.0,0.0
36,16,15,founder,assist,0.1838239017409407,1.3281760982590594
36,16,15,founder,business,0.0,0.0
36,16,15,partners,studio,0.0,0.0
36,16,15,partners,assist,0.06433836560932926,0.4648616343906707
36,16,15,partners,business,0.0,0.0
36,16,15,case_content,studio,0.0,0.0
36,16,15,case_content,assist,0.014361242323510996,0.10376375767648899
36,16,15,case_content,business,0.0,0.0
36,17,16,founder,studio,0.0,0.0
36,17,16,founder,assist,0.20424877971215635,1.3077512202878436
36,17,16,founder,business,0.0,0.0
36,17,16,partners,studio,0.0,0.0
36,17,16,partners,assist,0.07148707289925474,0.45771292710074524
36,17,16,partners,business,0.0,0.0
36,17,16,case_content,studio,0.0,0.0
36,17,16,case_content,assist,0.015956935915012217,0.10216806408498777
36,17,16,case_content,business,0.0,0.0
36,18,17,founder,studio,0.0,0.0
36,18,17,founder,assist,0.22694308856906262,1.2850569114309374
36,18,17,founder,business,0.0,0.0
36,18,17,partners,studio,0.0,0.0
36,18,17,partners,assist,0.07943008099917193,0.449769919000828
36,18,17,partners,business,0.0,0.0
36,18,17,case_content,studio,0.0,0.0
36,18,17,case_content,assist,0.01772992879445802,0.10039507120554197
36,18,17,case_content,business,0.0,0.0
36,19,18,founder,studio,0.0,0.0
36,19,18,founder,assist,0.25215898729895847,1.2598410127010415
36,19,18,founder,business,0.0,0.0
36,19,18,partners,studio,0.0,0.0
36,19,18,partners,assist,0.08825564555463547,0.44094435444536445
36,19,18,partners,business,0.0,0.0
36,19,18,case_content,studio,0.0,0.0
36,19,18,case_content,assist,0.01969992088273113,0.09842507911726886
36,19,18,case_content,business,0.0,0.0
36,20,19,founder,studio,0.0,0.0
36,20,19,founder,assist,0.28017665255439833,1.2318233474456017
36,20,19,founder,business,0.0,0.0
36,20,19,partners,studio,0.0,0.0
36,20,19,partners,assist,0.09806182839403942,0.4311381716059605
36,20,19,partners,business,0.0,0.0
36,20,19,case_content,studio,0.0,0.0
36,20,19,case_content,assist,0.02188880098081237,0.09623619901918762
36,20,19,case_content,business,0.0,0.0
36,21,20,founder,studio,0.0,0.0
36,21,20,founder,assist,0.31130739172710925,1.2006926082728908
36,21,20,founder,business,0.0,0.0
36,21,20,partners,studio,0.0,0.0
36,21,20,partners,assist,0.10895758710448825,0.4202424128955117
36,21,20,partners,business,0.0,0.0
36,21,20,case_content,studio,0.0,0.0
36,21,20,case_content,assist,0.02432088997868041,0.09380411002131958
36,21,20,case_content,business,0.0,0.0
36,22,21,founder,studio,0.0,0.0
36,22,21,founder,assist,0.3458971019190103,1.1661028980809898
36,22,21,founder,business,0.0,0.0
36,22,21,partners,studio,0.0,0.0
36,22,21,partners,assist,0.1210639856716536,0.4081360143283463
36,22,21,partners,business,0.0,0.0
36,22,21,case_content,studio,0.0,0.0
36,22,21,case_content,assist,0.02702321108742268,0.09110178891257731
36,22,21,case_content,business,0.0,0.0
36,23,22,founder,studio,0.0,0.0
36,23,22,founder,assist,0.38433011324334476,1.1276698867566552
36,23,22,founder,business,0.0,0.0
36,23,22,partners,studio,0.0,0.0
36,23,22,partners,assist,0.13451553963517068,0.39468446036482924
36,23,22,partners,business,0.0,0.0
36,23,22,case_content,studio,0.0,0.0
36,23,22,case_content,assist,0.03002579009713631,0.08809920990286367
36,23,22,case_content,business,0.0,0.0
36,24,23,founder,studio,0.0,0.0
36,24,23,founder,assist,0.42703345915927193,1.084966540840728
36,24,23,founder,business,0.0,0.0
36,24,23,partners,studio,0.0,0.0
36,24,23,partners,assist,0.1494617107057452,0.37973828929425474
36,24,23,partners,business,0.0,0.0
36,24,23,case_content,studio,0.0,0.0
36,24,23,case_content,assist,0.03336198899681812,0.08476301100318186
36,24,23,case_content,business,0.0,0.0
36,25,24,founder,studio,0.0,0.0
36,25,24,founder,assist,0.4744816212880799,1.03751837871192
36,25,24,founder,business,0.0,0.0
36,25,24,partners,studio,0.0,0.0
36,25,24,partners,assist,0.16606856745082801,0.36313143254917196
36,25,24,partners,business,0.0,0.0
36,25,24,case_content,studio,0.0,0.0
36,25,24,case_content,assist,0.037068876663131245,0.08105612333686874
36,25,24,case_content,business,0.0,0.0
36,26,25,founder,studio,0.0,0.0
36,26,25,founder,assist,0.5272018014311999,0.9847981985687999
36,26,25,founder,business,0.0,0.0
36,26,25,partners,studio,0.0,0.0
36,26,25,partners,assist,0.18452063050092002,0.34467936949907996
36,26,25,partners,business,0.0,0.0
36,26,25,case_content,studio,0.0,0.0
36,26,25,case_content,assist,0.04118764073681249,0.07693735926318748
36,26,25,case_content,business,0.0,0.0
36,27,26,founder,studio,0.0,0.0
36,27,26,founder,assist,0.5857797793679999,0.9262202206319999
36,27,26,founder,business,0.0,0.0
36,27,26,partners,studio,0.0,0.0
36,27,26,partners,assist,0.20502292277880002,0.3241770772212
36,27,26,partners,business,0.0,0.0
36,27,26,case_content,studio,0.0,0.0
36,27,26,case_content,assist,0.04576404526312499,0.07236095473687498
36,27,26,case_content,business,0.0,0.0
36,28,27,founder,studio,0.0,0.0
36,28,27,founder,assist,0.6508664215199998,0.8611335784799999
36,28,27,founder,business,0.0,0.0
36,28,27,partners,studio,0.0,0.0
36,28,27,partners,assist,0.227803247532,0.30139675246799996
36,28,27,partners,business,0.0,0.0
36,28,27,case_content,studio,0.0,0.0
36,28,27,case_content,assist,0.05084893918124999,0.06727606081874998
36,28,27,case_content,business,0.0,0.0
36,29,28,founder,studio,0.0,0.0
36,29,28,founder,assist,0.7231849127999999,0.7888150871999999
36,29,28,founder,business,0.0,0.0
36,29,28,partners,studio,0.0,0.0
36,29,28,partners,assist,0.25311471948,0.27608528052
36,29,28,partners,business,0.0,0.0
36,29,28,case_content,studio,0.0,0.0
36,29,28,case_content,assist,0.05649882131249999,0.06162617868749999
36,29,28,case_content,business,0.0,0.0
36,30,29,founder,studio,0.0,0.0
36,30,29,founder,assist,0.8035387919999999,0.7084612079999999
36,30,29,founder,business,0.0,0.0
36,30,29,partners,studio,0.0,0.0
36,30,29,partners,assist,0.2812385772,0.2479614228
36,30,29,partners,business,0.0,0.0
36,30,29,case_content,studio,0.0,0.0
36,30,29,case_content,assist,0.06277646812499998,0.055348531874999995
36,30,29,case_content,business,0.0,0.0
36,31,30,founder,studio,0.0,0.0
36,31,30,founder,assist,0.8928208799999999,0.6191791199999999
36,31,30,founder,business,0.0,0.0
36,31,30,partners,studio,0.0,0.0
36,31,30,partners,assist,0.312487308,0.21671269199999998
36,31,30,partners,business,0.0,0.0
36,31,30,case_content,studio,0.0,0.0
36,31,30,case_content,assist,0.06975163124999999,0.04837336874999999
36,31,30,case_content,business,0.0,0.0
36,32,31,founder,studio,0.0,0.0
36,32,31,founder,assist,0.9920231999999999,0.5199767999999999
36,32,31,founder,business,0.0,0.0
36,32,31,partners,studio,0.0,0.0
36,32,31,partners,assist,0.34720812,0.18199188
36,32,31,partners,business,0.0,0.0
36,32,31,case_content,studio,0.0,0.0
36,32,31,case_content,assist,0.07750181249999999,0.04062318749999999
36,32,31,case_content,business,0.0,0.0
36,33,32,founder,studio,0.0,0.0
36,33,32,founder,assist,1.102248,0.40975199999999995
36,33,32,founder,business,0.0,0.0
36,33,32,partners,studio,0.0,0.0
36,33,32,partners,assist,0.3857868,0.1434132
36,33,32,partners,business,0.0,0.0
36,33,32,case_content,studio,0.0,0.0
36,33,32,case_content,assist,0.08611312499999998,0.032011874999999995
36,33,32,case_content,business,0.0,0.0
36,34,33,founder,studio,0.0,0.0
36,34,33,founder,assist,1.2247199999999998,0.28728
36,34,33,founder,business,0.0,0.0
36,34,33,partners,studio,0.0,0.0
36,34,33,partners,assist,0.428652,0.100548
36,34,33,partners,business,0.0,0.0
36,34,33,case_content,studio,0.0,0.0
36,34,33,case_content,assist,0.09568124999999998,0.02244375
36,34,33,case_content,business,0.0,0.0
36,35,34,founder,studio,0.0,0.0
36,35,34,founder,assist,1.3607999999999998,0.1512
36,35,34,founder,business,0.0,0.0
36,35,34,partners,studio,0.0,0.0
36,35,34,partners,assist,0.47628,0.05292
36,35,34,partners,business,0.0,0.0
36,35,34,case_content,studio,0.0,0.0
36,35,34,case_content,assist,0.10631249999999998,0.011812499999999998
36,35,34,case_content,business,0.0,0.0
36,36,35,founder,studio,0.0,0
36,36,35,founder,assist,1.5119999999999998,0
36,36,35,founder,business,0.0,0
36,36,35,partners,studio,0.0,0
36,36,35,partners,assist,0.5292,0
36,36,35,partners,business,0.0,0
36,36,35,case_content,studio,0.0,0
36,36,35,case_content,assist,0.11812499999999998,0
36,36,35,case_content,business,0.0,0
