month,join_month,origin_month,channel,plan,active,lapsed
2,2,1,founder,studio,0.0,0
2,2,1,founder,assist,6.0,0
2,2,1,founder,business,0.0,0
2,2,1,partners,studio,0.0,0
2,2,1,partners,assist,2.0999999999999996,0
2,2,1,partners,business,0.0,0
2,2,1,case_content,studio,0.0,0
2,2,1,case_content,assist,0.46875,0
2,2,1,case_content,business,0.0,0
3,2,1,founder,studio,0.0,0.0
3,2,1,founder,assist,5.76,0.24
3,2,1,founder,business,0.0,0.0
3,2,1,partners,studio,0.0,0.0
3,2,1,partners,assist,2.0159999999999996,0.08399999999999999
3,2,1,partners,business,0.0,0.0
3,2,1,case_content,studio,0.0,0.0
3,2,1,case_content,assist,0.45,0.01875
3,2,1,case_content,business,0.0,0.0
3,3,2,founder,studio,0.0,0
3,3,2,founder,assist,6.24,0
3,3,2,founder,business,0.0,0
3,3,2,partners,studio,0.0,0
3,3,2,partners,assist,2.1839999999999997,0
3,3,2,partners,business,0.0,0
3,3,2,case_content,studio,0.0,0
3,3,2,case_content,assist,0.4875,0
3,3,2,case_content,business,0.0,0
4,2,1,founder,studio,0.0,0.0
4,2,1,founder,assist,5.529599999999999,0.4704
4,2,1,founder,business,0.0,0.0
4,2,1,partners,studio,0.0,0.0
4,2,1,partners,assist,1.9353599999999995,0.16463999999999998
4,2,1,partners,business,0.0,0.0
4,2,1,case_content,studio,0.0,0.0
4,2,1,case_content,assist,0.432,0.036750000000000005
4,2,1,case_content,business,0.0,0.0
4,3,2,founder,studio,0.0,0.0
4,3,2,founder,assist,5.9904,0.24960000000000002
4,3,2,founder,business,0.0,0.0
4,3,2,partners,studio,0.0,0.0
4,3,2,partners,assist,2.09664,0.08736
4,3,2,partners,business,0.0,0.0
4,3,2,case_content,studio,0.0,0.0
4,3,2,case_content,assist,0.46799999999999997,0.0195
4,3,2,case_content,business,0.0,0.0
4,4,3,founder,studio,0.0,0
4,4,3,founder,assist,6.4896,0
4,4,3,founder,business,0.0,0
4,4,3,partners,studio,0.0,0
4,4,3,partners,assist,2.27136,0
4,4,3,partners,business,0.0,0
4,4,3,case_content,studio,0.0,0
4,4,3,case_content,assist,0.507,0
4,4,3,case_content,business,0.0,0
5,2,1,founder,studio,0.0,0.0
5,2,1,founder,assist,5.308415999999999,0.691584
5,2,1,founder,business,0.0,0.0
5,2,1,partners,studio,0.0,0.0
5,2,1,partners,assist,1.8579455999999996,0.24205439999999995
5,2,1,partners,business,0.0,0.0
5,2,1,case_content,studio,0.0,0.0
5,2,1,case_content,assist,0.41472,0.05403000000000001
5,2,1,case_content,business,0.0,0.0
5,3,2,founder,studio,0.0,0.0
5,3,2,founder,assist,5.750784,0.48921600000000004
5,3,2,founder,business,0.0,0.0
5,3,2,partners,studio,0.0,0.0
5,3,2,partners,assist,2.0127743999999996,0.17122559999999998
5,3,2,partners,business,0.0,0.0
5,3,2,case_content,studio,0.0,0.0
5,3,2,case_content,assist,0.44927999999999996,0.038220000000000004
5,3,2,case_content,business,0.0,0.0
5,4,3,founder,studio,0.0,0.0
5,4,3,founder,assist,6.230016,0.25958400000000004
5,4,3,founder,business,0.0,0.0
5,4,3,partners,studio,0.0,0.0
5,4,3,partners,assist,2.1805056,0.0908544
5,4,3,partners,business,0.0,0.0
5,4,3,case_content,studio,0.0,0.0
5,4,3,case_content,assist,0.48672,0.02028
5,4,3,case_content,business,0.0,0.0
5,5,4,founder,studio,0.0,0
5,5,4,founder,assist,6.749184,0
5,5,4,founder,business,0.0,0
5,5,4,partners,studio,0.0,0
5,5,4,partners,assist,2.3622144,0
5,5,4,partners,business,0.0,0
5,5,4,case_content,studio,0.0,0
5,5,4,case_content,assist,0.52728,0
5,5,4,case_content,business,0.0,0
6,2,1,founder,studio,0.0,0.0
6,2,1,founder,assist,5.096079359999999,0.9039206399999999
6,2,1,founder,business,0.0,0.0
6,2,1,partners,studio,0.0,0.0
6,2,1,partners,assist,1.7836277759999997,0.3163722239999999
6,2,1,partners,business,0.0,0.0
6,2,1,case_content,studio,0.0,0.0
6,2,1,case_content,assist,0.39813119999999996,0.07061880000000001
6,2,1,case_content,business,0.0,0.0
6,3,2,founder,studio,0.0,0.0
6,3,2,founder,assist,5.52075264,0.71924736
6,3,2,founder,business,0.0,0.0
6,3,2,partners,studio,0.0,0.0
6,3,2,partners,assist,1.9322634239999996,0.251736576
6,3,2,partners,business,0.0,0.0
6,3,2,case_content,studio,0.0,0.0
6,3,2,case_content,assist,0.43130879999999994,0.056191200000000004
6,3,2,case_content,business,0.0,0.0
6,4,3,founder,studio,0.0,0.0
6,4,3,founder,assist,5.98081536,0.50878464
6,4,3,founder,business,0.0,0.0
6,4,3,partners,studio,0.0,0.0
6,4,3,partners,assist,2.093285376,0.17807462400000001
6,4,3,partners,business,0.0,0.0
6,4,3,case_content,studio,0.0,0.0
6,4,3,case_content,assist,0.4672512,0.0397488
6,4,3,case_content,business,0.0,0.0
6,5,4,founder,studio,0.0,0.0
6,5,4,founder,assist,6.47921664,0.26996736
6,5,4,founder,business,0.0,0.0
6,5,4,partners,studio,0.0,0.0
6,5,4,partners,assist,2.2677258240000002,0.094488576
6,5,4,partners,business,0.0,0.0
6,5,4,case_content,studio,0.0,0.0
6,5,4,case_content,assist,0.5061888,0.0210912
6,5,4,case_content,business,0.0,0.0
6,6,5,founder,studio,0.0,0
6,6,5,founder,assist,7.019151360000001,0
6,6,5,founder,business,0.0,0
6,6,5,partners,studio,0.0,0
6,6,5,partners,assist,2.4567029760000003,0
6,6,5,partners,business,0.0,0
6,6,5,case_content,studio,0.0,0
6,6,5,case_content,assist,0.5483712000000001,0
6,6,5,case_content,business,0.0,0
7,2,1,founder,studio,0.0,0.0
7,2,1,founder,assist,4.892236185599999,1.1077638144
7,2,1,founder,business,0.0,0.0
7,2,1,partners,studio,0.0,0.0
7,2,1,partners,assist,1.7122826649599996,0.38771733503999994
7,2,1,partners,business,0.0,0.0
7,2,1,case_content,studio,0.0,0.0
7,2,1,case_content,assist,0.38220595199999996,0.08654404800000001
7,2,1,case_content,business,0.0,0.0
7,3,2,founder,studio,0.0,0.0
7,3,2,founder,assist,5.2999225344,0.9400774656
7,3,2,founder,business,0.0,0.0
7,3,2,partners,studio,0.0,0.0
7,3,2,partners,assist,1.8549728870399997,0.32902711296
7,3,2,partners,business,0.0,0.0
7,3,2,case_content,studio,0.0,0.0
7,3,2,case_content,assist,0.41405644799999997,0.073443552
7,3,2,case_content,business,0.0,0.0
7,4,3,founder,studio,0.0,0.0
7,4,3,founder,assist,5.741582745600001,0.7480172544
7,4,3,founder,business,0.0,0.0
7,4,3,partners,studio,0.0,0.0
7,4,3,partners,assist,2.00955396096,0.26180603904
7,4,3,partners,business,0.0,0.0
7,4,3,case_content,studio,0.0,0.0
7,4,3,case_content,assist,0.44856115199999996,0.058438848
7,4,3,case_content,business,0.0,0.0
7,5,4,founder,studio,0.0,0.0
7,5,4,founder,assist,6.2200479744,0.5291360256
7,5,4,founder,business,0.0,0.0
7,5,4,partners,studio,0.0,0.0
7,5,4,partners,assist,2.1770167910400002,0.18519760896
7,5,4,partners,business,0.0,0.0
7,5,4,case_content,studio,0.0,0.0
7,5,4,case_content,assist,0.485941248,0.041338752
7,5,4,case_content,business,0.0,0.0
7,6,5,founder,studio,0.0,0.0
7,6,5,founder,assist,6.738385305600001,0.2807660544000001
7,6,5,founder,business,0.0,0.0
7,6,5,partners,studio,0.0,0.0
7,6,5,partners,assist,2.35843485696,0.09826811904000002
7,6,5,partners,business,0.0,0.0
7,6,5,case_content,studio,0.0,0.0
7,6,5,case_content,assist,0.526436352,0.021934848000000003
7,6,5,case_content,business,0.0,0.0
7,7,6,founder,studio,0.0,0
7,7,6,founder,assist,7.299917414400001,0
7,7,6,founder,business,0.0,0
7,7,6,partners,studio,0.0,0
7,7,6,partners,assist,2.5549710950400004,0
7,7,6,partners,business,0.0,0
7,7,6,case_content,studio,0.0,0
7,7,6,case_content,assist,0.5703060480000001,0
7,7,6,case_content,business,0.0,0
8,2,1,founder,studio,0.0,0.0
8,2,1,founder,assist,4.696546738175999,1.303453261824
8,2,1,founder,business,0.0,0.0
8,2,1,partners,studio,0.0,0.0
8,2,1,partners,assist,1.6437913583615995,0.4562086416383999
8,2,1,partners,business,0.0,0.0
8,2,1,case_content,studio,0.0,0.0
8,2,1,case_content,assist,0.36691771391999994,0.10183228608000001
8,2,1,case_content,business,0.0,0.0
8,3,2,founder,studio,0.0,0.0
8,3,2,founder,assist,5.087925633024001,1.152074366976
8,3,2,founder,business,0.0,0.0
8,3,2,partners,studio,0.0,0.0
8,3,2,partners,assist,1.7807739715583997,0.40322602844159994
8,3,2,partners,business,0.0,0.0
8,3,2,case_content,studio,0.0,0.0
8,3,2,case_content,assist,0.39749419008,0.09000580992
8,3,2,case_content,business,0.0,0.0
8,4,3,founder,studio,0.0,0.0
8,4,3,founder,assist,5.511919435776001,0.9776805642240001
8,4,3,founder,business,0.0,0.0
8,4,3,partners,studio,0.0,0.0
8,4,3,partners,assist,1.9291718025216,0.3421881974784
8,4,3,partners,business,0.0,0.0
8,4,3,case_content,studio,0.0,0.0
8,4,3,case_content,assist,0.43061870591999996,0.07638129408
8,4,3,case_content,business,0.0,0.0
8,5,4,founder,studio,0.0,0.0
8,5,4,founder,assist,5.971246055424,0.777937944576
8,5,4,founder,business,0.0,0.0
8,5,4,partners,studio,0.0,0.0
8,5,4,partners,assist,2.0899361193984003,0.27227828060160003
8,5,4,partners,business,0.0,0.0
8,5,4,case_content,studio,0.0,0.0
8,5,4,case_content,assist,0.46650359807999997,0.06077640192
8,5,4,case_content,business,0.0,0.0
8,6,5,founder,studio,0.0,0.0
8,6,5,founder,assist,6.468849893376001,0.5503014666240001
8,6,5,founder,business,0.0,0.0
8,6,5,partners,studio,0.0,0.0
8,6,5,partners,assist,2.2640974626816,0.19260551331840003
8,6,5,partners,business,0.0,0.0
8,6,5,case_content,studio,0.0,0.0
8,6,5,case_content,assist,0.50537889792,0.04299230208
8,6,5,case_content,business,0.0,0.0
8,7,6,founder,studio,0.0,0.0
8,7,6,founder,assist,7.0079207178240015,0.2919966965760001
8,7,6,founder,business,0.0,0.0
8,7,6,partners,studio,0.0,0.0
8,7,6,partners,assist,2.4527722512384003,0.10219884380160002
8,7,6,partners,business,0.0,0.0
8,7,6,case_content,studio,0.0,0.0
8,7,6,case_content,assist,0.5474938060800001,0.022812241920000004
8,7,6,case_content,business,0.0,0.0
8,8,7,founder,studio,0.0,0
8,8,7,founder,assist,7.591914110976003,0
8,8,7,founder,business,0.0,0
8,8,7,partners,studio,0.0,0
8,8,7,partners,assist,2.6571699388416006,0
8,8,7,partners,business,0.0,0
8,8,7,case_content,studio,0.0,0
8,8,7,case_content,assist,0.5931182899200002,0
8,8,7,case_content,business,0.0,0
9,2,1,founder,studio,0.0,0.0
9,2,1,founder,assist,4.50868486864896,1.49131513135104
9,2,1,founder,business,0.0,0.0
9,2,1,partners,studio,0.0,0.0
9,2,1,partners,assist,1.5780397040271354,0.5219602959728639
9,2,1,partners,business,0.0,0.0
9,2,1,case_content,studio,0.0,0.0
9,2,1,case_content,assist,0.35224100536319997,0.1165089946368
9,2,1,case_content,business,0.0,0.0
9,3,2,founder,studio,0.0,0.0
9,3,2,founder,assist,4.88440860770304,1.35559139229696
9,3,2,founder,business,0.0,0.0
9,3,2,partners,studio,0.0,0.0
9,3,2,partners,assist,1.7095430126960638,0.47445698730393593
9,3,2,partners,business,0.0,0.0
9,3,2,case_content,studio,0.0,0.0
9,3,2,case_content,assist,0.3815944224768,0.1059055775232
9,3,2,case_content,business,0.0,0.0
9,4,3,founder,studio,0.0,0.0
9,4,3,founder,assist,5.291442658344961,1.1981573416550402
9,4,3,founder,business,0.0,0.0
9,4,3,partners,studio,0.0,0.0
9,4,3,partners,assist,1.852004930420736,0.41935506957926405
9,4,3,partners,business,0.0,0.0
9,4,3,case_content,studio,0.0,0.0
9,4,3,case_content,assist,0.4133939576832,0.09360604231679999
9,4,3,case_content,business,0.0,0.0
9,5,4,founder,studio,0.0,0.0
9,5,4,founder,assist,5.73239621320704,1.01678778679296
9,5,4,founder,business,0.0,0.0
9,5,4,partners,studio,0.0,0.0
9,5,4,partners,assist,2.006338674622464,0.35587572537753603
9,5,4,partners,business,0.0,0.0
9,5,4,case_content,studio,0.0,0.0
9,5,4,case_content,assist,0.4478434541568,0.07943654584320001
9,5,4,case_content,business,0.0,0.0
9,6,5,founder,studio,0.0,0.0
9,6,5,founder,assist,6.2100958976409615,0.8090554623590402
9,6,5,founder,business,0.0,0.0
9,6,5,partners,studio,0.0,0.0
9,6,5,partners,assist,2.173533564174336,0.283169411825664
9,6,5,partners,business,0.0,0.0
9,6,5,case_content,studio,0.0,0.0
9,6,5,case_content,assist,0.4851637420032,0.0632074579968
9,6,5,case_content,business,0.0,0.0
9,7,6,founder,studio,0.0,0.0
9,7,6,founder,assist,6.727603889111041,0.5723135252889602
9,7,6,founder,business,0.0,0.0
9,7,6,partners,studio,0.0,0.0
9,7,6,partners,assist,2.3546613611888643,0.20030973385113604
9,7,6,partners,business,0.0,0.0
9,7,6,case_content,studio,0.0,0.0
9,7,6,case_content,assist,0.5255940538368001,0.04471199416320001
9,7,6,case_content,business,0.0,0.0
9,8,7,founder,studio,0.0,0.0
9,8,7,founder,assist,7.288237546536963,0.3036765644390401
9,8,7,founder,business,0.0,0.0
9,8,7,partners,studio,0.0,0.0
9,8,7,partners,assist,2.5508831412879367,0.10628679755366402
9,8,7,partners,business,0.0,0.0
9,8,7,case_content,studio,0.0,0.0
9,8,7,case_content,assist,0.5693935583232002,0.023724731596800008
9,8,7,case_content,business,0.0,0.0
9,9,8,founder,studio,0.0,0
9,9,8,founder,assist,7.895590675415041,0
9,9,8,founder,business,0.0,0
9,9,8,partners,studio,0.0,0
9,9,8,partners,assist,2.7634567363952645,0
9,9,8,partners,business,0.0,0
9,9,8,case_content,studio,0.0,0
9,9,8,case_content,assist,0.6168430215168,0
9,9,8,case_content,business,0.0,0
10,2,1,founder,studio,0.0,0.0
10,2,1,founder,assist,4.328337473903002,1.6716625260969984
10,2,1,founder,business,0.0,0.0
10,2,1,partners,studio,0.0,0.0
10,2,1,partners,assist,1.51491811586605,0.5850818841339492
10,2,1,partners,business,0.0,0.0
10,2,1,case_content,studio,0.0,0.0
10,2,1,case_content,assist,0.33815136514867195,0.130598634851328
10,2,1,case_content,business,0.0,0.0
10,3,2,founder,studio,0.0,0.0
10,3,2,founder,assist,4.689032263394918,1.5509677366050816
10,3,2,founder,business,0.0,0.0
10,3,2,partners,studio,0.0,0.0
10,3,2,partners,assist,1.6411612921882213,0.5428387078117785
10,3,2,partners,business,0.0,0.0
10,3,2,case_content,studio,0.0,0.0
10,3,2,case_content,assist,0.366330645577728,0.121169354422272
10,3,2,case_content,business,0.0,0.0
10,4,3,founder,studio,0.0,0.0
10,4,3,founder,assist,5.079784952011162,1.4098150479888387
10,4,3,founder,business,0.0,0.0
10,4,3,partners,studio,0.0,0.0
10,4,3,partners,assist,1.7779247332039065,0.4934352667960935
10,4,3,partners,business,0.0,0.0
10,4,3,case_content,studio,0.0,0.0
10,4,3,case_content,assist,0.39685819937587197,0.11014180062412798
10,4,3,case_content,business,0.0,0.0
10,5,4,founder,studio,0.0,0.0
10,5,4,founder,assist,5.503100364678758,1.2460836353212417
10,5,4,founder,business,0.0,0.0
10,5,4,partners,studio,0.0,0.0
10,5,4,partners,assist,1.9260851276375655,0.4361292723624346
10,5,4,partners,business,0.0,0.0
10,5,4,case_content,studio,0.0,0.0
10,5,4,case_content,assist,0.429929715990528,0.09735028400947202
10,5,4,case_content,business,0.0,0.0
10,6,5,founder,studio,0.0,0.0
10,6,5,founder,assist,5.961692061735323,1.0574592982646787
10,6,5,founder,business,0.0,0.0
10,6,5,partners,studio,0.0,0.0
10,6,5,partners,assist,2.0865922216073627,0.37011075439263746
10,6,5,partners,business,0.0,0.0
10,6,5,case_content,studio,0.0,0.0
10,6,5,case_content,assist,0.465757192323072,0.082614007676928
10,6,5,case_content,business,0.0,0.0
10,7,6,founder,studio,0.0,0.0
10,7,6,founder,assist,6.458499733546599,0.8414176808534019
10,7,6,founder,business,0.0,0.0
10,7,6,partners,studio,0.0,0.0
10,7,6,partners,assist,2.26047490674131,0.2944961882986906
10,7,6,partners,business,0.0,0.0
10,7,6,case_content,studio,0.0,0.0
10,7,6,case_content,assist,0.5045702916833281,0.06573575631667201
10,7,6,case_content,business,0.0,0.0
10,8,7,founder,studio,0.0,0.0
10,8,7,founder,assist,6.996708044675485,0.5952060663005186
10,8,7,founder,business,0.0,0.0
10,8,7,partners,studio,0.0,0.0
10,8,7,partners,assist,2.448847815636419,0.2083221232051815
10,8,7,partners,business,0.0,0.0
10,8,7,case_content,studio,0.0,0.0
10,8,7,case_content,assist,0.5466178159902721,0.04650047392972802
10,8,7,case_content,business,0.0,0.0
10,9,8,founder,studio,0.0,0.0
10,9,8,founder,assist,7.579767048398439,0.31582362701660166
10,9,8,founder,business,0.0,0.0
10,9,8,partners,studio,0.0,0.0
10,9,8,partners,assist,2.652918466939454,0.11053826945581058
10,9,8,partners,business,0.0,0.0
10,9,8,case_content,studio,0.0,0.0
10,9,8,case_content,assist,0.592169300656128,0.024673720860672002
10,9,8,case_content,business,0.0,0.0
10,10,9,founder,studio,0.0,0
10,10,9,founder,assist,8.211414302431642,0
10,10,9,founder,business,0.0,0
10,10,9,partners,studio,0.0,0
10,10,9,partners,assist,2.8739950058510746,0
10,10,9,partners,business,0.0,0
10,10,9,case_content,studio,0.0,0
10,10,9,case_content,assist,0.641516742377472,0
10,10,9,case_content,business,0.0,0
11,2,1,founder,studio,0.0,0.0
11,2,1,founder,assist,4.155203974946882,1.8447960250531183
11,2,1,founder,business,0.0,0.0
11,2,1,partners,studio,0.0,0.0
11,2,1,partners,assist,1.4543213912314081,0.6456786087685913
11,2,1,partners,business,0.0,0.0
11,2,1,case_content,studio,0.0,0.0
11,2,1,case_content,assist,0.3246253105427251,0.14412468945727488
11,2,1,case_content,business,0.0,0.0
11,3,2,founder,studio,0.0,0.0
11,3,2,founder,assist,4.501470972859122,1.7385290271408782
11,3,2,founder,business,0.0,0.0
11,3,2,partners,studio,0.0,0.0
11,3,2,partners,assist,1.5755148405006925,0.6084851594993073
11,3,2,partners,business,0.0,0.0
11,3,2,case_content,studio,0.0,0.0
11,3,2,case_content,assist,0.35167741975461886,0.13582258024538113
11,3,2,case_content,business,0.0,0.0
11,4,3,founder,studio,0.0,0.0
11,4,3,founder,assist,4.876593553930716,1.6130064460692852
11,4,3,founder,business,0.0,0.0
11,4,3,partners,studio,0.0,0.0
11,4,3,partners,assist,1.7068077438757503,0.5645522561242498
11,4,3,partners,business,0.0,0.0
11,4,3,case_content,studio,0.0,0.0
11,4,3,case_content,assist,0.3809838714008371,0.12601612859916286
11,4,3,case_content,business,0.0,0.0
11,5,4,founder,studio,0.0,0.0
11,5,4,founder,assist,5.282976350091608,1.466207649908392
11,5,4,founder,business,0.0,0.0
11,5,4,partners,studio,0.0,0.0
11,5,4,partners,assist,1.8490417225320628,0.5131726774679373
11,5,4,partners,business,0.0,0.0
11,5,4,case_content,studio,0.0,0.0
11,5,4,case_content,assist,0.4127325273509069,0.11454747264909314
11,5,4,case_content,business,0.0,0.0
11,6,5,founder,studio,0.0,0.0
11,6,5,founder,assist,5.72322437926591,1.2959269807340916
11,6,5,founder,business,0.0,0.0
11,6,5,partners,studio,0.0,0.0
11,6,5,partners,assist,2.003128532743068,0.45357444325693197
11,6,5,partners,business,0.0,0.0
11,6,5,case_content,studio,0.0,0.0
11,6,5,case_content,assist,0.44712690463014915,0.10124429536985088
11,6,5,case_content,business,0.0,0.0
11,7,6,founder,studio,0.0,0.0
11,7,6,founder,assist,6.200159744204735,1.0997576701952658
11,7,6,founder,business,0.0,0.0
11,7,6,partners,studio,0.0,0.0
11,7,6,partners,assist,2.1700559104716577,0.384915184568343
11,7,6,partners,business,0.0,0.0
11,7,6,case_content,studio,0.0,0.0
11,7,6,case_content,assist,0.484387480015995,0.08591856798400514
11,7,6,case_content,business,0.0,0.0
11,8,7,founder,studio,0.0,0.0
11,8,7,founder,assist,6.716839722888465,0.875074388087538
11,8,7,founder,business,0.0,0.0
11,8,7,partners,studio,0.0,0.0
11,8,7,partners,assist,2.350893903010962,0.3062760358306383
11,8,7,partners,business,0.0,0.0
11,8,7,case_content,studio,0.0,0.0
11,8,7,case_content,assist,0.5247531033506613,0.0683651865693389
11,8,7,case_content,business,0.0,0.0
11,9,8,founder,studio,0.0,0.0
11,9,8,founder,assist,7.276576366462502,0.6190143089525393
11,9,8,founder,business,0.0,0.0
11,9,8,partners,studio,0.0,0.0
11,9,8,partners,assist,2.5468017282618756,0.21665500813338873
11,9,8,partners,business,0.0,0.0
11,9,8,case_content,studio,0.0,0.0
11,9,8,case_content,assist,0.5684825286298829,0.04836049288691713
11,9,8,case_content,business,0.0,0.0
11,10,9,founder,studio,0.0,0.0
11,10,9,founder,assist,7.882957730334376,0.3284565720972657
11,10,9,founder,business,0.0,0.0
11,10,9,partners,studio,0.0,0.0
11,10,9,partners,assist,2.7590352056170317,0.11495980023404298
11,10,9,partners,business,0.0,0.0
11,10,9,case_content,studio,0.0,0.0
11,10,9,case_content,assist,0.6158560726823732,0.025660669695098882
11,10,9,case_content,business,0.0,0.0
11,11,10,founder,studio,0.0,0
11,11,10,founder,assist,8.539870874528908,0
11,11,10,founder,business,0.0,0
11,11,10,partners,studio,0.0,0
11,11,10,partners,assist,2.988954806085118,0
11,11,10,partners,business,0.0,0
11,11,10,case_content,studio,0.0,0
11,11,10,case_content,assist,0.667177412072571,0
11,11,10,case_content,business,0.0,0
12,2,1,founder,studio,0.0,0.0
12,2,1,founder,assist,3.988995815949006,2.011004184050994
12,2,1,founder,business,0.0,0.0
12,2,1,partners,studio,0.0,0.0
12,2,1,partners,assist,1.396148535582152,0.7038514644178476
12,2,1,partners,business,0.0,0.0
12,2,1,case_content,studio,0.0,0.0
12,2,1,case_content,assist,0.31164029812101607,0.15710970187898388
12,2,1,case_content,business,0.0,0.0
12,3,2,founder,studio,0.0,0.0
12,3,2,founder,assist,4.321412133944757,1.9185878660552431
12,3,2,founder,business,0.0,0.0
12,3,2,partners,studio,0.0,0.0
12,3,2,partners,assist,1.5124942468806648,0.6715057531193349
12,3,2,partners,business,0.0,0.0
12,3,2,case_content,studio,0.0,0.0
12,3,2,case_content,assist,0.3376103229644341,0.14988967703556588
12,3,2,case_content,business,0.0,0.0
12,4,3,founder,studio,0.0,0.0
12,4,3,founder,assist,4.681529811773488,1.8080701882265138
12,4,3,founder,business,0.0,0.0
12,4,3,partners,studio,0.0,0.0
12,4,3,partners,assist,1.6385354341207203,0.6328245658792797
12,4,3,partners,business,0.0,0.0
12,4,3,case_content,studio,0.0,0.0
12,4,3,case_content,assist,0.3657445165448036,0.14125548345519634
12,4,3,case_content,business,0.0,0.0
12,5,4,founder,studio,0.0,0.0
12,5,4,founder,assist,5.071657296087944,1.6775267039120563
12,5,4,founder,business,0.0,0.0
12,5,4,partners,studio,0.0,0.0
12,5,4,partners,assist,1.7750800536307803,0.5871343463692198
12,5,4,partners,business,0.0,0.0
12,5,4,case_content,studio,0.0,0.0
12,5,4,case_content,assist,0.3962232262568706,0.1310567737431294
12,5,4,case_content,business,0.0,0.0
12,6,5,founder,studio,0.0,0.0
12,6,5,founder,assist,5.494295404095274,1.524855955904728
12,6,5,founder,business,0.0,0.0
12,6,5,partners,studio,0.0,0.0
12,6,5,partners,assist,1.9230033914333453,0.5336995845666547
12,6,5,partners,business,0.0,0.0
12,6,5,case_content,studio,0.0,0.0
12,6,5,case_content,assist,0.4292418284449432,0.11912937155505685
12,6,5,case_content,business,0.0,0.0
12,7,6,founder,studio,0.0,0.0
12,7,6,founder,assist,5.952153354436546,1.3477640599634553
12,7,6,founder,business,0.0,0.0
12,7,6,partners,studio,0.0,0.0
12,7,6,partners,assist,2.0832536740527914,0.4717174209872093
12,7,6,partners,business,0.0,0.0
12,7,6,case_content,studio,0.0,0.0
12,7,6,case_content,assist,0.4650119808153552,0.10529406718464494
12,7,6,case_content,business,0.0,0.0
12,8,7,founder,studio,0.0,0.0
12,8,7,founder,assist,6.448166133972927,1.1437479770030765
12,8,7,founder,business,0.0,0.0
12,8,7,partners,studio,0.0,0.0
12,8,7,partners,assist,2.2568581468905236,0.4003117919510768
12,8,7,partners,business,0.0,0.0
12,8,7,case_content,studio,0.0,0.0
12,8,7,case_content,assist,0.5037629792166348,0.08935531070336536
12,8,7,case_content,business,0.0,0.0
12,9,8,founder,studio,0.0,0.0
12,9,8,founder,assist,6.985513311804001,0.9100773636110393
12,9,8,founder,business,0.0,0.0
12,9,8,partners,studio,0.0,0.0
12,9,8,partners,assist,2.4449296591314007,0.31852707726386376
12,9,8,partners,business,0.0,0.0
12,9,8,case_content,studio,0.0,0.0
12,9,8,case_content,assist,0.5457432274846876,0.07109979403211245
12,9,8,case_content,business,0.0,0.0
12,10,9,founder,studio,0.0,0.0
12,10,9,founder,assist,7.567639421121001,0.6437748813106408
12,10,9,founder,business,0.0,0.0
12,10,9,partners,studio,0.0,0.0
12,10,9,partners,assist,2.6486737973923504,0.22532120845872425
12,10,9,partners,business,0.0,0.0
12,10,9,case_content,studio,0.0,0.0
12,10,9,case_content,assist,0.5912218297750783,0.05029491260239381
12,10,9,case_content,business,0.0,0.0
12,11,10,founder,studio,0.0,0.0
12,11,10,founder,assist,8.198276039547752,0.34159483498115634
12,11,10,founder,business,0.0,0.0
12,11,10,partners,studio,0.0,0.0
12,11,10,partners,assist,2.869396613841713,0.11955819224340472
12,11,10,partners,business,0.0,0.0
12,11,10,case_content,studio,0.0,0.0
12,11,10,case_content,assist,0.6404903155896682,0.02668709648290284
12,11,10,case_content,business,0.0,0.0
12,12,11,founder,studio,0.0,0
12,12,11,founder,assist,8.881465709510065,0
12,12,11,founder,business,0.0,0
12,12,11,partners,studio,0.0,0
12,12,11,partners,assist,3.108512998328523,0
12,12,11,partners,business,0.0,0
12,12,11,case_content,studio,0.0,0
12,12,11,case_content,assist,0.6938645085554739,0
12,12,11,case_content,business,0.0,0
13,2,1,founder,studio,0.0,0.0
13,2,1,founder,assist,3.829435983311046,2.170564016688954
13,2,1,founder,business,0.0,0.0
13,2,1,partners,studio,0.0,0.0
13,2,1,partners,assist,1.3403025941588658,0.7596974058411337
13,2,1,partners,business,0.0,0.0
13,2,1,case_content,studio,0.0,0.0
13,2,1,case_content,assist,0.29917468619617543,0.1695753138038245
13,2,1,case_content,business,0.0,0.0
13,3,2,founder,studio,0.0,0.0
13,3,2,founder,assist,4.148555648586967,2.0914443514130334
13,3,2,founder,business,0.0,0.0
13,3,2,partners,studio,0.0,0.0
13,3,2,partners,assist,1.4519944770054383,0.7320055229945615
13,3,2,partners,business,0.0,0.0
13,3,2,case_content,studio,0.0,0.0
13,3,2,case_content,assist,0.32410591004585676,0.16339408995414326
13,3,2,case_content,business,0.0,0.0
13,4,3,founder,studio,0.0,0.0
13,4,3,founder,assist,4.494268619302549,1.9953313806974533
13,4,3,founder,business,0.0,0.0
13,4,3,partners,studio,0.0,0.0
13,4,3,partners,assist,1.5729940167558916,0.6983659832441085
13,4,3,partners,business,0.0,0.0
13,4,3,case_content,studio,0.0,0.0
13,4,3,case_content,assist,0.35111473588301145,0.1558852641169885
13,4,3,case_content,business,0.0,0.0
13,5,4,founder,studio,0.0,0.0
13,5,4,founder,assist,4.868791004244426,1.880392995755574
13,5,4,founder,business,0.0,0.0
13,5,4,partners,studio,0.0,0.0
13,5,4,partners,assist,1.704076851485549,0.658137548514451
13,5,4,partners,business,0.0,0.0
13,5,4,case_content,studio,0.0,0.0
13,5,4,case_content,assist,0.38037429720659577,0.14690570279340423
13,5,4,case_content,business,0.0,0.0
13,6,5,founder,studio,0.0,0.0
13,6,5,founder,assist,5.274523587931463,1.744627772068539
13,6,5,founder,business,0.0,0.0
13,6,5,partners,studio,0.0,0.0
13,6,5,partners,assist,1.8460832557760114,0.6106197202239885
13,6,5,partners,business,0.0,0.0
13,6,5,case_content,studio,0.0,0.0
13,6,5,case_content,assist,0.41207215530714547,0.1362990446928546
13,6,5,case_content,business,0.0,0.0
13,7,6,founder,studio,0.0,0.0
13,7,6,founder,assist,5.714067220259084,1.585850194140917
13,7,6,founder,business,0.0,0.0
13,7,6,partners,studio,0.0,0.0
13,7,6,partners,assist,1.9999235270906797,0.555047567949321
13,7,6,partners,business,0.0,0.0
13,7,6,case_content,studio,0.0,0.0
13,7,6,case_content,assist,0.446411501582741,0.12389454641725915
13,7,6,case_content,business,0.0,0.0
13,8,7,founder,studio,0.0,0.0
13,8,7,founder,assist,6.19023948861401,1.4016746223619936
13,8,7,founder,business,0.0,0.0
13,8,7,partners,studio,0.0,0.0
13,8,7,partners,assist,2.1665838210149024,0.49058611782669775
13,8,7,partners,business,0.0,0.0
13,8,7,case_content,studio,0.0,0.0
13,8,7,case_content,assist,0.48361246004796943,0.10950582987203075
13,8,7,case_content,business,0.0,0.0
13,9,8,founder,studio,0.0,0.0
13,9,8,founder,assist,6.706092779331842,1.1894978960831994
13,9,8,founder,business,0.0,0.0
13,9,8,partners,studio,0.0,0.0
13,9,8,partners,assist,2.3471324727661447,0.4163242636291198
13,9,8,partners,business,0.0,0.0
13,9,8,case_content,studio,0.0,0.0
13,9,8,case_content,assist,0.5239134983853001,0.09292952313149995
13,9,8,case_content,business,0.0,0.0
13,10,9,founder,studio,0.0,0.0
13,10,9,founder,assist,7.264933844276161,0.9464804581554809
13,10,9,founder,business,0.0,0.0
13,10,9,partners,studio,0.0,0.0
13,10,9,partners,assist,2.5427268454966563,0.33126816035441825
13,10,9,partners,business,0.0,0.0
13,10,9,case_content,studio,0.0,0.0
13,10,9,case_content,assist,0.5675729565840751,0.07394378579339694
13,10,9,case_content,business,0.0,0.0
13,11,10,founder,studio,0.0,0.0
13,11,10,founder,assist,7.870344997965842,0.6695258765630664
13,11,10,founder,business,0.0,0.0
13,11,10,partners,studio,0.0,0.0
13,11,10,partners,assist,2.7546207492880446,0.23433405679707325
13,11,10,partners,business,0.0,0.0
13,11,10,case_content,studio,0.0,0.0
13,11,10,case_content,assist,0.6148707029660815,0.05230670910648957
13,11,10,case_content,business,0.0,0.0
13,12,11,founder,studio,0.0,0.0
13,12,11,founder,assist,8.526207081129662,0.3552586283804026
13,12,11,founder,business,0.0,0.0
13,12,11,partners,studio,0.0,0.0
13,12,11,partners,assist,2.984172478395382,0.12434051993314092
13,12,11,partners,business,0.0,0.0
13,12,11,case_content,studio,0.0,0.0
13,12,11,case_content,assist,0.6661099282132549,0.027754580342218955
13,12,11,case_content,business,0.0,0.0
13,13,12,founder,studio,0.0,0
13,13,12,founder,assist,9.23672433789047,0
13,13,12,founder,business,0.0,0
13,13,12,partners,studio,0.0,0
13,13,12,partners,assist,3.2328535182616642,0
13,13,12,partners,business,0.0,0
13,13,12,case_content,studio,0.0,0
13,13,12,case_content,assist,0.721619088897693,0
13,13,12,case_content,business,0.0,0
14,2,1,founder,studio,0.0,0.0
14,2,1,founder,assist,3.676258543978604,2.323741456021396
14,2,1,founder,business,0.0,0.0
14,2,1,partners,studio,0.0,0.0
14,2,1,partners,assist,1.2866904903925112,0.8133095096074883
14,2,1,partners,business,0.0,0.0
14,2,1,case_content,studio,0.0,0.0
14,2,1,case_content,assist,0.2872076987483284,0.18154230125167153
14,2,1,case_content,business,0.0,0.0
14,3,2,founder,studio,0.0,0.0
14,3,2,founder,assist,3.9826134226434884,2.2573865773565123
14,3,2,founder,business,0.0,0.0
14,3,2,partners,studio,0.0,0.0
14,3,2,partners,assist,1.3939146979252208,0.790085302074779
14,3,2,partners,business,0.0,0.0
14,3,2,case_content,studio,0.0,0.0
14,3,2,case_content,assist,0.3111416736440225,0.17635832635597753
14,3,2,case_content,business,0.0,0.0
14,4,3,founder,studio,0.0,0.0
14,4,3,founder,assist,4.3144978745304465,2.175102125469555
14,4,3,founder,business,0.0,0.0
14,4,3,partners,studio,0.0,0.0
14,4,3,partners,assist,1.510074256085656,0.7612857439143441
14,4,3,partners,business,0.0,0.0
14,4,3,case_content,studio,0.0,0.0
14,4,3,case_content,assist,0.337070146447691,0.16992985355230897
14,4,3,case_content,business,0.0,0.0
14,5,4,founder,studio,0.0,0.0
14,5,4,founder,assist,4.674039364074649,2.075144635925351
14,5,4,founder,business,0.0,0.0
14,5,4,partners,studio,0.0,0.0
14,5,4,partners,assist,1.6359137774261272,0.7263006225738731
14,5,4,partners,business,0.0,0.0
14,5,4,case_content,studio,0.0,0.0
14,5,4,case_content,assist,0.36515932531833195,0.16212067468166808
14,5,4,case_content,business,0.0,0.0
14,6,5,founder,studio,0.0,0.0
14,6,5,founder,assist,5.063542644414205,1.9556087155857975
14,6,5,founder,business,0.0,0.0
14,6,5,partners,studio,0.0,0.0
14,6,5,partners,assist,1.772239925544971,0.684463050455029
14,6,5,partners,business,0.0,0.0
14,6,5,case_content,studio,0.0,0.0
14,6,5,case_content,assist,0.39558926909485964,0.15278193090514042
14,6,5,case_content,business,0.0,0.0
14,7,6,founder,studio,0.0,0.0
14,7,6,founder,assist,5.48550453144872,1.8144128829512804
14,7,6,founder,business,0.0,0.0
14,7,6,partners,studio,0.0,0.0
14,7,6,partners,assist,1.9199265860070525,0.6350445090329482
14,7,6,partners,business,0.0,0.0
14,7,6,case_content,studio,0.0,0.0
14,7,6,case_content,assist,0.42855504151943136,0.1417510064805688
14,7,6,case_content,business,0.0,0.0
14,8,7,founder,studio,0.0,0.0
14,8,7,founder,assist,5.942629909069449,1.649284201906554
14,8,7,founder,business,0.0,0.0
14,8,7,partners,studio,0.0,0.0
14,8,7,partners,assist,2.0799204681743064,0.5772494706672938
14,8,7,partners,business,0.0,0.0
14,8,7,case_content,studio,0.0,0.0
14,8,7,case_content,assist,0.46426796164605066,0.12885032827394954
14,8,7,case_content,business,0.0,0.0
14,9,8,founder,studio,0.0,0.0
14,9,8,founder,assist,6.437849068158568,1.457741607256473
14,9,8,founder,business,0.0,0.0
14,9,8,partners,studio,0.0,0.0
14,9,8,partners,assist,2.253247173855499,0.5102095625397656
14,9,8,partners,business,0.0,0.0
14,9,8,case_content,studio,0.0,0.0
14,9,8,case_content,assist,0.5029569584498881,0.11388606306691196
14,9,8,case_content,business,0.0,0.0
14,10,9,founder,studio,0.0,0.0
14,10,9,founder,assist,6.974336490505115,1.2370778119265273
14,10,9,founder,business,0.0,0.0
14,10,9,partners,studio,0.0,0.0
14,10,9,partners,assist,2.44101777167679,0.4329772341742845
14,10,9,partners,business,0.0,0.0
14,10,9,case_content,studio,0.0,0.0
14,10,9,case_content,assist,0.5448700383207121,0.09664670405675996
14,10,9,case_content,business,0.0,0.0
14,11,10,founder,studio,0.0,0.0
14,11,10,founder,assist,7.555531198047208,0.9843396764817001
14,11,10,founder,business,0.0,0.0
14,11,10,partners,studio,0.0,0.0
14,11,10,partners,assist,2.644435919316523,0.34451888676859505
14,11,10,partners,business,0.0,0.0
14,11,10,case_content,studio,0.0,0.0
14,11,10,case_content,assist,0.5902758748474383,0.07690153722513282
14,11,10,case_content,business,0.0,0.0
14,12,11,founder,studio,0.0,0.0
14,12,11,founder,assist,8.185158797884476,0.6963069116255891
14,12,11,founder,business,0.0,0.0
14,12,11,partners,studio,0.0,0.0
14,12,11,partners,assist,2.8648055792595666,0.2437074190689562
14,12,11,partners,business,0.0,0.0
14,12,11,case_content,studio,0.0,0.0
14,12,11,case_content,assist,0.6394655310847247,0.05439897747074915
14,12,11,case_content,business,0.0,0.0
14,13,12,founder,studio,0.0,0.0
14,13,12,founder,assist,8.86725536437485,0.3694689735156188
14,13,12,founder,business,0.0,0.0
14,13,12,partners,studio,0.0,0.0
14,13,12,partners,assist,3.1035393775311975,0.12931414073046657
14,13,12,partners,business,0.0,0.0
14,13,12,case_content,studio,0.0,0.0
14,13,12,case_content,assist,0.6927543253417853,0.02886476355590772
14,13,12,case_content,business,0.0,0.0
14,14,13,founder,studio,0.0,0
14,14,13,founder,assist,9.600000000000001,0
14,14,13,founder,business,0.0,0
14,14,13,partners,studio,0.0,0
14,14,13,partners,assist,3.362167658992131,0
14,14,13,partners,business,0.0,0
14,14,13,case_content,studio,0.0,0
14,14,13,case_content,assist,0.7504838524536007,0
14,14,13,case_content,business,0.0,0
15,2,1,founder,studio,0.0,0.0
15,2,1,founder,assist,3.52920820221946,2.47079179778054
15,2,1,founder,business,0.0,0.0
15,2,1,partners,studio,0.0,0.0
15,2,1,partners,assist,1.2352228707768107,0.8647771292231887
15,2,1,partners,business,0.0,0.0
15,2,1,case_content,studio,0.0,0.0
15,2,1,case_content,assist,0.27571939079839525,0.19303060920160467
15,2,1,case_content,business,0.0,0.0
15,3,2,founder,studio,0.0,0.0
15,3,2,founder,assist,3.823308885737749,2.416691114262252
15,3,2,founder,business,0.0,0.0
15,3,2,partners,studio,0.0,0.0
15,3,2,partners,assist,1.338158110008212,0.8458418899917879
15,3,2,partners,business,0.0,0.0
15,3,2,case_content,studio,0.0,0.0
15,3,2,case_content,assist,0.29869600669826163,0.18880399330173844
15,3,2,case_content,business,0.0,0.0
15,4,3,founder,studio,0.0,0.0
15,4,3,founder,assist,4.141917959549229,2.347682040450773
15,4,3,founder,business,0.0,0.0
15,4,3,partners,studio,0.0,0.0
15,4,3,partners,assist,1.4496712858422296,0.8216887141577703
15,4,3,partners,business,0.0,0.0
15,4,3,case_content,studio,0.0,0.0
15,4,3,case_content,assist,0.3235873405897834,0.18341265941021662
15,4,3,case_content,business,0.0,0.0
15,5,4,founder,studio,0.0,0.0
15,5,4,founder,assist,4.487077789511663,2.2621062104883367
15,5,4,founder,business,0.0,0.0
15,5,4,partners,studio,0.0,0.0
15,5,4,partners,assist,1.570477226329082,0.7917371736709181
15,5,4,partners,business,0.0,0.0
15,5,4,case_content,studio,0.0,0.0
15,5,4,case_content,assist,0.3505529523055987,0.17672704769440134
15,5,4,case_content,business,0.0,0.0
15,6,5,founder,studio,0.0,0.0
15,6,5,founder,assist,4.861000938637637,2.158150421362366
15,6,5,founder,business,0.0,0.0
15,6,5,partners,studio,0.0,0.0
15,6,5,partners,assist,1.7013503285231721,0.7553526474768278
15,6,5,partners,business,0.0,0.0
15,6,5,case_content,studio,0.0,0.0
15,6,5,case_content,assist,0.37976569833106527,0.16860550166893482
15,6,5,case_content,business,0.0,0.0
15,7,6,founder,studio,0.0,0.0
15,7,6,founder,assist,5.266084350190772,2.0338330642092295
15,7,6,founder,business,0.0,0.0
15,7,6,partners,studio,0.0,0.0
15,7,6,partners,assist,1.8431295225667703,0.7118415724732303
15,7,6,partners,business,0.0,0.0
15,7,6,case_content,studio,0.0,0.0
15,7,6,case_content,assist,0.4114128398586541,0.15889320814134605
15,7,6,case_content,business,0.0,0.0
15,8,7,founder,studio,0.0,0.0
15,8,7,founder,assist,5.704924712706672,1.886989398269332
15,8,7,founder,business,0.0,0.0
15,8,7,partners,studio,0.0,0.0
15,8,7,partners,assist,1.9967236494473342,0.6604462893942661
15,8,7,partners,business,0.0,0.0
15,8,7,case_content,studio,0.0,0.0
15,8,7,case_content,assist,0.44569724318020865,0.14742104673979156
15,8,7,case_content,business,0.0,0.0
15,9,8,founder,studio,0.0,0.0
15,9,8,founder,assist,6.180335105432225,1.7152555699828158
15,9,8,founder,business,0.0,0.0
15,9,8,partners,studio,0.0,0.0
15,9,8,partners,assist,2.163117286901279,0.6003394494939855
15,9,8,partners,business,0.0,0.0
15,9,8,case_content,studio,0.0,0.0
15,9,8,case_content,assist,0.48283868011189257,0.13400434140490747
15,9,8,case_content,business,0.0,0.0
15,10,9,founder,studio,0.0,0.0
15,10,9,founder,assist,6.69536303088491,1.5160512715467318
15,10,9,founder,business,0.0,0.0
15,10,9,partners,studio,0.0,0.0
15,10,9,partners,assist,2.3433770608097184,0.5306179450413562
15,10,9,partners,business,0.0,0.0
15,10,9,case_content,studio,0.0,0.0
15,10,9,case_content,assist,0.5230752367878836,0.11844150558958844
15,10,9,case_content,business,0.0,0.0
15,11,10,founder,studio,0.0,0.0
15,11,10,founder,assist,7.2533099501253195,1.2865609244035885
15,11,10,founder,business,0.0,0.0
15,11,10,partners,studio,0.0,0.0
15,11,10,partners,assist,2.538658482543862,0.450296323541256
15,11,10,partners,business,0.0,0.0
15,11,10,case_content,studio,0.0,0.0
15,11,10,case_content,assist,0.5666648398535408,0.10051257221903034
15,11,10,case_content,business,0.0,0.0
15,12,11,founder,studio,0.0,0.0
15,12,11,founder,assist,7.857752445969097,1.023713263540968
15,12,11,founder,business,0.0,0.0
15,12,11,partners,studio,0.0,0.0
15,12,11,partners,assist,2.750213356089184,0.35829964223933886
15,12,11,partners,business,0.0,0.0
15,12,11,case_content,studio,0.0,0.0
15,12,11,case_content,assist,0.6138869098413358,0.07997759871413813
15,12,11,case_content,business,0.0,0.0
15,13,12,founder,studio,0.0,0.0
15,13,12,founder,assist,8.512565149799856,0.7241591880906129
15,13,12,founder,business,0.0,0.0
15,13,12,partners,studio,0.0,0.0
15,13,12,partners,assist,2.9793978024299497,0.25345571583171445
15,13,12,partners,business,0.0,0.0
15,13,12,case_content,studio,0.0,0.0
15,13,12,case_content,assist,0.6650441523281139,0.05657493656957913
15,13,12,case_content,business,0.0,0.0
15,14,13,founder,studio,0.0,0.0
15,14,13,founder,assist,9.216000000000001,0.38400000000000006
15,14,13,founder,business,0.0,0.0
15,14,13,partners,studio,0.0,0.0
15,14,13,partners,assist,3.2276809526324457,0.13448670635968524
15,14,13,partners,business,0.0,0.0
15,14,13,case_content,studio,0.0,0.0
15,14,13,case_content,assist,0.7204644983554567,0.03001935409814403
15,14,13,case_content,business,0.0,0.0
15,15,14,founder,studio,0.0,0
15,15,14,founder,assist,9.600000000000001,0
15,15,14,founder,business,0.0,0
15,15,14,partners,studio,0.0,0
15,15,14,partners,assist,3.4966543653518163,0
15,15,14,partners,business,0.0,0
15,15,14,case_content,studio,0.0,0
15,15,14,case_content,assist,0.7805032065517448,0
15,15,14,case_content,business,0.0,0
16,2,1,founder,studio,0.0,0.0
16,2,1,founder,assist,3.3880398741306816,2.6119601258693184
16,2,1,founder,business,0.0,0.0
16,2,1,partners,studio,0.0,0.0
16,2,1,partners,assist,1.1858139559457384,0.9141860440542612
16,2,1,partners,business,0.0,0.0
16,2,1,case_content,studio,0.0,0.0
16,2,1,case_content,assist,0.2646906151664594,0.20405938483354047
16,2,1,case_content,business,0.0,0.0
16,3,2,founder,studio,0.0,0.0
16,3,2,founder,assist,3.6703765303082387,2.569623469691762
16,3,2,founder,business,0.0,0.0
16,3,2,partners,studio,0.0,0.0
16,3,2,partners,assist,1.2846317856078835,0.8993682143921163
16,3,2,partners,business,0.0,0.0
16,3,2,case_content,studio,0.0,0.0
16,3,2,case_content,assist,0.2867481664303312,0.2007518335696689
16,3,2,case_content,business,0.0,0.0
16,4,3,founder,studio,0.0,0.0
16,4,3,founder,assist,3.97624124116726,2.5133587588327417
16,4,3,founder,business,0.0,0.0
16,4,3,partners,studio,0.0,0.0
16,4,3,partners,assist,1.3916844344085404,0.8796755655914595
16,4,3,partners,business,0.0,0.0
16,4,3,case_content,studio,0.0,0.0
16,4,3,case_content,assist,0.31064384696619207,0.19635615303380796
16,4,3,case_content,business,0.0,0.0
16,5,4,founder,studio,0.0,0.0
16,5,4,founder,assist,4.307594677931196,2.441589322068803
16,5,4,founder,business,0.0,0.0
16,5,4,partners,studio,0.0,0.0
16,5,4,partners,assist,1.5076581372759188,0.8545562627240814
16,5,4,partners,business,0.0,0.0
16,5,4,case_content,studio,0.0,0.0
16,5,4,case_content,assist,0.33653083421337476,0.1907491657866253
16,5,4,case_content,business,0.0,0.0
16,6,5,founder,studio,0.0,0.0
16,6,5,founder,assist,4.666560901092131,2.3525904589078714
16,6,5,founder,business,0.0,0.0
16,6,5,partners,studio,0.0,0.0
16,6,5,partners,assist,1.6332963153822453,0.8234066606177547
16,6,5,partners,business,0.0,0.0
16,6,5,case_content,studio,0.0,0.0
16,6,5,case_content,assist,0.36457507039782266,0.18379612960217742
16,6,5,case_content,business,0.0,0.0
16,7,6,founder,studio,0.0,0.0
16,7,6,founder,assist,5.0554409761831405,2.2444764382168603
16,7,6,founder,business,0.0,0.0
16,7,6,partners,studio,0.0,0.0
16,7,6,partners,assist,1.7694043416640994,0.7855667533759011
16,7,6,partners,business,0.0,0.0
16,7,6,case_content,studio,0.0,0.0
16,7,6,case_content,assist,0.39495632626430793,0.17534972173569222
16,7,6,case_content,business,0.0,0.0
16,8,7,founder,studio,0.0,0.0
16,8,7,founder,assist,5.476727724198405,2.115186386777599
16,8,7,founder,business,0.0,0.0
16,8,7,partners,studio,0.0,0.0
16,8,7,partners,assist,1.9168547034694408,0.7403152353721595
16,8,7,partners,business,0.0,0.0
16,8,7,case_content,studio,0.0,0.0
16,8,7,case_content,assist,0.4278693534530003,0.1652489364669999
16,8,7,case_content,business,0.0,0.0
16,9,8,founder,studio,0.0,0.0
16,9,8,founder,assist,5.933121701214936,1.962468974200105
16,9,8,founder,business,0.0,0.0
16,9,8,partners,studio,0.0,0.0
16,9,8,partners,assist,2.0765925954252276,0.6868641409700367
16,9,8,partners,business,0.0,0.0
16,9,8,case_content,studio,0.0,0.0
16,9,8,case_content,assist,0.46352513290741687,0.15331788860938317
16,9,8,case_content,business,0.0,0.0
16,10,9,founder,studio,0.0,0.0
16,10,9,founder,assist,6.4275485096495135,1.7838657927821282
16,10,9,founder,business,0.0,0.0
16,10,9,partners,studio,0.0,0.0
16,10,9,partners,assist,2.24964197837733,0.6243530274737449
16,10,9,partners,business,0.0,0.0
16,10,9,case_content,studio,0.0,0.0
16,10,9,case_content,assist,0.5021522273163682,0.13936451506110378
16,10,9,case_content,business,0.0,0.0
16,11,10,founder,studio,0.0,0.0
16,11,10,founder,assist,6.963177552120307,1.5766933224086013
16,11,10,founder,business,0.0,0.0
16,11,10,partners,studio,0.0,0.0
16,11,10,partners,assist,2.4371121432421075,0.5518426628430104
16,11,10,partners,business,0.0,0.0
16,11,10,case_content,studio,0.0,0.0
16,11,10,case_content,assist,0.5439982462593992,0.12317916581317198
16,11,10,case_content,business,0.0,0.0
16,12,11,founder,studio,0.0,0.0
16,12,11,founder,assist,7.543442348130333,1.3380233613797319
16,12,11,founder,business,0.0,0.0
16,12,11,partners,studio,0.0,0.0
16,12,11,partners,assist,2.6402048218456167,0.46830817648290624
16,12,11,partners,business,0.0,0.0
16,12,11,case_content,studio,0.0,0.0
16,12,11,case_content,assist,0.5893314334476824,0.10453307510779157
16,12,11,case_content,business,0.0,0.0
16,13,12,founder,studio,0.0,0.0
16,13,12,founder,assist,8.172062543807861,1.064661794082607
16,13,12,founder,business,0.0,0.0
16,13,12,partners,studio,0.0,0.0
16,13,12,partners,assist,2.8602218903327516,0.37263162792891247
16,13,12,partners,business,0.0,0.0
16,13,12,case_content,studio,0.0,0.0
16,13,12,case_content,assist,0.6384423862349893,0.08317670266270369
16,13,12,case_content,business,0.0,0.0
16,14,13,founder,studio,0.0,0.0
16,14,13,founder,assist,8.847360000000002,0.7526400000000001
16,14,13,founder,business,0.0,0.0
16,14,13,partners,studio,0.0,0.0
16,14,13,partners,assist,3.0985737145271477,0.2635939444649831
16,14,13,partners,business,0.0,0.0
16,14,13,case_content,studio,0.0,0.0
16,14,13,case_content,assist,0.6916459184212385,0.0588379340323623
16,14,13,case_content,business,0.0,0.0
16,15,14,founder,studio,0.0,0.0
16,15,14,founder,assist,9.216000000000001,0.38400000000000006
16,15,14,founder,business,0.0,0.0
16,15,14,partners,studio,0.0,0.0
16,15,14,partners,assist,3.3567881907377437,0.13986617461407266
16,15,14,partners,business,0.0,0.0
16,15,14,case_content,studio,0.0,0.0
16,15,14,case_content,assist,0.749283078289675,0.031220128262069793
16,15,14,case_content,business,0.0,0.0
16,16,15,founder,studio,0.0,0
16,16,15,founder,assist,9.600000000000001,0
16,16,15,founder,business,0.0,0
16,16,15,partners,studio,0.0,0
16,16,15,partners,assist,3.6365205399658893,0
16,16,15,partners,business,0.0,0
16,16,15,case_content,studio,0.0,0
16,16,15,case_content,assist,0.8117233348138145,0
16,16,15,case_content,business,0.0,0
17,2,1,founder,studio,0.0,0.0
17,2,1,founder,assist,3.2525182791654546,2.7474817208345454
17,2,1,founder,business,0.0,0.0
17,2,1,partners,studio,0.0,0.0
17,2,1,partners,assist,1.138381397707909,0.9616186022920907
17,2,1,partners,business,0.0,0.0
17,2,1,case_content,studio,0.0,0.0
17,2,1,case_content,assist,0.25410299055980107,0.21464700944019885
17,2,1,case_content,business,0.0,0.0
17,3,2,founder,studio,0.0,0.0
17,3,2,founder,assist,3.523561469095909,2.7164385309040915
17,3,2,founder,business,0.0,0.0
17,3,2,partners,studio,0.0,0.0
17,3,2,partners,assist,1.2332465141835682,0.9507534858164317
17,3,2,partners,business,0.0,0.0
17,3,2,case_content,studio,0.0,0.0
17,3,2,case_content,assist,0.27527823977311794,0.21222176022688216
17,3,2,case_content,business,0.0,0.0
17,4,3,founder,studio,0.0,0.0
17,4,3,founder,assist,3.8171915915205696,2.672408408479432
17,4,3,founder,business,0.0,0.0
17,4,3,partners,studio,0.0,0.0
17,4,3,partners,assist,1.3360170570321988,0.9353429429678012
17,4,3,partners,business,0.0,0.0
17,4,3,case_content,studio,0.0,0.0
17,4,3,case_content,assist,0.2982180930875444,0.20878190691245566
17,4,3,case_content,business,0.0,0.0
17,5,4,founder,studio,0.0,0.0
17,5,4,founder,assist,4.135290890813948,2.613893109186051
17,5,4,founder,business,0.0,0.0
17,5,4,partners,studio,0.0,0.0
17,5,4,partners,assist,1.447351811784882,0.9148625882151181
17,5,4,partners,business,0.0,0.0
17,5,4,case_content,studio,0.0,0.0
17,5,4,case_content,assist,0.32306960084483977,0.2042103991551603
17,5,4,case_content,business,0.0,0.0
17,6,5,founder,studio,0.0,0.0
17,6,5,founder,assist,4.479898465048446,2.5392528949515567
17,6,5,founder,business,0.0,0.0
17,6,5,partners,studio,0.0,0.0
17,6,5,partners,assist,1.5679644627669556,0.8887385132330445
17,6,5,partners,business,0.0,0.0
17,6,5,case_content,studio,0.0,0.0
17,6,5,case_content,assist,0.34999206758190976,0.19837913241809033
17,6,5,case_content,business,0.0,0.0
17,7,6,founder,studio,0.0,0.0
17,7,6,founder,assist,4.853223337135815,2.446694077264186
17,7,6,founder,business,0.0,0.0
17,7,6,partners,studio,0.0,0.0
17,7,6,partners,assist,1.6986281679975355,0.8563429270424651
17,7,6,partners,business,0.0,0.0
17,7,6,case_content,studio,0.0,0.0
17,7,6,case_content,assist,0.3791580732137356,0.19114797478626452
17,7,6,case_content,business,0.0,0.0
17,8,7,founder,studio,0.0,0.0
17,8,7,founder,assist,5.2576586152304685,2.334255495745535
17,8,7,founder,business,0.0,0.0
17,8,7,partners,studio,0.0,0.0
17,8,7,partners,assist,1.8401805153306632,0.8169894235109372
17,8,7,partners,business,0.0,0.0
17,8,7,case_content,studio,0.0,0.0
17,8,7,case_content,assist,0.4107545793148803,0.1823637106051199
17,8,7,case_content,business,0.0,0.0
17,9,8,founder,studio,0.0,0.0
17,9,8,founder,assist,5.695796833166338,2.1997938422487024
17,9,8,founder,business,0.0,0.0
17,9,8,partners,studio,0.0,0.0
17,9,8,partners,assist,1.9935288916082186,0.7699278447870458
17,9,8,partners,business,0.0,0.0
17,9,8,case_content,studio,0.0,0.0
17,9,8,case_content,assist,0.4449841275911202,0.17185889392567985
17,9,8,case_content,business,0.0,0.0
17,10,9,founder,studio,0.0,0.0
17,10,9,founder,assist,6.170446569263533,2.0409677331681086
17,10,9,founder,business,0.0,0.0
17,10,9,partners,studio,0.0,0.0
17,10,9,partners,assist,2.159656299242237,0.714338706608838
17,10,9,partners,business,0.0,0.0
17,10,9,case_content,studio,0.0,0.0
17,10,9,case_content,assist,0.48206613822371347,0.1594506041537585
17,10,9,case_content,business,0.0,0.0
17,11,10,founder,studio,0.0,0.0
17,11,10,founder,assist,6.684650450035495,1.8552204244934136
17,11,10,founder,business,0.0,0.0
17,11,10,partners,studio,0.0,0.0
17,11,10,partners,assist,2.3396276575124233,0.6493271485726947
17,11,10,partners,business,0.0,0.0
17,11,10,case_content,studio,0.0,0.0
17,11,10,case_content,assist,0.5222383164090232,0.14493909566354796
17,11,10,case_content,business,0.0,0.0
17,12,11,founder,studio,0.0,0.0
17,12,11,founder,assist,7.24170465420512,1.639761055304945
17,12,11,founder,business,0.0,0.0
17,12,11,partners,studio,0.0,0.0
17,12,11,partners,assist,2.534596628971792,0.5739163693567308
17,12,11,partners,business,0.0,0.0
17,12,11,case_content,studio,0.0,0.0
17,12,11,case_content,assist,0.5657581761097751,0.12810633244569886
17,12,11,case_content,business,0.0,0.0
17,13,12,founder,studio,0.0,0.0
17,13,12,founder,assist,7.845180042055547,1.3915442958349216
17,13,12,founder,business,0.0,0.0
17,13,12,partners,studio,0.0,0.0
17,13,12,partners,assist,2.7458130147194417,0.4870405035422225
17,13,12,partners,business,0.0,0.0
17,13,12,case_content,studio,0.0,0.0
17,13,12,case_content,assist,0.6129046907855897,0.10871439811210326
17,13,12,case_content,business,0.0,0.0
17,14,13,founder,studio,0.0,0.0
17,14,13,founder,assist,8.493465600000002,1.1065344000000001
17,14,13,founder,business,0.0,0.0
17,14,13,partners,studio,0.0,0.0
17,14,13,partners,assist,2.9746307659460616,0.387536893046069
17,14,13,partners,business,0.0,0.0
17,14,13,case_content,studio,0.0,0.0
17,14,13,case_content,assist,0.6639800816843889,0.08650377076921184
17,14,13,case_content,business,0.0,0.0
17,15,14,founder,studio,0.0,0.0
17,15,14,founder,assist,8.847360000000002,0.7526400000000001
17,15,14,founder,business,0.0,0.0
17,15,14,partners,studio,0.0,0.0
17,15,14,partners,assist,3.222516663108234,0.2741377022435824
17,15,14,partners,business,0.0,0.0
17,15,14,case_content,studio,0.0,0.0
17,15,14,case_content,assist,0.719311755158088,0.061191451393656796
17,15,14,case_content,business,0.0,0.0
17,16,15,founder,studio,0.0,0.0
17,16,15,founder,assist,9.216000000000001,0.38400000000000006
17,16,15,founder,business,0.0,0.0
17,16,15,partners,studio,0.0,0.0
17,16,15,partners,assist,3.4910597183672536,0.14546082159863558
17,16,15,partners,business,0.0,0.0
17,16,15,case_content,studio,0.0,0.0
17,16,15,case_content,assist,0.7792544014212619,0.03246893339255258
17,16,15,case_content,business,0.0,0.0
17,17,16,founder,studio,0.0,0
17,17,16,founder,assist,9.600000000000001,0
17,17,16,founder,business,0.0,0
17,17,16,partners,studio,0.0,0
17,17,16,partners,assist,3.7819813615645246,0
17,17,16,partners,business,0.0,0
17,17,16,case_content,studio,0.0,0
17,17,16,case_content,assist,0.8441922682063671,0
17,17,16,case_content,business,0.0,0
18,2,1,founder,studio,0.0,0.0
18,2,1,founder,assist,3.1224175479988365,2.8775824520011635
18,2,1,founder,business,0.0,0.0
18,2,1,partners,studio,0.0,0.0
18,2,1,partners,assist,1.0928461417995925,1.0071538582004071
18,2,1,partners,business,0.0,0.0
18,2,1,case_content,studio,0.0,0.0
18,2,1,case_content,assist,0.243938870937409,0.2248111290625909
18,2,1,case_content,business,0.0,0.0
18,3,2,founder,studio,0.0,0.0
18,3,2,founder,assist,3.382619010332073,2.857380989667928
18,3,2,founder,business,0.0,0.0
18,3,2,partners,studio,0.0,0.0
18,3,2,partners,assist,1.1839166536162256,1.0000833463837744
18,3,2,partners,business,0.0,0.0
18,3,2,case_content,studio,0.0,0.0
18,3,2,case_content,assist,0.26426711018219323,0.22323288981780687
18,3,2,case_content,business,0.0,0.0
18,4,3,founder,studio,0.0,0.0
18,4,3,founder,assist,3.6645039278597467,2.825096072140255
18,4,3,founder,business,0.0,0.0
18,4,3,partners,studio,0.0,0.0
18,4,3,partners,assist,1.282576374750911,0.9887836252490891
18,4,3,partners,business,0.0,0.0
18,4,3,case_content,studio,0.0,0.0
18,4,3,case_content,assist,0.2862893693640426,0.22071063063595742
18,4,3,case_content,business,0.0,0.0
18,5,4,founder,studio,0.0,0.0
18,5,4,founder,assist,3.9698792551813904,2.779304744818609
18,5,4,founder,business,0.0,0.0
18,5,4,partners,studio,0.0,0.0
18,5,4,partners,assist,1.3894577393134868,0.9727566606865135
18,5,4,partners,business,0.0,0.0
18,5,4,case_content,studio,0.0,0.0
18,5,4,case_content,assist,0.31014681681104617,0.2171331831889539
18,5,4,case_content,business,0.0,0.0
18,6,5,founder,studio,0.0,0.0
18,6,5,founder,assist,4.300702526446509,2.7184488335534946
18,6,5,founder,business,0.0,0.0
18,6,5,partners,studio,0.0,0.0
18,6,5,partners,assist,1.5052458842562773,0.9514570917437227
18,6,5,partners,business,0.0,0.0
18,6,5,case_content,studio,0.0,0.0
18,6,5,case_content,assist,0.33599238487863337,0.21237881512136672
18,6,5,case_content,business,0.0,0.0
18,7,6,founder,studio,0.0,0.0
18,7,6,founder,assist,4.659094403650382,2.6408230107496187
18,7,6,founder,business,0.0,0.0
18,7,6,partners,studio,0.0,0.0
18,7,6,partners,assist,1.630683041277634,0.9242880537623664
18,7,6,partners,business,0.0,0.0
18,7,6,case_content,studio,0.0,0.0
18,7,6,case_content,assist,0.3639917502851862,0.20631429771481394
18,7,6,case_content,business,0.0,0.0
18,8,7,founder,studio,0.0,0.0
18,8,7,founder,assist,5.04735227062125,2.5445618403547536
18,8,7,founder,business,0.0,0.0
18,8,7,partners,studio,0.0,0.0
18,8,7,partners,assist,1.7665732947174366,0.8905966441241637
18,8,7,partners,business,0.0,0.0
18,8,7,case_content,studio,0.0,0.0
18,8,7,case_content,assist,0.3943243961422851,0.1987938937777151
18,8,7,case_content,business,0.0,0.0
18,9,8,founder,studio,0.0,0.0
18,9,8,founder,assist,5.4679649598396844,2.427625715575356
18,9,8,founder,business,0.0,0.0
18,9,8,partners,studio,0.0,0.0
18,9,8,partners,assist,1.9137877359438897,0.8496690004513745
18,9,8,partners,business,0.0,0.0
18,9,8,case_content,studio,0.0,0.0
18,9,8,case_content,assist,0.4271847624874754,0.18965825902932465
18,9,8,case_content,business,0.0,0.0
18,10,9,founder,studio,0.0,0.0
18,10,9,founder,assist,5.923628706492992,2.28778559593865
18,10,9,founder,business,0.0,0.0
18,10,9,partners,studio,0.0,0.0
18,10,9,partners,assist,2.073270047272547,0.8007249585785275
18,10,9,partners,business,0.0,0.0
18,10,9,case_content,studio,0.0,0.0
18,10,9,case_content,assist,0.46278349269476493,0.17873324968270704
18,10,9,case_content,business,0.0,0.0
18,11,10,founder,studio,0.0,0.0
18,11,10,founder,assist,6.417264432034075,2.1226064424948334
18,11,10,founder,business,0.0,0.0
18,11,10,partners,studio,0.0,0.0
18,11,10,partners,assist,2.2460425512119264,0.7429122548731917
18,11,10,partners,business,0.0,0.0
18,11,10,case_content,studio,0.0,0.0
18,11,10,case_content,assist,0.5013487837526622,0.16582862831990888
18,11,10,case_content,business,0.0,0.0
18,12,11,founder,studio,0.0,0.0
18,12,11,founder,assist,6.952036468036915,1.9294292414731498
18,12,11,founder,business,0.0,0.0
18,12,11,partners,studio,0.0,0.0
18,12,11,partners,assist,2.43321276381292,0.6753002345156025
18,12,11,partners,business,0.0,0.0
18,12,11,case_content,studio,0.0,0.0
18,12,11,case_content,assist,0.543127849065384,0.15073665949008985
18,12,11,case_content,business,0.0,0.0
18,13,12,founder,studio,0.0,0.0
18,13,12,founder,assist,7.531372840373325,1.7053514975171433
18,13,12,founder,business,0.0,0.0
18,13,12,partners,studio,0.0,0.0
18,13,12,partners,assist,2.635980494130664,0.5968730241310002
18,13,12,partners,business,0.0,0.0
18,13,12,case_content,studio,0.0,0.0
18,13,12,case_content,assist,0.5883885031541661,0.13323058574352686
18,13,12,case_content,business,0.0,0.0
18,14,13,founder,studio,0.0,0.0
18,14,13,founder,assist,8.153726976000002,1.4462730240000004
18,14,13,founder,business,0.0,0.0
18,14,13,partners,studio,0.0,0.0
18,14,13,partners,assist,2.855645535308219,0.5065221236839115
18,14,13,partners,business,0.0,0.0
18,14,13,case_content,studio,0.0,0.0
18,14,13,case_content,assist,0.6374208784170133,0.1130629740365874
18,14,13,case_content,business,0.0,0.0
18,15,14,founder,studio,0.0,0.0
18,15,14,founder,assist,8.493465600000002,1.1065344000000001
18,15,14,founder,business,0.0,0.0
18,15,14,partners,studio,0.0,0.0
18,15,14,partners,assist,3.0936159965839045,0.40303836876791177
18,15,14,partners,business,0.0,0.0
18,15,14,case_content,studio,0.0,0.0
18,15,14,case_content,assist,0.6905392849517644,0.08996392159998032
18,15,14,case_content,business,0.0,0.0
18,16,15,founder,studio,0.0,0.0
18,16,15,founder,assist,8.847360000000002,0.7526400000000001
18,16,15,founder,business,0.0,0.0
18,16,15,partners,studio,0.0,0.0
18,16,15,partners,assist,3.3514173296325636,0.28510321033332575
18,16,15,partners,business,0.0,0.0
18,16,15,case_content,studio,0.0,0.0
18,16,15,case_content,assist,0.7480842253644114,0.06363910944940306
18,16,15,case_content,business,0.0,0.0
18,17,16,founder,studio,0.0,0.0
18,17,16,founder,assist,9.216000000000001,0.38400000000000006
18,17,16,founder,business,0.0,0.0
18,17,16,partners,studio,0.0,0.0
18,17,16,partners,assist,3.6307021071019436,0.15127925446258098
18,17,16,partners,business,0.0,0.0
18,17,16,case_content,studio,0.0,0.0
18,17,16,case_content,assist,0.8104245774781124,0.03376769072825468
18,17,16,case_content,business,0.0,0.0
18,18,17,founder,studio,0.0,0
18,18,17,founder,assist,9.600000000000001,0
18,18,17,founder,business,0.0,0
18,18,17,partners,studio,0.0,0
18,18,17,partners,assist,3.9332606160271055,0
18,18,17,partners,business,0.0,0
18,18,17,case_content,studio,0.0,0
18,18,17,case_content,assist,0.8779599589346219,0
18,18,17,case_content,business,0.0,0
19,2,1,founder,studio,0.0,0.0
19,2,1,founder,assist,2.997520846078883,3.002479153921117
19,2,1,founder,business,0.0,0.0
19,2,1,partners,studio,0.0,0.0
19,2,1,partners,assist,1.0491322961276088,1.0508677038723908
19,2,1,partners,business,0.0,0.0
19,2,1,case_content,studio,0.0,0.0
19,2,1,case_content,assist,0.23418131609991266,0.23456868390008725
19,2,1,case_content,business,0.0,0.0
19,3,2,founder,studio,0.0,0.0
19,3,2,founder,assist,3.24731424991879,2.992685750081211
19,3,2,founder,business,0.0,0.0
19,3,2,partners,studio,0.0,0.0
19,3,2,partners,assist,1.1365599874715766,1.0474400125284233
19,3,2,partners,business,0.0,0.0
19,3,2,case_content,studio,0.0,0.0
19,3,2,case_content,assist,0.2536964257749055,0.2338035742250946
19,3,2,case_content,business,0.0,0.0
19,4,3,founder,studio,0.0,0.0
19,4,3,founder,assist,3.517923770745357,2.971676229254645
19,4,3,founder,business,0.0,0.0
19,4,3,partners,studio,0.0,0.0
19,4,3,partners,assist,1.2312733197608745,1.0400866802391255
19,4,3,partners,business,0.0,0.0
19,4,3,case_content,studio,0.0,0.0
19,4,3,case_content,assist,0.2748377945894809,0.23216220541051913
19,4,3,case_content,business,0.0,0.0
19,5,4,founder,studio,0.0,0.0
19,5,4,founder,assist,3.811084084974135,2.938099915025864
19,5,4,founder,business,0.0,0.0
19,5,4,partners,studio,0.0,0.0
19,5,4,partners,assist,1.3338794297409473,1.028334970259053
19,5,4,partners,business,0.0,0.0
19,5,4,case_content,studio,0.0,0.0
19,5,4,case_content,assist,0.2977409441386043,0.22953905586139572
19,5,4,case_content,business,0.0,0.0
19,6,5,founder,studio,0.0,0.0
19,6,5,founder,assist,4.128674425388649,2.890476934611355
19,6,5,founder,business,0.0,0.0
19,6,5,partners,studio,0.0,0.0
19,6,5,partners,assist,1.445036048886026,1.0116669271139738
19,6,5,partners,business,0.0,0.0
19,6,5,case_content,studio,0.0,0.0
19,6,5,case_content,assist,0.32255268948348803,0.22581851051651206
19,6,5,case_content,business,0.0,0.0
19,7,6,founder,studio,0.0,0.0
19,7,6,founder,assist,4.472730627504367,2.827186786895634
19,7,6,founder,business,0.0,0.0
19,7,6,partners,studio,0.0,0.0
19,7,6,partners,assist,1.5654557196265286,0.9895153754134718
19,7,6,partners,business,0.0,0.0
19,7,6,case_content,studio,0.0,0.0
19,7,6,case_content,assist,0.34943208027377876,0.2208739677262214
19,7,6,case_content,business,0.0,0.0
19,8,7,founder,studio,0.0,0.0
19,8,7,founder,assist,4.8454581797964,2.7464559311796037
19,8,7,founder,business,0.0,0.0
19,8,7,partners,studio,0.0,0.0
19,8,7,partners,assist,1.695910362928739,0.9612595759128612
19,8,7,partners,business,0.0,0.0
19,8,7,case_content,studio,0.0,0.0
19,8,7,case_content,assist,0.37855142029659367,0.21456686962340651
19,8,7,case_content,business,0.0,0.0
19,9,8,founder,studio,0.0,0.0
19,9,8,founder,assist,5.249246361446097,2.6463443139689433
19,9,8,founder,business,0.0,0.0
19,9,8,partners,studio,0.0,0.0
19,9,8,partners,assist,1.8372362265061342,0.9262205098891301
19,9,8,partners,business,0.0,0.0
19,9,8,case_content,studio,0.0,0.0
19,9,8,case_content,assist,0.41009737198797636,0.20674564952882366
19,9,8,case_content,business,0.0,0.0
19,10,9,founder,studio,0.0,0.0
19,10,9,founder,assist,5.686683558233272,2.5247307441983695
19,10,9,founder,business,0.0,0.0
19,10,9,partners,studio,0.0,0.0
19,10,9,partners,assist,1.9903392453816453,0.8836557604694294
19,10,9,partners,business,0.0,0.0
19,10,9,case_content,studio,0.0,0.0
19,10,9,case_content,assist,0.4442721529869743,0.19724458939049763
19,10,9,case_content,business,0.0,0.0
19,11,10,founder,studio,0.0,0.0
19,11,10,founder,assist,6.160573854752712,2.3792970197761965
19,11,10,founder,business,0.0,0.0
19,11,10,partners,studio,0.0,0.0
19,11,10,partners,assist,2.1562008491634495,0.8327539569216688
19,11,10,partners,business,0.0,0.0
19,11,10,case_content,studio,0.0,0.0
19,11,10,case_content,assist,0.4812948324025557,0.18588257967001537
19,11,10,case_content,business,0.0,0.0
19,12,11,founder,studio,0.0,0.0
19,12,11,founder,assist,6.6739550093154385,2.2075107001946264
19,12,11,founder,business,0.0,0.0
19,12,11,partners,studio,0.0,0.0
19,12,11,partners,assist,2.3358842532604034,0.7726287450681193
19,12,11,partners,business,0.0,0.0
19,12,11,case_content,studio,0.0,0.0
19,12,11,case_content,assist,0.5214027351027687,0.17246177345270522
19,12,11,case_content,business,0.0,0.0
19,13,12,founder,studio,0.0,0.0
19,13,12,founder,assist,7.230117926758392,2.0066064111320765
19,13,12,founder,business,0.0,0.0
19,13,12,partners,studio,0.0,0.0
19,13,12,partners,assist,2.5305412743654374,0.7023122438962267
19,13,12,partners,business,0.0,0.0
19,13,12,case_content,studio,0.0,0.0
19,13,12,case_content,assist,0.5648529630279995,0.15676612586969352
19,13,12,case_content,business,0.0,0.0
19,14,13,founder,studio,0.0,0.0
19,14,13,founder,assist,7.827577896960001,1.7724221030400005
19,14,13,founder,business,0.0,0.0
19,14,13,partners,studio,0.0,0.0
19,14,13,partners,assist,2.7414197138958905,0.6207479450962402
19,14,13,partners,business,0.0,0.0
19,14,13,case_content,studio,0.0,0.0
19,14,13,case_content,assist,0.6119240432803328,0.13855980917326793
19,14,13,case_content,business,0.0,0.0
19,15,14,founder,studio,0.0,0.0
19,15,14,founder,assist,8.153726976000002,1.4462730240000004
19,15,14,founder,business,0.0,0.0
19,15,14,partners,studio,0.0,0.0
19,15,14,partners,assist,2.969871356720548,0.5267830086312679
19,15,14,partners,business,0.0,0.0
19,15,14,case_content,studio,0.0,0.0
19,15,14,case_content,assist,0.6629177135536939,0.11758549299805089
19,15,14,case_content,business,0.0,0.0
19,16,15,founder,studio,0.0,0.0
19,16,15,founder,assist,8.493465600000002,1.1065344000000001
19,16,15,founder,business,0.0,0.0
19,16,15,partners,studio,0.0,0.0
19,16,15,partners,assist,3.217360636447261,0.4191599035186283
19,16,15,partners,business,0.0,0.0
19,16,15,case_content,studio,0.0,0.0
19,16,15,case_content,assist,0.718160856349835,0.09356247846397951
19,16,15,case_content,business,0.0,0.0
19,17,16,founder,studio,0.0,0.0
19,17,16,founder,assist,8.847360000000002,0.7526400000000001
19,17,16,founder,business,0.0,0.0
19,17,16,partners,studio,0.0,0.0
19,17,16,partners,assist,3.485474022817866,0.2965073387466587
19,17,16,partners,business,0.0,0.0
19,17,16,case_content,studio,0.0,0.0
19,17,16,case_content,assist,0.7780075943789879,0.06618467382737918
19,17,16,case_content,business,0.0,0.0
19,18,17,founder,studio,0.0,0.0
19,18,17,founder,assist,9.216000000000001,0.38400000000000006
19,18,17,founder,business,0.0,0.0
19,18,17,partners,studio,0.0,0.0
19,18,17,partners,assist,3.7759301913860215,0.15733042464108424
19,18,17,partners,business,0.0,0.0
19,18,17,case_content,studio,0.0,0.0
19,18,17,case_content,assist,0.842841560577237,0.035118398357384874
19,18,17,case_content,business,0.0,0.0
19,19,18,founder,studio,0.0,0
19,19,18,founder,assist,9.600000000000001,0
19,19,18,founder,business,0.0,0
19,19,18,partners,studio,0.0,0
19,19,18,partners,assist,4.0905910406681905,0
19,19,18,partners,business,0.0,0
19,19,18,case_content,studio,0.0,0
19,19,18,case_content,assist,0.9130783572920067,0
19,19,18,case_content,business,0.0,0
20,2,1,founder,studio,0.0,0.0
20,2,1,founder,assist,2.877620012235728,3.122379987764272
20,2,1,founder,business,0.0,0.0
20,2,1,partners,studio,0.0,0.0
20,2,1,partners,assist,1.0071670042825045,1.0928329957174951
20,2,1,partners,business,0.0,0.0
20,2,1,case_content,studio,0.0,0.0
20,2,1,case_content,assist,0.22481406345591615,0.24393593654408377
20,2,1,case_content,business,0.0,0.0
20,3,2,founder,studio,0.0,0.0
20,3,2,founder,assist,3.1174216799220384,3.1225783200779627
20,3,2,founder,business,0.0,0.0
20,3,2,partners,studio,0.0,0.0
20,3,2,partners,assist,1.0910975879727136,1.0929024120272863
20,3,2,partners,business,0.0,0.0
20,3,2,case_content,studio,0.0,0.0
20,3,2,case_content,assist,0.24354856874390926,0.2439514312560908
20,3,2,case_content,business,0.0,0.0
20,4,3,founder,studio,0.0,0.0
20,4,3,founder,assist,3.3772068199155427,3.1123931800844593
20,4,3,founder,business,0.0,0.0
20,4,3,partners,studio,0.0,0.0
20,4,3,partners,assist,1.1820223869704396,1.0893376130295604
20,4,3,partners,business,0.0,0.0
20,4,3,case_content,studio,0.0,0.0
20,4,3,case_content,assist,0.26384428280590166,0.24315571719409837
20,4,3,case_content,business,0.0,0.0
20,5,4,founder,studio,0.0,0.0
20,5,4,founder,assist,3.6586407215751695,3.0905432784248297
20,5,4,founder,business,0.0,0.0
20,5,4,partners,studio,0.0,0.0
20,5,4,partners,assist,1.2805242525513094,1.0816901474486909
20,5,4,partners,business,0.0,0.0
20,5,4,case_content,studio,0.0,0.0
20,5,4,case_content,assist,0.28583130637306015,0.2414486936269399
20,5,4,case_content,business,0.0,0.0
20,6,5,founder,studio,0.0,0.0
20,6,5,founder,assist,3.963527448373103,3.055623911626901
20,6,5,founder,business,0.0,0.0
20,6,5,partners,studio,0.0,0.0
20,6,5,partners,assist,1.387234606930585,1.069468369069415
20,6,5,partners,business,0.0,0.0
20,6,5,case_content,studio,0.0,0.0
20,6,5,case_content,assist,0.3096505819041485,0.23872061809585157
20,6,5,case_content,business,0.0,0.0
20,7,6,founder,studio,0.0,0.0
20,7,6,founder,assist,4.293821402404192,3.0060960119958087
20,7,6,founder,business,0.0,0.0
20,7,6,partners,studio,0.0,0.0
20,7,6,partners,assist,1.5028374908414674,1.052133604198533
20,7,6,partners,business,0.0,0.0
20,7,6,case_content,studio,0.0,0.0
20,7,6,case_content,assist,0.3354547970628276,0.23485125093717255
20,7,6,case_content,business,0.0,0.0
20,8,7,founder,studio,0.0,0.0
20,8,7,founder,assist,4.651639852604544,2.94027425837146
20,8,7,founder,business,0.0,0.0
20,8,7,partners,studio,0.0,0.0
20,8,7,partners,assist,1.6280739484115896,1.0290959904300108
20,8,7,partners,business,0.0,0.0
20,8,7,case_content,studio,0.0,0.0
20,8,7,case_content,assist,0.3634093634847299,0.22970892643527027
20,8,7,case_content,business,0.0,0.0
20,9,8,founder,studio,0.0,0.0
20,9,8,founder,assist,5.039276506988253,2.8563141684267874
20,9,8,founder,business,0.0,0.0
20,9,8,partners,studio,0.0,0.0
20,9,8,partners,assist,1.7637467774458888,0.9997099589493754
20,9,8,partners,business,0.0,0.0
20,9,8,case_content,studio,0.0,0.0
20,9,8,case_content,assist,0.3936934771084573,0.2231495444083427
20,9,8,case_content,business,0.0,0.0
20,10,9,founder,studio,0.0,0.0
20,10,9,founder,assist,5.4592162159039415,2.7521980865277005
20,10,9,founder,business,0.0,0.0
20,10,9,partners,studio,0.0,0.0
20,10,9,partners,assist,1.9107256755663795,0.9632693302846952
20,10,9,partners,business,0.0,0.0
20,10,9,case_content,studio,0.0,0.0
20,10,9,case_content,assist,0.42650126686749534,0.2150154755099766
20,10,9,case_content,business,0.0,0.0
20,11,10,founder,studio,0.0,0.0
20,11,10,founder,assist,5.914150900562603,2.625719973966305
20,11,10,founder,business,0.0,0.0
20,11,10,partners,studio,0.0,0.0
20,11,10,partners,assist,2.0699528151969115,0.9190019908882068
20,11,10,partners,business,0.0,0.0
20,11,10,case_content,studio,0.0,0.0
20,11,10,case_content,assist,0.4620430391064535,0.20513437296611758
20,11,10,case_content,business,0.0,0.0
20,12,11,founder,studio,0.0,0.0
20,12,11,founder,assist,6.406996808942821,2.474468900567244
20,12,11,founder,business,0.0,0.0
20,12,11,partners,studio,0.0,0.0
20,12,11,partners,assist,2.2424488831299874,0.8660641151985354
20,12,11,partners,business,0.0,0.0
20,12,11,case_content,studio,0.0,0.0
20,12,11,case_content,assist,0.5005466256986579,0.19331788285681598
20,12,11,case_content,business,0.0,0.0
20,13,12,founder,studio,0.0,0.0
20,13,12,founder,assist,6.940913209688056,2.2958111282024123
20,13,12,founder,business,0.0,0.0
20,13,12,partners,studio,0.0,0.0
20,13,12,partners,assist,2.42931962339082,0.8035338948708441
20,13,12,partners,business,0.0,0.0
20,13,12,case_content,studio,0.0,0.0
20,13,12,case_content,assist,0.5422588445068794,0.1793602443908135
20,13,12,case_content,business,0.0,0.0
20,14,13,founder,studio,0.0,0.0
20,14,13,founder,assist,7.514474781081601,2.0855252189184004
20,14,13,founder,business,0.0,0.0
20,14,13,partners,studio,0.0,0.0
20,14,13,partners,assist,2.631762925340055,0.7304047336520758
20,14,13,partners,business,0.0,0.0
20,14,13,case_content,studio,0.0,0.0
20,14,13,case_content,assist,0.5874470815491195,0.16303677090448124
20,14,13,case_content,business,0.0,0.0
20,15,14,founder,studio,0.0,0.0
20,15,14,founder,assist,7.827577896960001,1.7724221030400005
20,15,14,founder,business,0.0,0.0
20,15,14,partners,studio,0.0,0.0
20,15,14,partners,assist,2.8510765024517264,0.6455778629000899
20,15,14,partners,business,0.0,0.0
20,15,14,case_content,studio,0.0,0.0
20,15,14,case_content,assist,0.6364010050115462,0.14410220154019865
20,15,14,case_content,business,0.0,0.0
20,16,15,founder,studio,0.0,0.0
20,16,15,founder,assist,8.153726976000002,1.4462730240000004
20,16,15,founder,business,0.0,0.0
20,16,15,partners,studio,0.0,0.0
20,16,15,partners,assist,3.0886662109893703,0.5478543289765188
20,16,15,partners,business,0.0,0.0
20,16,15,case_content,studio,0.0,0.0
20,16,15,case_content,assist,0.6894344220958416,0.1222889127179729
20,16,15,case_content,business,0.0,0.0
20,17,16,founder,studio,0.0,0.0
20,17,16,founder,assist,8.493465600000002,1.1065344000000001
20,17,16,founder,business,0.0,0.0
20,17,16,partners,studio,0.0,0.0
20,17,16,partners,assist,3.346055061905151,0.43592629965937335
20,17,16,partners,business,0.0,0.0
20,17,16,case_content,studio,0.0,0.0
20,17,16,case_content,assist,0.7468872906038284,0.0973049776025387
20,17,16,case_content,business,0.0,0.0
20,18,17,founder,studio,0.0,0.0
20,18,17,founder,assist,8.847360000000002,0.7526400000000001
20,18,17,founder,business,0.0,0.0
20,18,17,partners,studio,0.0,0.0
20,18,17,partners,assist,3.6248929837305806,0.3083676322965251
20,18,17,partners,business,0.0,0.0
20,18,17,case_content,studio,0.0,0.0
20,18,17,case_content,assist,0.8091278981541475,0.06883206078047435
20,18,17,case_content,business,0.0,0.0
20,19,18,founder,studio,0.0,0.0
20,19,18,founder,assist,9.216000000000001,0.38400000000000006
20,19,18,founder,business,0.0,0.0
20,19,18,partners,studio,0.0,0.0
20,19,18,partners,assist,3.926967399041463,0.16362364162672763
20,19,18,partners,business,0.0,0.0
20,19,18,case_content,studio,0.0,0.0
20,19,18,case_content,assist,0.8765552230003264,0.03652313429168027
20,19,18,case_content,business,0.0,0.0
20,20,19,founder,studio,0.0,0
20,20,19,founder,assist,9.600000000000001,0
20,20,19,founder,business,0.0,0
20,20,19,partners,studio,0.0,0
20,20,19,partners,assist,4.2542146822949185,0
20,20,19,partners,business,0.0,0
20,20,19,case_content,studio,0.0,0
20,20,19,case_content,assist,0.949601491583687,0
20,20,19,case_content,business,0.0,0
21,2,1,founder,studio,0.0,0.0
21,2,1,founder,assist,2.7625152117462988,3.2374847882537012
21,2,1,founder,business,0.0,0.0
21,2,1,partners,studio,0.0,0.0
21,2,1,partners,assist,0.9668803241112043,1.1331196758887954
21,2,1,partners,business,0.0,0.0
21,2,1,case_content,studio,0.0,0.0
21,2,1,case_content,assist,0.2158215009176795,0.2529284990823204
21,2,1,case_content,business,0.0,0.0
21,3,2,founder,studio,0.0,0.0
21,3,2,founder,assist,2.992724812725157,3.247275187274844
21,3,2,founder,business,0.0,0.0
21,3,2,partners,studio,0.0,0.0
21,3,2,partners,assist,1.0474536844538052,1.1365463155461948
21,3,2,partners,business,0.0,0.0
21,3,2,case_content,studio,0.0,0.0
21,3,2,case_content,assist,0.2338066259941529,0.2536933740058472
21,3,2,case_content,business,0.0,0.0
21,4,3,founder,studio,0.0,0.0
21,4,3,founder,assist,3.242118547118921,3.247481452881081
21,4,3,founder,business,0.0,0.0
21,4,3,partners,studio,0.0,0.0
21,4,3,partners,assist,1.134741491491622,1.136618508508378
21,4,3,partners,business,0.0,0.0
21,4,3,case_content,studio,0.0,0.0
21,4,3,case_content,assist,0.2532905114936656,0.25370948850633446
21,4,3,case_content,business,0.0,0.0
21,5,4,founder,studio,0.0,0.0
21,5,4,founder,assist,3.512295092712163,3.2368889072878364
21,5,4,founder,business,0.0,0.0
21,5,4,partners,studio,0.0,0.0
21,5,4,partners,assist,1.2293032824492571,1.1329111175507431
21,5,4,partners,business,0.0,0.0
21,5,4,case_content,studio,0.0,0.0
21,5,4,case_content,assist,0.2743980541181377,0.2528819458818623
21,5,4,case_content,business,0.0,0.0
21,6,5,founder,studio,0.0,0.0
21,6,5,founder,assist,3.804986350438179,3.214165009561825
21,6,5,founder,business,0.0,0.0
21,6,5,partners,studio,0.0,0.0
21,6,5,partners,assist,1.3317452226533615,1.1249577533466384
21,6,5,partners,business,0.0,0.0
21,6,5,case_content,studio,0.0,0.0
21,6,5,case_content,assist,0.29726455862798257,0.2511066413720175
21,6,5,case_content,business,0.0,0.0
21,7,6,founder,studio,0.0,0.0
21,7,6,founder,assist,4.122068546308024,3.1778488680919765
21,7,6,founder,business,0.0,0.0
21,7,6,partners,studio,0.0,0.0
21,7,6,partners,assist,1.4427239912078087,1.1122471038321917
21,7,6,partners,business,0.0,0.0
21,7,6,case_content,studio,0.0,0.0
21,7,6,case_content,assist,0.3220366051803145,0.24826944281968566
21,7,6,case_content,business,0.0,0.0
21,8,7,founder,studio,0.0,0.0
21,8,7,founder,assist,4.465574258500362,3.1263398524756414
21,8,7,founder,business,0.0,0.0
21,8,7,partners,studio,0.0,0.0
21,8,7,partners,assist,1.562950990475126,1.0942189483664744
21,8,7,partners,business,0.0,0.0
21,8,7,case_content,studio,0.0,0.0
21,8,7,case_content,assist,0.3488729889453407,0.24424530097465946
21,8,7,case_content,business,0.0,0.0
21,9,8,founder,studio,0.0,0.0
21,9,8,founder,assist,4.837705446708723,3.0578852287063176
21,9,8,founder,business,0.0,0.0
21,9,8,partners,studio,0.0,0.0
21,9,8,partners,assist,1.6931969063480532,1.070259830047211
21,9,8,partners,business,0.0,0.0
21,9,8,case_content,studio,0.0,0.0
21,9,8,case_content,assist,0.377945738024119,0.238897283492681
21,9,8,case_content,business,0.0,0.0
21,10,9,founder,studio,0.0,0.0
21,10,9,founder,assist,5.2408475672677834,2.970566735163858
21,10,9,founder,business,0.0,0.0
21,10,9,partners,studio,0.0,0.0
21,10,9,partners,assist,1.8342966485437244,1.0396983573073504
21,10,9,partners,business,0.0,0.0
21,10,9,case_content,studio,0.0,0.0
21,10,9,case_content,assist,0.40944121619279555,0.23207552618467642
21,10,9,case_content,business,0.0,0.0
21,11,10,founder,studio,0.0,0.0
21,11,10,founder,assist,5.6775848645400995,2.862286009988809
21,11,10,founder,business,0.0,0.0
21,11,10,partners,studio,0.0,0.0
21,11,10,partners,assist,1.987154702589035,1.0018001034960833
21,11,10,partners,business,0.0,0.0
21,11,10,case_content,studio,0.0,0.0
21,11,10,case_content,assist,0.44356131754219535,0.22361609453037573
21,11,10,case_content,business,0.0,0.0
21,12,11,founder,studio,0.0,0.0
21,12,11,founder,assist,6.150716936585108,2.7307487729249567
21,12,11,founder,business,0.0,0.0
21,12,11,partners,studio,0.0,0.0
21,12,11,partners,assist,2.152750927804788,0.955762070523735
21,12,11,partners,business,0.0,0.0
21,12,11,case_content,studio,0.0,0.0
21,12,11,case_content,assist,0.4805247606707116,0.2133397478847623
21,12,11,case_content,business,0.0,0.0
21,13,12,founder,studio,0.0,0.0
21,13,12,founder,assist,6.663276681300534,2.5734476565899347
21,13,12,founder,business,0.0,0.0
21,13,12,partners,studio,0.0,0.0
21,13,12,partners,assist,2.332146838455187,0.9007066798064769
21,13,12,partners,business,0.0,0.0
21,13,12,case_content,studio,0.0,0.0
21,13,12,case_content,assist,0.5205684907266043,0.20105059817108867
21,13,12,case_content,business,0.0,0.0
21,14,13,founder,studio,0.0,0.0
21,14,13,founder,assist,7.213895789838337,2.3861042101616645
21,14,13,founder,business,0.0,0.0
21,14,13,partners,studio,0.0,0.0
21,14,13,partners,assist,2.526492408326453,0.835675250665678
21,14,13,partners,business,0.0,0.0
21,14,13,case_content,studio,0.0,0.0
21,14,13,case_content,assist,0.5639491982871547,0.18653465416644602
21,14,13,case_content,business,0.0,0.0
21,15,14,founder,studio,0.0,0.0
21,15,14,founder,assist,7.514474781081601,2.0855252189184004
21,15,14,founder,business,0.0,0.0
21,15,14,partners,studio,0.0,0.0
21,15,14,partners,assist,2.7370334423536575,0.759620922998159
21,15,14,partners,business,0.0,0.0
21,15,14,case_content,studio,0.0,0.0
21,15,14,case_content,assist,0.6109449648110843,0.1695582417406605
21,15,14,case_content,business,0.0,0.0
21,16,15,founder,studio,0.0,0.0
21,16,15,founder,assist,7.827577896960001,1.7724221030400005
21,16,15,founder,business,0.0,0.0
21,16,15,partners,studio,0.0,0.0
21,16,15,partners,assist,2.9651195625497957,0.6714009774160936
21,16,15,partners,business,0.0,0.0
21,16,15,case_content,studio,0.0,0.0
21,16,15,case_content,assist,0.6618570452120079,0.14986628960180656
21,16,15,case_content,business,0.0,0.0
21,17,16,founder,studio,0.0,0.0
21,17,16,founder,assist,8.153726976000002,1.4462730240000004
21,17,16,founder,business,0.0,0.0
21,17,16,partners,studio,0.0,0.0
21,17,16,partners,assist,3.212212859428945,0.5697685021355794
21,17,16,partners,business,0.0,0.0
21,17,16,case_content,studio,0.0,0.0
21,17,16,case_content,assist,0.7170117989796753,0.12718046922669185
21,17,16,case_content,business,0.0,0.0
21,18,17,founder,studio,0.0,0.0
21,18,17,founder,assist,8.493465600000002,1.1065344000000001
21,18,17,founder,business,0.0,0.0
21,18,17,partners,studio,0.0,0.0
21,18,17,partners,assist,3.4798972643813575,0.4533633516457483
21,18,17,partners,business,0.0,0.0
21,18,17,case_content,studio,0.0,0.0
21,18,17,case_content,assist,0.7767627822279817,0.10119717670664025
21,18,17,case_content,business,0.0,0.0
21,19,18,founder,studio,0.0,0.0
21,19,18,founder,assist,8.847360000000002,0.7526400000000001
21,19,18,founder,business,0.0,0.0
21,19,18,partners,studio,0.0,0.0
21,19,18,partners,assist,3.7698887030798045,0.3207023375883862
21,19,18,partners,business,0.0,0.0
21,19,18,case_content,studio,0.0,0.0
21,19,18,case_content,assist,0.8414930140803133,0.07158534321169333
21,19,18,case_content,business,0.0,0.0
21,20,19,founder,studio,0.0,0.0
21,20,19,founder,assist,9.216000000000001,0.38400000000000006
21,20,19,founder,business,0.0,0.0
21,20,19,partners,studio,0.0,0.0
21,20,19,partners,assist,4.084046095003122,0.17016858729179674
21,20,19,partners,business,0.0,0.0
21,20,19,case_content,studio,0.0,0.0
21,20,19,case_content,assist,0.9116174319203395,0.03798405966334748
21,20,19,case_content,business,0.0,0.0
21,21,20,founder,studio,0.0,0
21,21,20,founder,assist,9.600000000000001,0
21,21,20,founder,business,0.0,0
21,21,20,partners,studio,0.0,0
21,21,20,partners,assist,4.424383269586715,0
21,21,20,partners,business,0.0,0
21,21,20,case_content,studio,0.0,0
21,21,20,case_content,assist,0.9875855512470346,0
21,21,20,case_content,business,0.0,0
22,2,1,founder,studio,0.0,0.0
22,2,1,founder,assist,2.652014603276447,3.347985396723553
22,2,1,founder,business,0.0,0.0
22,2,1,partners,studio,0.0,0.0
22,2,1,partners,assist,0.9282051111467561,1.1717948888532435
22,2,1,partners,business,0.0,0.0
22,2,1,case_content,studio,0.0,0.0
22,2,1,case_content,assist,0.2071886408809723,0.26156135911902756
22,2,1,case_content,business,0.0,0.0
22,3,2,founder,studio,0.0,0.0
22,3,2,founder,assist,2.8730158202161507,3.3669841797838505
22,3,2,founder,business,0.0,0.0
22,3,2,partners,studio,0.0,0.0
22,3,2,partners,assist,1.005555537075653,1.178444462924347
22,3,2,partners,business,0.0,0.0
22,3,2,case_content,studio,0.0,0.0
22,3,2,case_content,assist,0.22445436095438678,0.2630456390456133
22,3,2,case_content,business,0.0,0.0
22,4,3,founder,studio,0.0,0.0
22,4,3,founder,assist,3.112433805234164,3.377166194765838
22,4,3,founder,business,0.0,0.0
22,4,3,partners,studio,0.0,0.0
22,4,3,partners,assist,1.0893518318319573,1.1820081681680428
22,4,3,partners,business,0.0,0.0
22,4,3,case_content,studio,0.0,0.0
22,4,3,case_content,assist,0.24315889103391897,0.2638411089660811
22,4,3,case_content,business,0.0,0.0
22,5,4,founder,studio,0.0,0.0
22,5,4,founder,assist,3.3718032890036764,3.3773807109963228
22,5,4,founder,business,0.0,0.0
22,5,4,partners,studio,0.0,0.0
22,5,4,partners,assist,1.1801311511512869,1.1820832488487134
22,5,4,partners,business,0.0,0.0
22,5,4,case_content,studio,0.0,0.0
22,5,4,case_content,assist,0.26342213195341224,0.2638578680465878
22,5,4,case_content,business,0.0,0.0
22,6,5,founder,studio,0.0,0.0
22,6,5,founder,assist,3.652786896420652,3.366364463579352
22,6,5,founder,business,0.0,0.0
22,6,5,partners,studio,0.0,0.0
22,6,5,partners,assist,1.278475413747227,1.178227562252773
22,6,5,partners,business,0.0,0.0
22,6,5,case_content,studio,0.0,0.0
22,6,5,case_content,assist,0.28537397628286326,0.2629972237171368
22,6,5,case_content,business,0.0,0.0
22,7,6,founder,studio,0.0,0.0
22,7,6,founder,assist,3.9571858044557033,3.3427316099442974
22,7,6,founder,business,0.0,0.0
22,7,6,partners,studio,0.0,0.0
22,7,6,partners,assist,1.3850150315594965,1.169956063480504
22,7,6,partners,business,0.0,0.0
22,7,6,case_content,studio,0.0,0.0
22,7,6,case_content,assist,0.3091551409731019,0.26115090702689825
22,7,6,case_content,business,0.0,0.0
22,8,7,founder,studio,0.0,0.0
22,8,7,founder,assist,4.286951288160347,3.304962822815656
22,8,7,founder,business,0.0,0.0
22,8,7,partners,studio,0.0,0.0
22,8,7,partners,assist,1.500432950856121,1.1567369879854794
22,8,7,partners,business,0.0,0.0
22,8,7,case_content,studio,0.0,0.0
22,8,7,case_content,assist,0.33491806938752705,0.2582002205324731
22,8,7,case_content,business,0.0,0.0
22,9,8,founder,studio,0.0,0.0
22,9,8,founder,assist,4.644197228840374,3.2513934465746663
22,9,8,founder,business,0.0,0.0
22,9,8,partners,studio,0.0,0.0
22,9,8,partners,assist,1.625469030094131,1.1379877063011332
22,9,8,partners,business,0.0,0.0
22,9,8,case_content,studio,0.0,0.0
22,9,8,case_content,assist,0.3628279085031543,0.25401511301364577
22,9,8,case_content,business,0.0,0.0
22,10,9,founder,studio,0.0,0.0
22,10,9,founder,assist,5.031213664577072,3.1802006378545693
22,10,9,founder,business,0.0,0.0
22,10,9,partners,studio,0.0,0.0
22,10,9,partners,assist,1.7609247826019754,1.1130702232490994
22,10,9,partners,business,0.0,0.0
22,10,9,case_content,studio,0.0,0.0
22,10,9,case_content,assist,0.39306356754508376,0.24845317483238824
22,10,9,case_content,business,0.0,0.0
22,11,10,founder,studio,0.0,0.0
22,11,10,founder,assist,5.450481469958495,3.089389404570413
22,11,10,founder,business,0.0,0.0
22,11,10,partners,studio,0.0,0.0
22,11,10,partners,assist,1.9076685144854737,1.0812862915996446
22,11,10,partners,business,0.0,0.0
22,11,10,case_content,studio,0.0,0.0
22,11,10,case_content,assist,0.4258188648405075,0.24135854723206354
22,11,10,case_content,business,0.0,0.0
22,12,11,founder,studio,0.0,0.0
22,12,11,founder,assist,5.904688259121704,2.976777450388361
22,12,11,founder,business,0.0,0.0
22,12,11,partners,studio,0.0,0.0
22,12,11,partners,assist,2.066640890692596,1.0418721076359265
22,12,11,partners,business,0.0,0.0
22,12,11,case_content,studio,0.0,0.0
22,12,11,case_content,assist,0.46130377024388314,0.23256073831159074
22,12,11,case_content,business,0.0,0.0
22,13,12,founder,studio,0.0,0.0
22,13,12,founder,assist,6.396745614048513,2.839978723841956
22,13,12,founder,business,0.0,0.0
22,13,12,partners,studio,0.0,0.0
22,13,12,partners,assist,2.2388609649169795,0.9939925533446844
22,13,12,partners,business,0.0,0.0
22,13,12,case_content,studio,0.0,0.0
22,13,12,case_content,assist,0.4997457510975401,0.22187333780015284
22,13,12,case_content,business,0.0,0.0
22,14,13,founder,studio,0.0,0.0
22,14,13,founder,assist,6.925339958244804,2.674660041755198
22,14,13,founder,business,0.0,0.0
22,14,13,partners,studio,0.0,0.0
22,14,13,partners,assist,2.4254327119933947,0.9367349469987362
22,14,13,partners,business,0.0,0.0
22,14,13,case_content,studio,0.0,0.0
22,14,13,case_content,assist,0.5413912303556685,0.2090926220979322
22,14,13,case_content,business,0.0,0.0
22,15,14,founder,studio,0.0,0.0
22,15,14,founder,assist,7.213895789838337,2.3861042101616645
22,15,14,founder,business,0.0,0.0
22,15,14,partners,studio,0.0,0.0
22,15,14,partners,assist,2.6275521046595114,0.8691022606923053
22,15,14,partners,business,0.0,0.0
22,15,14,case_content,studio,0.0,0.0
22,15,14,case_content,assist,0.586507166218641,0.1939960403331039
22,15,14,case_content,business,0.0,0.0
22,16,15,founder,studio,0.0,0.0
22,16,15,founder,assist,7.514474781081601,2.0855252189184004
22,16,15,founder,business,0.0,0.0
22,16,15,partners,studio,0.0,0.0
22,16,15,partners,assist,2.8465147800478037,0.7900057599180854
22,16,15,partners,business,0.0,0.0
22,16,15,case_content,studio,0.0,0.0
22,16,15,case_content,assist,0.6353827634035276,0.1763405714102869
22,16,15,case_content,business,0.0,0.0
22,17,16,founder,studio,0.0,0.0
22,17,16,founder,assist,7.827577896960001,1.7724221030400005
22,17,16,founder,business,0.0,0.0
22,17,16,partners,studio,0.0,0.0
22,17,16,partners,assist,3.0837243450517873,0.6982570165127372
22,17,16,partners,business,0.0,0.0
22,17,16,case_content,studio,0.0,0.0
22,17,16,case_content,assist,0.6883313270204883,0.15586094118587887
22,17,16,case_content,business,0.0,0.0
22,18,17,founder,studio,0.0,0.0
22,18,17,founder,assist,8.153726976000002,1.4462730240000004
22,18,17,founder,business,0.0,0.0
22,18,17,partners,studio,0.0,0.0
22,18,17,partners,assist,3.340701373806103,0.5925592422210026
22,18,17,partners,business,0.0,0.0
22,18,17,case_content,studio,0.0,0.0
22,18,17,case_content,assist,0.7456922709388624,0.13226768799575953
22,18,17,case_content,business,0.0,0.0
22,19,18,founder,studio,0.0,0.0
22,19,18,founder,assist,8.493465600000002,1.1065344000000001
22,19,18,founder,business,0.0,0.0
22,19,18,partners,studio,0.0,0.0
22,19,18,partners,assist,3.6190931549566123,0.47149788571157836
22,19,18,partners,business,0.0,0.0
22,19,18,case_content,studio,0.0,0.0
22,19,18,case_content,assist,0.8078332935171008,0.10524506377490586
22,19,18,case_content,business,0.0,0.0
22,20,19,founder,studio,0.0,0.0
22,20,19,founder,assist,8.847360000000002,0.7526400000000001
22,20,19,founder,business,0.0,0.0
22,20,19,partners,studio,0.0,0.0
22,20,19,partners,assist,3.9206842512029967,0.3335304310919216
22,20,19,partners,business,0.0,0.0
22,20,19,case_content,studio,0.0,0.0
22,20,19,case_content,assist,0.8751527346435259,0.07444875694016106
22,20,19,case_content,business,0.0,0.0
22,21,20,founder,studio,0.0,0.0
22,21,20,founder,assist,9.216000000000001,0.38400000000000006
22,21,20,founder,business,0.0,0.0
22,21,20,partners,studio,0.0,0.0
22,21,20,partners,assist,4.247407938803247,0.1769753307834686
22,21,20,partners,business,0.0,0.0
22,21,20,case_content,studio,0.0,0.0
22,21,20,case_content,assist,0.9480821291971533,0.03950342204988139
22,21,20,case_content,business,0.0,0.0
22,22,21,founder,studio,0.0,0
22,22,21,founder,assist,9.600000000000001,0
22,22,21,founder,business,0.0,0
22,22,21,partners,studio,0.0,0
22,22,21,partners,assist,4.601358600370184,0
22,22,21,partners,business,0.0,0
22,22,21,case_content,studio,0.0,0
22,22,21,case_content,assist,1.027088973296916,0
22,22,21,case_content,business,0.0,0
23,2,1,founder,studio,0.0,0.0
23,2,1,founder,assist,2.545934019145389,3.454065980854611
23,2,1,founder,business,0.0,0.0
23,2,1,partners,studio,0.0,0.0
23,2,1,partners,assist,0.8910769067008858,1.2089230932991137
23,2,1,partners,business,0.0,0.0
23,2,1,case_content,studio,0.0,0.0
23,2,1,case_content,assist,0.1989010952457334,0.2698489047542664
23,2,1,case_content,business,0.0,0.0
23,3,2,founder,studio,0.0,0.0
23,3,2,founder,assist,2.7580951874075046,3.4819048125924965
23,3,2,founder,business,0.0,0.0
23,3,2,partners,studio,0.0,0.0
23,3,2,partners,assist,0.9653333155926269,1.218666684407373
23,3,2,partners,business,0.0,0.0
23,3,2,case_content,studio,0.0,0.0
23,3,2,case_content,assist,0.2154761865162113,0.27202381348378873
23,3,2,case_content,business,0.0,0.0
23,4,3,founder,studio,0.0,0.0
23,4,3,founder,assist,2.9879364530247976,3.5016635469752044
23,4,3,founder,business,0.0,0.0
23,4,3,partners,studio,0.0,0.0
23,4,3,partners,assist,1.045777758558679,1.225582241441321
23,4,3,partners,business,0.0,0.0
23,4,3,case_content,studio,0.0,0.0
23,4,3,case_content,assist,0.2334325353925622,0.27356746460743786
23,4,3,case_content,business,0.0,0.0
23,5,4,founder,studio,0.0,0.0
23,5,4,founder,assist,3.2369311574435295,3.5122528425564696
23,5,4,founder,business,0.0,0.0
23,5,4,partners,studio,0.0,0.0
23,5,4,partners,assist,1.1329259051052354,1.2292884948947649
23,5,4,partners,business,0.0,0.0
23,5,4,case_content,studio,0.0,0.0
23,5,4,case_content,assist,0.25288524667527573,0.2743947533247243
23,5,4,case_content,business,0.0,0.0
23,6,5,founder,studio,0.0,0.0
23,6,5,founder,assist,3.5066754205638255,3.5124759394361784
23,6,5,founder,business,0.0,0.0
23,6,5,partners,studio,0.0,0.0
23,6,5,partners,assist,1.227336397197338,1.229366578802662
23,6,5,partners,business,0.0,0.0
23,6,5,case_content,studio,0.0,0.0
23,6,5,case_content,assist,0.27395901723154875,0.2744121827684513
23,6,5,case_content,business,0.0,0.0
23,7,6,founder,studio,0.0,0.0
23,7,6,founder,assist,3.7988983722774754,3.5010190421225253
23,7,6,founder,business,0.0,0.0
23,7,6,partners,studio,0.0,0.0
23,7,6,partners,assist,1.3296144302971167,1.2253566647428837
23,7,6,partners,business,0.0,0.0
23,7,6,case_content,studio,0.0,0.0
23,7,6,case_content,assist,0.29678893533417783,0.27351711266582235
23,7,6,case_content,business,0.0,0.0
23,8,7,founder,studio,0.0,0.0
23,8,7,founder,assist,4.1154732366339335,3.4764408743420696
23,8,7,founder,business,0.0,0.0
23,8,7,partners,studio,0.0,0.0
23,8,7,partners,assist,1.440415632821876,1.2167543060197243
23,8,7,partners,business,0.0,0.0
23,8,7,case_content,studio,0.0,0.0
23,8,7,case_content,assist,0.32152134661202597,0.2715969433079742
23,8,7,case_content,business,0.0,0.0
23,9,8,founder,studio,0.0,0.0
23,9,8,founder,assist,4.458429339686759,3.4371613357282813
23,9,8,founder,business,0.0,0.0
23,9,8,partners,studio,0.0,0.0
23,9,8,partners,assist,1.5604502688903659,1.2030064675048984
23,9,8,partners,business,0.0,0.0
23,9,8,case_content,studio,0.0,0.0
23,9,8,case_content,assist,0.3483147921630281,0.26852822935377196
23,9,8,case_content,business,0.0,0.0
23,10,9,founder,studio,0.0,0.0
23,10,9,founder,assist,4.829965117993989,3.381449184437652
23,10,9,founder,business,0.0,0.0
23,10,9,partners,studio,0.0,0.0
23,10,9,partners,assist,1.6904877912978964,1.1835072145531784
23,10,9,partners,business,0.0,0.0
23,10,9,case_content,studio,0.0,0.0
23,10,9,case_content,assist,0.3773410248432804,0.2641757175341916
23,10,9,case_content,business,0.0,0.0
23,11,10,founder,studio,0.0,0.0
23,11,10,founder,assist,5.232462211160155,3.3074086633687525
23,11,10,founder,business,0.0,0.0
23,11,10,partners,studio,0.0,0.0
23,11,10,partners,assist,1.8313617739060548,1.1575930321790635
23,11,10,partners,business,0.0,0.0
23,11,10,case_content,studio,0.0,0.0
23,11,10,case_content,assist,0.4087861102468872,0.2583913018256838
23,11,10,case_content,business,0.0,0.0
23,12,11,founder,studio,0.0,0.0
23,12,11,founder,assist,5.668500728756836,3.2129649807532292
23,12,11,founder,business,0.0,0.0
23,12,11,partners,studio,0.0,0.0
23,12,11,partners,assist,1.9839752550648924,1.1245377432636303
23,12,11,partners,business,0.0,0.0
23,12,11,case_content,studio,0.0,0.0
23,12,11,case_content,assist,0.4428516194341278,0.25101288912134606
23,12,11,case_content,business,0.0,0.0
23,13,12,founder,studio,0.0,0.0
23,13,12,founder,assist,6.140875789486572,3.0958485484038967
23,13,12,founder,business,0.0,0.0
23,13,12,partners,studio,0.0,0.0
23,13,12,partners,assist,2.1493065263203004,1.0835469919413636
23,13,12,partners,business,0.0,0.0
23,13,12,case_content,studio,0.0,0.0
23,13,12,case_content,assist,0.4797559210536385,0.24186316784405443
23,13,12,case_content,business,0.0,0.0
23,14,13,founder,studio,0.0,0.0
23,14,13,founder,assist,6.6483263599150115,2.95167364008499
23,14,13,founder,business,0.0,0.0
23,14,13,partners,studio,0.0,0.0
23,14,13,partners,assist,2.328415403513659,1.033752255478472
23,14,13,partners,business,0.0,0.0
23,14,13,case_content,studio,0.0,0.0
23,14,13,case_content,assist,0.5197355811414418,0.23074827131215894
23,14,13,case_content,business,0.0,0.0
23,15,14,founder,studio,0.0,0.0
23,15,14,founder,assist,6.925339958244804,2.674660041755198
23,15,14,founder,business,0.0,0.0
23,15,14,partners,studio,0.0,0.0
23,15,14,partners,assist,2.522450020473131,0.9742043448786858
23,15,14,partners,business,0.0,0.0
23,15,14,case_content,studio,0.0,0.0
23,15,14,case_content,assist,0.5630468795698953,0.21745632698184952
23,15,14,case_content,business,0.0,0.0
23,16,15,founder,studio,0.0,0.0
23,16,15,founder,assist,7.213895789838337,2.3861042101616645
23,16,15,founder,business,0.0,0.0
23,16,15,partners,studio,0.0,0.0
23,16,15,partners,assist,2.7326541888458915,0.9038663511199976
23,16,15,partners,business,0.0,0.0
23,16,15,case_content,studio,0.0,0.0
23,16,15,case_content,assist,0.6099674528673865,0.201755881946428
23,16,15,case_content,business,0.0,0.0
23,17,16,founder,studio,0.0,0.0
23,17,16,founder,assist,7.514474781081601,2.0855252189184004
23,17,16,founder,business,0.0,0.0
23,17,16,partners,studio,0.0,0.0
23,17,16,partners,assist,2.960375371249716,0.8216059903148087
23,17,16,partners,business,0.0,0.0
23,17,16,case_content,studio,0.0,0.0
23,17,16,case_content,assist,0.6607980739396687,0.1833941942666984
23,17,16,case_content,business,0.0,0.0
23,18,17,founder,studio,0.0,0.0
23,18,17,founder,assist,7.827577896960001,1.7724221030400005
23,18,17,founder,business,0.0,0.0
23,18,17,partners,studio,0.0,0.0
23,18,17,partners,assist,3.207073318853859,0.7261872971732468
23,18,17,partners,business,0.0,0.0
23,18,17,case_content,studio,0.0,0.0
23,18,17,case_content,assist,0.7158645801013078,0.162095378833314
23,18,17,case_content,business,0.0,0.0
23,19,18,founder,studio,0.0,0.0
23,19,18,founder,assist,8.153726976000002,1.4462730240000004
23,19,18,founder,business,0.0,0.0
23,19,18,partners,studio,0.0,0.0
23,19,18,partners,assist,3.474329428758348,0.6162616119098429
23,19,18,partners,business,0.0,0.0
23,19,18,case_content,studio,0.0,0.0
23,19,18,case_content,assist,0.7755199617764167,0.1375583955155899
23,19,18,case_content,business,0.0,0.0
23,20,19,founder,studio,0.0,0.0
23,20,19,founder,assist,8.493465600000002,1.1065344000000001
23,20,19,founder,business,0.0,0.0
23,20,19,partners,studio,0.0,0.0
23,20,19,partners,assist,3.7638568811548767,0.49035780114004146
23,20,19,partners,business,0.0,0.0
23,20,19,case_content,studio,0.0,0.0
23,20,19,case_content,assist,0.8401466252577849,0.1094548663259021
23,20,19,case_content,business,0.0,0.0
23,21,20,founder,studio,0.0,0.0
23,21,20,founder,assist,8.847360000000002,0.7526400000000001
23,21,20,founder,business,0.0,0.0
23,21,20,partners,studio,0.0,0.0
23,21,20,partners,assist,4.077511621251117,0.34687164833559847
23,21,20,partners,business,0.0,0.0
23,21,20,case_content,studio,0.0,0.0
23,21,20,case_content,assist,0.9101588440292672,0.07742670721776751
23,21,20,case_content,business,0.0,0.0
23,22,21,founder,studio,0.0,0.0
23,22,21,founder,assist,9.216000000000001,0.38400000000000006
23,22,21,founder,business,0.0,0.0
23,22,21,partners,studio,0.0,0.0
23,22,21,partners,assist,4.417304256355377,0.18405434401480736
23,22,21,partners,business,0.0,0.0
23,22,21,case_content,studio,0.0,0.0
23,22,21,case_content,assist,0.9860054143650393,0.04108355893187664
23,22,21,case_content,business,0.0,0.0
23,23,22,founder,studio,0.0,0
23,23,22,founder,assist,9.600000000000001,0
23,23,22,founder,business,0.0,0
23,23,22,partners,studio,0.0,0
23,23,22,partners,assist,4.785412944384991,0
23,23,22,partners,business,0.0,0
23,23,22,case_content,studio,0.0,0
23,23,22,case_content,assist,1.0681725322287927,0
23,23,22,case_content,business,0.0,0
24,2,1,founder,studio,0.0,0.0
24,2,1,founder,assist,2.4440966583795736,3.5559033416204264
24,2,1,founder,business,0.0,0.0
24,2,1,partners,studio,0.0,0.0
24,2,1,partners,assist,0.8554338304328504,1.2445661695671493
24,2,1,partners,business,0.0,0.0
24,2,1,case_content,studio,0.0,0.0
24,2,1,case_content,assist,0.19094505143590407,0.27780494856409577
24,2,1,case_content,business,0.0,0.0
24,3,2,founder,studio,0.0,0.0
24,3,2,founder,assist,2.6477713799112044,3.5922286200887967
24,3,2,founder,business,0.0,0.0
24,3,2,partners,studio,0.0,0.0
24,3,2,partners,assist,0.9267199829689219,1.257280017031078
24,3,2,partners,business,0.0,0.0
24,3,2,case_content,studio,0.0,0.0
24,3,2,case_content,assist,0.20685713905556286,0.2806428609444372
24,3,2,case_content,business,0.0,0.0
24,4,3,founder,studio,0.0,0.0
24,4,3,founder,assist,2.8684189949038057,3.6211810050961963
24,4,3,founder,business,0.0,0.0
24,4,3,partners,studio,0.0,0.0
24,4,3,partners,assist,1.0039466482163317,1.2674133517836683
24,4,3,partners,business,0.0,0.0
24,4,3,case_content,studio,0.0,0.0
24,4,3,case_content,assist,0.2240952339768597,0.28290476602314035
24,4,3,case_content,business,0.0,0.0
24,5,4,founder,studio,0.0,0.0
24,5,4,founder,assist,3.107453911145788,3.641730088854211
24,5,4,founder,business,0.0,0.0
24,5,4,partners,studio,0.0,0.0
24,5,4,partners,assist,1.087608868901026,1.2746055310989743
24,5,4,partners,business,0.0,0.0
24,5,4,case_content,studio,0.0,0.0
24,5,4,case_content,assist,0.2427698368082647,0.28451016319173533
24,5,4,case_content,business,0.0,0.0
24,6,5,founder,studio,0.0,0.0
24,6,5,founder,assist,3.3664084037412727,3.6527429562587312
24,6,5,founder,business,0.0,0.0
24,6,5,partners,studio,0.0,0.0
24,6,5,partners,assist,1.1782429413094444,1.2784600346905555
24,6,5,partners,business,0.0,0.0
24,6,5,case_content,studio,0.0,0.0
24,6,5,case_content,assist,0.2630006565422868,0.28537054345771323
24,6,5,case_content,business,0.0,0.0
24,7,6,founder,studio,0.0,0.0
24,7,6,founder,assist,3.6469424373863766,3.652974977013624
24,7,6,founder,business,0.0,0.0
24,7,6,partners,studio,0.0,0.0
24,7,6,partners,assist,1.276429853085232,1.2785412419547684
24,7,6,partners,business,0.0,0.0
24,7,6,case_content,studio,0.0,0.0
24,7,6,case_content,assist,0.28491737792081073,0.28538867007918944
24,7,6,case_content,business,0.0,0.0
24,8,7,founder,studio,0.0,0.0
24,8,7,founder,assist,3.950854307168576,3.641059803807427
24,8,7,founder,business,0.0,0.0
24,8,7,partners,studio,0.0,0.0
24,8,7,partners,assist,1.3827990075090009,1.2743709313325995
24,8,7,partners,business,0.0,0.0
24,8,7,case_content,studio,0.0,0.0
24,8,7,case_content,assist,0.3086604927475449,0.28445779717245523
24,8,7,case_content,business,0.0,0.0
24,9,8,founder,studio,0.0,0.0
24,9,8,founder,assist,4.280092166099289,3.615498509315752
24,9,8,founder,business,0.0,0.0
24,9,8,partners,studio,0.0,0.0
24,9,8,partners,assist,1.4980322581347512,1.265424478260513
24,9,8,partners,business,0.0,0.0
24,9,8,case_content,studio,0.0,0.0
24,9,8,case_content,assist,0.33438220047650696,0.2824608210402931
24,9,8,case_content,business,0.0,0.0
24,10,9,founder,studio,0.0,0.0
24,10,9,founder,assist,4.63676651327423,3.574647789157412
24,10,9,founder,business,0.0,0.0
24,10,9,partners,studio,0.0,0.0
24,10,9,partners,assist,1.6228682796459806,1.2511267262050942
24,10,9,partners,business,0.0,0.0
24,10,9,case_content,studio,0.0,0.0
24,10,9,case_content,assist,0.3622473838495492,0.27926935852792284
24,10,9,case_content,business,0.0,0.0
24,11,10,founder,studio,0.0,0.0
24,11,10,founder,assist,5.023163722713749,3.516707151815159
24,11,10,founder,business,0.0,0.0
24,11,10,partners,studio,0.0,0.0
24,11,10,partners,assist,1.7581073029498127,1.2308475031353057
24,11,10,partners,business,0.0,0.0
24,11,10,case_content,studio,0.0,0.0
24,11,10,case_content,assist,0.3924346658370117,0.2747427462355593
24,11,10,case_content,business,0.0,0.0
24,12,11,founder,studio,0.0,0.0
24,12,11,founder,assist,5.441760699606562,3.4397050099035025
24,12,11,founder,business,0.0,0.0
24,12,11,partners,studio,0.0,0.0
24,12,11,partners,assist,1.9046162448622967,1.203896753466226
24,12,11,partners,business,0.0,0.0
24,12,11,case_content,studio,0.0,0.0
24,12,11,case_content,assist,0.42513755465676273,0.26872695389871115
24,12,11,case_content,business,0.0,0.0
24,13,12,founder,studio,0.0,0.0
24,13,12,founder,assist,5.89524075790711,3.3414835799833598
24,13,12,founder,business,0.0,0.0
24,13,12,partners,studio,0.0,0.0
24,13,12,partners,assist,2.063334265267488,1.1695192529941756
24,13,12,partners,business,0.0,0.0
24,13,12,case_content,studio,0.0,0.0
24,13,12,case_content,assist,0.46056568421149296,0.2610534046862
24,13,12,case_content,business,0.0,0.0
24,14,13,founder,studio,0.0,0.0
24,14,13,founder,assist,6.382393305518411,3.2176066944815904
24,14,13,founder,business,0.0,0.0
24,14,13,partners,studio,0.0,0.0
24,14,13,partners,assist,2.2352787873731126,1.1268888716190184
24,14,13,partners,business,0.0,0.0
24,14,13,case_content,studio,0.0,0.0
24,14,13,case_content,assist,0.4989461578957841,0.2515376945578166
24,14,13,case_content,business,0.0,0.0
24,15,14,founder,studio,0.0,0.0
24,15,14,founder,assist,6.6483263599150115,2.95167364008499
24,15,14,founder,business,0.0,0.0
24,15,14,partners,studio,0.0,0.0
24,15,14,partners,assist,2.4215520196542055,1.075102345697611
24,15,14,partners,business,0.0,0.0
24,15,14,case_content,studio,0.0,0.0
24,15,14,case_content,assist,0.5405250043870995,0.23997820216464533
24,15,14,case_content,business,0.0,0.0
24,16,15,founder,studio,0.0,0.0
24,16,15,founder,assist,6.925339958244804,2.674660041755198
24,16,15,founder,business,0.0,0.0
24,16,15,partners,studio,0.0,0.0
24,16,15,partners,assist,2.6233480212920557,1.0131725186738332
24,16,15,partners,business,0.0,0.0
24,16,15,case_content,studio,0.0,0.0
24,16,15,case_content,assist,0.5855687547526911,0.22615458006112346
24,16,15,case_content,business,0.0,0.0
24,17,16,founder,studio,0.0,0.0
24,17,16,founder,assist,7.213895789838337,2.3861042101616645
24,17,16,founder,business,0.0,0.0
24,17,16,partners,studio,0.0,0.0
24,17,16,partners,assist,2.8419603563997273,0.9400210051647974
24,17,16,partners,business,0.0,0.0
24,17,16,case_content,studio,0.0,0.0
24,17,16,case_content,assist,0.6343661509820819,0.20982611722428515
24,17,16,case_content,business,0.0,0.0
24,18,17,founder,studio,0.0,0.0
24,18,17,founder,assist,7.514474781081601,2.0855252189184004
24,18,17,founder,business,0.0,0.0
24,18,17,partners,studio,0.0,0.0
24,18,17,partners,assist,3.078790386099705,0.8544702299274012
24,18,17,partners,business,0.0,0.0
24,18,17,case_content,studio,0.0,0.0
24,18,17,case_content,assist,0.6872299968972555,0.19072996203736634
24,18,17,case_content,business,0.0,0.0
24,19,18,founder,studio,0.0,0.0
24,19,18,founder,assist,7.827577896960001,1.7724221030400005
24,19,18,founder,business,0.0,0.0
24,19,18,partners,studio,0.0,0.0
24,19,18,partners,assist,3.335356251608014,0.7552347890601767
24,19,18,partners,business,0.0,0.0
24,19,18,case_content,studio,0.0,0.0
24,19,18,case_content,assist,0.74449916330536,0.16857919398664656
24,19,18,case_content,business,0.0,0.0
24,20,19,founder,studio,0.0,0.0
24,20,19,founder,assist,8.153726976000002,1.4462730240000004
24,20,19,founder,business,0.0,0.0
24,20,19,partners,studio,0.0,0.0
24,20,19,partners,assist,3.6133026059086815,0.6409120763862366
24,20,19,partners,business,0.0,0.0
24,20,19,case_content,studio,0.0,0.0
24,20,19,case_content,assist,0.8065407602474736,0.1430607313362135
24,20,19,case_content,business,0.0,0.0
24,21,20,founder,studio,0.0,0.0
24,21,20,founder,assist,8.493465600000002,1.1065344000000001
24,21,20,founder,business,0.0,0.0
24,21,20,partners,studio,0.0,0.0
24,21,20,partners,assist,3.914411156401072,0.5099721131856432
24,21,20,partners,business,0.0,0.0
24,21,20,case_content,studio,0.0,0.0
24,21,20,case_content,assist,0.8737524902680964,0.1138330609789382
24,21,20,case_content,business,0.0,0.0
24,22,21,founder,studio,0.0,0.0
24,22,21,founder,assist,8.847360000000002,0.7526400000000001
24,22,21,founder,business,0.0,0.0
24,22,21,partners,studio,0.0,0.0
24,22,21,partners,assist,4.240612086101161,0.36074651426902243
24,22,21,partners,business,0.0,0.0
24,22,21,case_content,studio,0.0,0.0
24,22,21,case_content,assist,0.9465651977904377,0.08052377550647821
24,22,21,case_content,business,0.0,0.0
24,23,22,founder,studio,0.0,0.0
24,23,22,founder,assist,9.216000000000001,0.38400000000000006
24,23,22,founder,business,0.0,0.0
24,23,22,partners,studio,0.0,0.0
24,23,22,partners,assist,4.593996426609591,0.19141651777539964
24,23,22,partners,business,0.0,0.0
24,23,22,case_content,studio,0.0,0.0
24,23,22,case_content,assist,1.025445630939641,0.04272690128915171
24,23,22,case_content,business,0.0,0.0
24,24,23,founder,studio,0.0,0
24,24,23,founder,assist,9.600000000000001,0
24,24,23,founder,business,0.0,0
24,24,23,partners,studio,0.0,0
24,24,23,partners,assist,4.97682946216039,0
24,24,23,partners,business,0.0,0
24,24,23,case_content,studio,0.0,0
24,24,23,case_content,assist,1.1108994335179443,0
24,24,23,case_content,business,0.0,0
25,2,1,founder,studio,0.0,0.0
25,2,1,founder,assist,2.346332792044391,3.653667207955609
25,2,1,founder,business,0.0,0.0
25,2,1,partners,studio,0.0,0.0
25,2,1,partners,assist,0.8212164772155364,1.2787835227844633
25,2,1,partners,business,0.0,0.0
25,2,1,case_content,studio,0.0,0.0
25,2,1,case_content,assist,0.1833072493784679,0.2854427506215319
25,2,1,case_content,business,0.0,0.0
25,3,2,founder,studio,0.0,0.0
25,3,2,founder,assist,2.5418605247147563,3.698139475285245
25,3,2,founder,business,0.0,0.0
25,3,2,partners,studio,0.0,0.0
25,3,2,partners,assist,0.889651183650165,1.294348816349835
25,3,2,partners,business,0.0,0.0
25,3,2,case_content,studio,0.0,0.0
25,3,2,case_content,assist,0.19858285349334034,0.2889171465066597
25,3,2,case_content,business,0.0,0.0
25,4,3,founder,studio,0.0,0.0
25,4,3,founder,assist,2.7536822351076533,3.7359177648923487
25,4,3,founder,business,0.0,0.0
25,4,3,partners,studio,0.0,0.0
25,4,3,partners,assist,0.9637887822876785,1.3075712177123215
25,4,3,partners,business,0.0,0.0
25,4,3,case_content,studio,0.0,0.0
25,4,3,case_content,assist,0.2151314246177853,0.2918685753822147
25,4,3,case_content,business,0.0,0.0
25,5,4,founder,studio,0.0,0.0
25,5,4,founder,assist,2.9831557546999568,3.7660282453000424
25,5,4,founder,business,0.0,0.0
25,5,4,partners,studio,0.0,0.0
25,5,4,partners,assist,1.044104514144985,1.3181098858550153
25,5,4,partners,business,0.0,0.0
25,5,4,case_content,studio,0.0,0.0
25,5,4,case_content,assist,0.2330590433359341,0.29422095666406595
25,5,4,case_content,business,0.0,0.0
25,6,5,founder,studio,0.0,0.0
25,6,5,founder,assist,3.231752067591622,3.787399292408382
25,6,5,founder,business,0.0,0.0
25,6,5,partners,studio,0.0,0.0
25,6,5,partners,assist,1.1311132236570667,1.3255897523429332
25,6,5,partners,business,0.0,0.0
25,6,5,case_content,studio,0.0,0.0
25,6,5,case_content,assist,0.25248063028059536,0.2958905697194047
25,6,5,case_content,business,0.0,0.0
25,7,6,founder,studio,0.0,0.0
25,7,6,founder,assist,3.5010647398909214,3.7988526745090794
25,7,6,founder,business,0.0,0.0
25,7,6,partners,studio,0.0,0.0
25,7,6,partners,assist,1.2253726589618228,1.3295984360781776
25,7,6,partners,business,0.0,0.0
25,7,6,case_content,studio,0.0,0.0
25,7,6,case_content,assist,0.2735206828039783,0.2967853651960219
25,7,6,case_content,business,0.0,0.0
25,8,7,founder,studio,0.0,0.0
25,8,7,founder,assist,3.792820134881833,3.79909397609417
25,8,7,founder,business,0.0,0.0
25,8,7,partners,studio,0.0,0.0
25,8,7,partners,assist,1.3274870472086409,1.3296828916329595
25,8,7,partners,business,0.0,0.0
25,8,7,case_content,studio,0.0,0.0
25,8,7,case_content,assist,0.2963140730376431,0.29680421688235703
25,8,7,case_content,business,0.0,0.0
25,9,8,founder,studio,0.0,0.0
25,9,8,founder,assist,4.1088884794553175,3.7867021959597236
25,9,8,founder,business,0.0,0.0
25,9,8,partners,studio,0.0,0.0
25,9,8,partners,assist,1.438110967809361,1.3253457685859031
25,9,8,partners,business,0.0,0.0
25,9,8,case_content,studio,0.0,0.0
25,9,8,case_content,assist,0.32100691245744667,0.29583610905935337
25,9,8,case_content,business,0.0,0.0
25,10,9,founder,studio,0.0,0.0
25,10,9,founder,assist,4.451295852743261,3.760118449688381
25,10,9,founder,business,0.0,0.0
25,10,9,partners,studio,0.0,0.0
25,10,9,partners,assist,1.5579535484601414,1.3160414573909334
25,10,9,partners,business,0.0,0.0
25,10,9,case_content,studio,0.0,0.0
25,10,9,case_content,assist,0.3477574884955672,0.2937592538819048
25,10,9,case_content,business,0.0,0.0
25,11,10,founder,studio,0.0,0.0
25,11,10,founder,assist,4.822237173805199,3.717633700723709
25,11,10,founder,business,0.0,0.0
25,11,10,partners,studio,0.0,0.0
25,11,10,partners,assist,1.6877830108318201,1.3011717952532982
25,11,10,partners,business,0.0,0.0
25,11,10,case_content,studio,0.0,0.0
25,11,10,case_content,assist,0.37673727920353123,0.29044013286903975
25,11,10,case_content,business,0.0,0.0
25,12,11,founder,studio,0.0,0.0
25,12,11,founder,assist,5.2240902716223,3.657375437887765
25,12,11,founder,business,0.0,0.0
25,12,11,partners,studio,0.0,0.0
25,12,11,partners,assist,1.828431595067805,1.2800814032607177
25,12,11,partners,business,0.0,0.0
25,12,11,case_content,studio,0.0,0.0
25,12,11,case_content,assist,0.4081320524704922,0.28573245608498166
25,12,11,case_content,business,0.0,0.0
25,13,12,founder,studio,0.0,0.0
25,13,12,founder,assist,5.659431127590826,3.577293210299644
25,13,12,founder,business,0.0,0.0
25,13,12,partners,studio,0.0,0.0
25,13,12,partners,assist,1.9808008946567888,1.252052623604875
25,13,12,partners,business,0.0,0.0
25,13,12,case_content,studio,0.0,0.0
25,13,12,case_content,assist,0.44214305684303323,0.2794760320546597
25,13,12,case_content,business,0.0,0.0
25,14,13,founder,studio,0.0,0.0
25,14,13,founder,assist,6.127097573297674,3.4729024267023267
25,14,13,founder,business,0.0,0.0
25,14,13,partners,studio,0.0,0.0
25,14,13,partners,assist,2.1458676358781883,1.216300023113943
25,14,13,partners,business,0.0,0.0
25,14,13,case_content,studio,0.0,0.0
25,14,13,case_content,assist,0.47898831157995275,0.27149554087364797
25,14,13,case_content,business,0.0,0.0
25,15,14,founder,studio,0.0,0.0
25,15,14,founder,assist,6.382393305518411,3.2176066944815904
25,15,14,founder,business,0.0,0.0
25,15,14,partners,studio,0.0,0.0
25,15,14,partners,assist,2.3246899388680373,1.1719644264837792
25,15,14,partners,business,0.0,0.0
25,15,14,case_content,studio,0.0,0.0
25,15,14,case_content,assist,0.5189040042116155,0.2615992023401293
25,15,14,case_content,business,0.0,0.0
25,16,15,founder,studio,0.0,0.0
25,16,15,founder,assist,6.6483263599150115,2.95167364008499
25,16,15,founder,business,0.0,0.0
25,16,15,partners,studio,0.0,0.0
25,16,15,partners,assist,2.5184141004403733,1.1181064395255154
25,16,15,partners,business,0.0,0.0
25,16,15,case_content,studio,0.0,0.0
25,16,15,case_content,assist,0.5621460045625835,0.2495773302512311
25,16,15,case_content,business,0.0,0.0
25,17,16,founder,studio,0.0,0.0
25,17,16,founder,assist,6.925339958244804,2.674660041755198
25,17,16,founder,business,0.0,0.0
25,17,16,partners,studio,0.0,0.0
25,17,16,partners,assist,2.728281942143738,1.0536994194207865
25,17,16,partners,business,0.0,0.0
25,17,16,case_content,studio,0.0,0.0
25,17,16,case_content,assist,0.6089915049427986,0.23520076326356842
25,17,16,case_content,business,0.0,0.0
25,18,17,founder,studio,0.0,0.0
25,18,17,founder,assist,7.213895789838337,2.3861042101616645
25,18,17,founder,business,0.0,0.0
25,18,17,partners,studio,0.0,0.0
25,18,17,partners,assist,2.9556387706557166,0.9776218453713894
25,18,17,partners,business,0.0,0.0
25,18,17,case_content,studio,0.0,0.0
25,18,17,case_content,assist,0.6597407970213652,0.21821916191325655
25,18,17,case_content,business,0.0,0.0
25,19,18,founder,studio,0.0,0.0
25,19,18,founder,assist,7.514474781081601,2.0855252189184004
25,19,18,founder,business,0.0,0.0
25,19,18,partners,studio,0.0,0.0
25,19,18,partners,assist,3.2019420015436935,0.8886490391244972
25,19,18,partners,business,0.0,0.0
25,19,18,case_content,studio,0.0,0.0
25,19,18,case_content,assist,0.7147191967731457,0.19835916051886096
25,19,18,case_content,business,0.0,0.0
25,20,19,founder,studio,0.0,0.0
25,20,19,founder,assist,7.827577896960001,1.7724221030400005
25,20,19,founder,business,0.0,0.0
25,20,19,partners,studio,0.0,0.0
25,20,19,partners,assist,3.468770501672334,0.7854441806225838
25,20,19,partners,business,0.0,0.0
25,20,19,case_content,studio,0.0,0.0
25,20,19,case_content,assist,0.7742791298375746,0.17532236174611243
25,20,19,case_content,business,0.0,0.0
25,21,20,founder,studio,0.0,0.0
25,21,20,founder,assist,8.153726976000002,1.4462730240000004
25,21,20,founder,business,0.0,0.0
25,21,20,partners,studio,0.0,0.0
25,21,20,partners,assist,3.757834710145029,0.666548559441686
25,21,20,partners,business,0.0,0.0
25,21,20,case_content,studio,0.0,0.0
25,21,20,case_content,assist,0.8388023906573726,0.14878316058966207
25,21,20,case_content,business,0.0,0.0
25,22,21,founder,studio,0.0,0.0
25,22,21,founder,assist,8.493465600000002,1.1065344000000001
25,22,21,founder,business,0.0,0.0
25,22,21,partners,studio,0.0,0.0
25,22,21,partners,assist,4.070987602657115,0.5303709977130688
25,22,21,partners,business,0.0,0.0
25,22,21,case_content,studio,0.0,0.0
25,22,21,case_content,assist,0.9087025898788201,0.11838638341809572
25,22,21,case_content,business,0.0,0.0
25,23,22,founder,studio,0.0,0.0
25,23,22,founder,assist,8.847360000000002,0.7526400000000001
25,23,22,founder,business,0.0,0.0
25,23,22,partners,studio,0.0,0.0
25,23,22,partners,assist,4.410236569545208,0.3751763748397833
25,23,22,partners,business,0.0,0.0
25,23,22,case_content,studio,0.0,0.0
25,23,22,case_content,assist,0.9844278057020552,0.08374472652673734
25,23,22,case_content,business,0.0,0.0
25,24,23,founder,studio,0.0,0.0
25,24,23,founder,assist,9.216000000000001,0.38400000000000006
25,24,23,founder,business,0.0,0.0
25,24,23,partners,studio,0.0,0.0
25,24,23,partners,assist,4.777756283673975,0.19907317848641562
25,24,23,partners,business,0.0,0.0
25,24,23,case_content,studio,0.0,0.0
25,24,23,case_content,assist,1.0664634561772266,0.044435977340717775
25,24,23,case_content,business,0.0,0.0
25,25,24,founder,studio,0.0,0
25,25,24,founder,assist,9.600000000000001,0
25,25,24,founder,business,0.0,0
25,25,24,partners,studio,0.0,0
25,25,24,partners,assist,5.1759026406468065,0
25,25,24,partners,business,0.0,0
25,25,24,case_content,studio,0.0,0
25,25,24,case_content,assist,1.1553354108586622,0
25,25,24,case_content,business,0.0,0
26,2,1,founder,studio,0.0,0.0
26,2,1,founder,assist,2.252479480362615,3.747520519637385
26,2,1,founder,business,0.0,0.0
26,2,1,partners,studio,0.0,0.0
26,2,1,partners,assist,0.7883678181269149,1.3116321818730847
26,2,1,partners,business,0.0,0.0
26,2,1,case_content,studio,0.0,0.0
26,2,1,case_content,assist,0.1759749594033292,0.29277504059667064
26,2,1,case_content,business,0.0,0.0
26,3,2,founder,studio,0.0,0.0
26,3,2,founder,assist,2.440186103726166,3.799813896273835
26,3,2,founder,business,0.0,0.0
26,3,2,partners,studio,0.0,0.0
26,3,2,partners,assist,0.8540651363041585,1.3299348636958415
26,3,2,partners,business,0.0,0.0
26,3,2,case_content,studio,0.0,0.0
26,3,2,case_content,assist,0.19063953935360672,0.2968604606463933
26,3,2,case_content,business,0.0,0.0
26,4,3,founder,studio,0.0,0.0
26,4,3,founder,assist,2.643534945703347,3.846065054296655
26,4,3,founder,business,0.0,0.0
26,4,3,partners,studio,0.0,0.0
26,4,3,partners,assist,0.9252372309961714,1.3461227690038287
26,4,3,partners,business,0.0,0.0
26,4,3,case_content,studio,0.0,0.0
26,4,3,case_content,assist,0.2065261676330739,0.30047383236692615
26,4,3,case_content,business,0.0,0.0
26,5,4,founder,studio,0.0,0.0
26,5,4,founder,assist,2.8638295245119583,3.885354475488041
26,5,4,founder,business,0.0,0.0
26,5,4,partners,studio,0.0,0.0
26,5,4,partners,assist,1.0023403335791856,1.3598740664208147
26,5,4,partners,business,0.0,0.0
26,5,4,case_content,studio,0.0,0.0
26,5,4,case_content,assist,0.22373668160249674,0.3035433183975033
26,5,4,case_content,business,0.0,0.0
26,6,5,founder,studio,0.0,0.0
26,6,5,founder,assist,3.102481984887957,3.916669375112047
26,6,5,founder,business,0.0,0.0
26,6,5,partners,studio,0.0,0.0
26,6,5,partners,assist,1.085868694710784,1.3708342812892158
26,6,5,partners,business,0.0,0.0
26,6,5,case_content,studio,0.0,0.0
26,6,5,case_content,assist,0.24238140506937156,0.3059897949306285
26,6,5,case_content,business,0.0,0.0
26,7,6,founder,studio,0.0,0.0
26,7,6,founder,assist,3.3610221502952844,3.9388952641047164
26,7,6,founder,business,0.0,0.0
26,7,6,partners,studio,0.0,0.0
26,7,6,partners,assist,1.17635775260335,1.3786133424366505
26,7,6,partners,business,0.0,0.0
26,7,6,case_content,studio,0.0,0.0
26,7,6,case_content,assist,0.26257985549181917,0.307726192508181
26,7,6,case_content,business,0.0,0.0
26,8,7,founder,studio,0.0,0.0
26,8,7,founder,assist,3.6411073294865597,3.9508067814894434
26,8,7,founder,business,0.0,0.0
26,8,7,partners,studio,0.0,0.0
26,8,7,partners,assist,1.2743875653202952,1.3827823735213052
26,8,7,partners,business,0.0,0.0
26,8,7,case_content,studio,0.0,0.0
26,8,7,case_content,assist,0.2844615101161374,0.30865677980386275
26,8,7,case_content,business,0.0,0.0
26,9,8,founder,studio,0.0,0.0
26,9,8,founder,assist,3.9445329402771048,3.9510577351379363
26,9,8,founder,business,0.0,0.0
26,9,8,partners,studio,0.0,0.0
26,9,8,partners,assist,1.3805865290969868,1.3828702072982777
26,9,8,partners,business,0.0,0.0
26,9,8,case_content,studio,0.0,0.0
26,9,8,case_content,assist,0.3081666359591488,0.30867638555765126
26,9,8,case_content,business,0.0,0.0
26,10,9,founder,studio,0.0,0.0
26,10,9,founder,assist,4.27324401863353,3.9381702837981116
26,10,9,founder,business,0.0,0.0
26,10,9,partners,studio,0.0,0.0
26,10,9,partners,assist,1.4956354065217359,1.378359599329339
26,10,9,partners,business,0.0,0.0
26,10,9,case_content,studio,0.0,0.0
26,10,9,case_content,assist,0.3338471889557445,0.3076695534217275
26,10,9,case_content,business,0.0,0.0
26,11,10,founder,studio,0.0,0.0
26,11,10,founder,assist,4.6293476868529915,3.910523187675917
26,11,10,founder,business,0.0,0.0
26,11,10,partners,studio,0.0,0.0
26,11,10,partners,assist,1.6202716903985472,1.368683115686571
26,11,10,partners,business,0.0,0.0
26,11,10,case_content,studio,0.0,0.0
26,11,10,case_content,assist,0.36166778803538996,0.305509624037181
26,11,10,case_content,business,0.0,0.0
26,12,11,founder,studio,0.0,0.0
26,12,11,founder,assist,5.015126660757408,3.866339048752657
26,12,11,founder,business,0.0,0.0
26,12,11,partners,studio,0.0,0.0
26,12,11,partners,assist,1.7552943312650928,1.3532186670634299
26,12,11,partners,business,0.0,0.0
26,12,11,case_content,studio,0.0,0.0
26,12,11,case_content,assist,0.39180677037167255,0.3020577381838013
26,12,11,case_content,business,0.0,0.0
26,13,12,founder,studio,0.0,0.0
26,13,12,founder,assist,5.433053882487193,3.803670455403277
26,13,12,founder,business,0.0,0.0
26,13,12,partners,studio,0.0,0.0
26,13,12,partners,assist,1.9015688588705173,1.3312846593911465
26,13,12,partners,business,0.0,0.0
26,13,12,case_content,studio,0.0,0.0
26,13,12,case_content,assist,0.4244573345693119,0.29716175432838104
26,13,12,case_content,business,0.0,0.0
26,14,13,founder,studio,0.0,0.0
26,14,13,founder,assist,5.882013670365767,3.717986329634234
26,14,13,founder,business,0.0,0.0
26,14,13,partners,studio,0.0,0.0
26,14,13,partners,assist,2.060032930443061,1.3021347285490705
26,14,13,partners,business,0.0,0.0
26,14,13,case_content,studio,0.0,0.0
26,14,13,case_content,assist,0.4598287791167546,0.2906550733368461
26,14,13,case_content,business,0.0,0.0
26,15,14,founder,studio,0.0,0.0
26,15,14,founder,assist,6.127097573297674,3.4729024267023267
26,15,14,founder,business,0.0,0.0
26,15,14,partners,studio,0.0,0.0
26,15,14,partners,assist,2.2317023413133157,1.2649520240385006
26,15,14,partners,business,0.0,0.0
26,15,14,case_content,studio,0.0,0.0
26,15,14,case_content,assist,0.49814784404315093,0.2823553625085939
26,15,14,case_content,business,0.0,0.0
26,16,15,founder,studio,0.0,0.0
26,16,15,founder,assist,6.382393305518411,3.2176066944815904
26,16,15,founder,business,0.0,0.0
26,16,15,partners,studio,0.0,0.0
26,16,15,partners,assist,2.4176775364227585,1.2188430035431304
26,16,15,partners,business,0.0,0.0
26,16,15,case_content,studio,0.0,0.0
26,16,15,case_content,assist,0.5396601643800801,0.27206317043373446
26,16,15,case_content,business,0.0,0.0
26,17,16,founder,studio,0.0,0.0
26,17,16,founder,assist,6.6483263599150115,2.95167364008499
26,17,16,founder,business,0.0,0.0
26,17,16,partners,studio,0.0,0.0
26,17,16,partners,assist,2.6191506644579885,1.162830697106536
26,17,16,partners,business,0.0,0.0
26,17,16,case_content,studio,0.0,0.0
26,17,16,case_content,assist,0.5846318447450867,0.2595604234612804
26,17,16,case_content,business,0.0,0.0
26,18,17,founder,studio,0.0,0.0
26,18,17,founder,assist,6.925339958244804,2.674660041755198
26,18,17,founder,business,0.0,0.0
26,18,17,partners,studio,0.0,0.0
26,18,17,partners,assist,2.8374132198294877,1.095847396197618
26,18,17,partners,business,0.0,0.0
26,18,17,case_content,studio,0.0,0.0
26,18,17,case_content,assist,0.6333511651405106,0.24460879379411116
26,18,17,case_content,business,0.0,0.0
26,19,18,founder,studio,0.0,0.0
26,19,18,founder,assist,7.213895789838337,2.3861042101616645
26,19,18,founder,business,0.0,0.0
26,19,18,partners,studio,0.0,0.0
26,19,18,partners,assist,3.073864321481946,1.016726719186245
26,19,18,partners,business,0.0,0.0
26,19,18,case_content,studio,0.0,0.0
26,19,18,case_content,assist,0.6861304289022199,0.22694792838978678
26,19,18,case_content,business,0.0,0.0
26,20,19,founder,studio,0.0,0.0
26,20,19,founder,assist,7.514474781081601,2.0855252189184004
26,20,19,founder,business,0.0,0.0
26,20,19,partners,studio,0.0,0.0
26,20,19,partners,assist,3.3300196816054406,0.9241950006894772
26,20,19,partners,business,0.0,0.0
26,20,19,case_content,studio,0.0,0.0
26,20,19,case_content,assist,0.7433079646440717,0.20629352693961542
26,20,19,case_content,business,0.0,0.0
26,21,20,founder,studio,0.0,0.0
26,21,20,founder,assist,7.827577896960001,1.7724221030400005
26,21,20,founder,business,0.0,0.0
26,21,20,partners,studio,0.0,0.0
26,21,20,partners,assist,3.607521321739228,0.8168619478474872
26,21,20,partners,business,0.0,0.0
26,21,20,case_content,studio,0.0,0.0
26,21,20,case_content,assist,0.8052502950310777,0.18233525621595698
26,21,20,case_content,business,0.0,0.0
26,22,21,founder,studio,0.0,0.0
26,22,21,founder,assist,8.153726976000002,1.4462730240000004
26,22,21,founder,business,0.0,0.0
26,22,21,partners,studio,0.0,0.0
26,22,21,partners,assist,3.9081480985508303,0.6932105018193535
26,22,21,partners,business,0.0,0.0
26,22,21,case_content,studio,0.0,0.0
26,22,21,case_content,assist,0.8723544862836673,0.15473448701324855
26,22,21,case_content,business,0.0,0.0
26,23,22,founder,studio,0.0,0.0
26,23,22,founder,assist,8.493465600000002,1.1065344000000001
26,23,22,founder,business,0.0,0.0
26,23,22,partners,studio,0.0,0.0
26,23,22,partners,assist,4.2338271067634,0.5515858376215916
26,23,22,partners,business,0.0,0.0
26,23,22,case_content,studio,0.0,0.0
26,23,22,case_content,assist,0.9450506934739731,0.12312183875481955
26,23,22,case_content,business,0.0,0.0
26,24,23,founder,studio,0.0,0.0
26,24,23,founder,assist,8.847360000000002,0.7526400000000001
26,24,23,founder,business,0.0,0.0
26,24,23,partners,studio,0.0,0.0
26,24,23,partners,assist,4.586646032327016,0.3901834298333746
26,24,23,partners,business,0.0,0.0
26,24,23,case_content,studio,0.0,0.0
26,24,23,case_content,assist,1.0238049179301376,0.08709451558780684
26,24,23,case_content,business,0.0,0.0
26,25,24,founder,studio,0.0,0.0
26,25,24,founder,assist,9.216000000000001,0.38400000000000006
26,25,24,founder,business,0.0,0.0
26,25,24,partners,studio,0.0,0.0
26,25,24,partners,assist,4.9688665350209344,0.20703610562587227
26,25,24,partners,business,0.0,0.0
26,25,24,case_content,studio,0.0,0.0
26,25,24,case_content,assist,1.1091219944243158,0.04621341643434649
26,25,24,case_content,business,0.0,0.0
26,26,25,founder,studio,0.0,0
26,26,25,founder,assist,9.600000000000001,0
26,26,25,founder,business,0.0,0
26,26,25,partners,studio,0.0,0
26,26,25,partners,assist,5.382938746272679,0
26,26,25,partners,business,0.0,0
26,26,25,case_content,studio,0.0,0
26,26,25,case_content,assist,1.2015488272930088,0
26,26,25,case_content,business,0.0,0
27,2,1,founder,studio,0.0,0.0
27,2,1,founder,assist,2.1623803011481106,3.8376196988518894
27,2,1,founder,business,0.0,0.0
27,2,1,partners,studio,0.0,0.0
27,2,1,partners,assist,0.7568331054018383,1.3431668945981614
27,2,1,partners,business,0.0,0.0
27,2,1,case_content,studio,0.0,0.0
27,2,1,case_content,assist,0.16893596102719602,0.2998140389728038
27,2,1,case_content,business,0.0,0.0
27,3,2,founder,studio,0.0,0.0
27,3,2,founder,assist,2.3425786595771196,3.8974213404228815
27,3,2,founder,business,0.0,0.0
27,3,2,partners,studio,0.0,0.0
27,3,2,partners,assist,0.8199025308519922,1.364097469148008
27,3,2,partners,business,0.0,0.0
27,3,2,case_content,studio,0.0,0.0
27,3,2,case_content,assist,0.18301395777946244,0.3044860422205376
27,3,2,case_content,business,0.0,0.0
27,4,3,founder,studio,0.0,0.0
27,4,3,founder,assist,2.537793547875213,3.951806452124789
27,4,3,founder,business,0.0,0.0
27,4,3,partners,studio,0.0,0.0
27,4,3,partners,assist,0.8882277417563246,1.3831322582436756
27,4,3,partners,business,0.0,0.0
27,4,3,case_content,studio,0.0,0.0
27,4,3,case_content,assist,0.19826512092775095,0.3087348790722491
27,4,3,case_content,business,0.0,0.0
27,5,4,founder,studio,0.0,0.0
27,5,4,founder,assist,2.7492763435314798,3.9999076564685194
27,5,4,founder,business,0.0,0.0
27,5,4,partners,studio,0.0,0.0
27,5,4,partners,assist,0.9622467202360182,1.3999676797639822
27,5,4,partners,business,0.0,0.0
27,5,4,case_content,studio,0.0,0.0
27,5,4,case_content,assist,0.21478721433839687,0.3124927856616032
27,5,4,case_content,business,0.0,0.0
27,6,5,founder,studio,0.0,0.0
27,6,5,founder,assist,2.9783827054924386,4.040768654507565
27,6,5,founder,business,0.0,0.0
27,6,5,partners,studio,0.0,0.0
27,6,5,partners,assist,1.0424339469223527,1.4142690290776472
27,6,5,partners,business,0.0,0.0
27,6,5,case_content,studio,0.0,0.0
27,6,5,case_content,assist,0.2326861488665967,0.31568505113340334
27,6,5,case_content,business,0.0,0.0
27,7,6,founder,studio,0.0,0.0
27,7,6,founder,assist,3.226581264283473,4.0733361501165275
27,7,6,founder,business,0.0,0.0
27,7,6,partners,studio,0.0,0.0
27,7,6,partners,assist,1.1293034424992159,1.4256676525407845
27,7,6,partners,business,0.0,0.0
27,7,6,case_content,studio,0.0,0.0
27,7,6,case_content,assist,0.2520766612721464,0.3182293867278538
27,7,6,case_content,business,0.0,0.0
27,8,7,founder,studio,0.0,0.0
27,8,7,founder,assist,3.4954630363070973,4.096451074668906
27,8,7,founder,business,0.0,0.0
27,8,7,partners,studio,0.0,0.0
27,8,7,partners,assist,1.2234120627074834,1.433757876134117
27,8,7,partners,business,0.0,0.0
27,8,7,case_content,studio,0.0,0.0
27,8,7,case_content,assist,0.2730830497114919,0.32003524020850826
27,8,7,case_content,business,0.0,0.0
27,9,8,founder,studio,0.0,0.0
27,9,8,founder,assist,3.7867516226660207,4.108839052749021
27,9,8,founder,business,0.0,0.0
27,9,8,partners,studio,0.0,0.0
27,9,8,partners,assist,1.3253630679331072,1.4380936684621572
27,9,8,partners,business,0.0,0.0
27,9,8,case_content,studio,0.0,0.0
27,9,8,case_content,assist,0.2958399705207828,0.3210030509960172
27,9,8,case_content,business,0.0,0.0
27,10,9,founder,studio,0.0,0.0
27,10,9,founder,assist,4.102314257888189,4.109100044543453
27,10,9,founder,business,0.0,0.0
27,10,9,partners,studio,0.0,0.0
27,10,9,partners,assist,1.4358099902608665,1.4381850155902083
27,10,9,partners,business,0.0,0.0
27,10,9,case_content,studio,0.0,0.0
27,10,9,case_content,assist,0.3204933013975147,0.32102344097995733
27,10,9,case_content,business,0.0,0.0
27,11,10,founder,studio,0.0,0.0
27,11,10,founder,assist,4.444173779378872,4.095697095150037
27,11,10,founder,business,0.0,0.0
27,11,10,partners,studio,0.0,0.0
27,11,10,partners,assist,1.5554608227826054,1.4334939833025129
27,11,10,partners,business,0.0,0.0
27,11,10,case_content,studio,0.0,0.0
27,11,10,case_content,assist,0.34720107651397436,0.3199763355585966
27,11,10,case_content,business,0.0,0.0
27,12,11,founder,studio,0.0,0.0
27,12,11,founder,assist,4.814521594327112,4.066944115182953
27,12,11,founder,business,0.0,0.0
27,12,11,partners,studio,0.0,0.0
27,12,11,partners,assist,1.685082558014489,1.4234304403140337
27,12,11,partners,business,0.0,0.0
27,12,11,case_content,studio,0.0,0.0
27,12,11,case_content,assist,0.37613449955680567,0.3177300089986682
27,12,11,case_content,business,0.0,0.0
27,13,12,founder,studio,0.0,0.0
27,13,12,founder,assist,5.2157317271877055,4.0209926107027645
27,13,12,founder,business,0.0,0.0
27,13,12,partners,studio,0.0,0.0
27,13,12,partners,assist,1.8255061045156966,1.4073474137459672
27,13,12,partners,business,0.0,0.0
27,13,12,case_content,studio,0.0,0.0
27,13,12,case_content,assist,0.40747904118653944,0.3141400477111535
27,13,12,case_content,business,0.0,0.0
27,14,13,founder,studio,0.0,0.0
27,14,13,founder,assist,5.646733123551137,3.9532668764488648
27,14,13,founder,business,0.0,0.0
27,14,13,partners,studio,0.0,0.0
27,14,13,partners,assist,1.9776316132253384,1.384536045766793
27,14,13,partners,business,0.0,0.0
27,14,13,case_content,studio,0.0,0.0
27,14,13,case_content,assist,0.44143562795208446,0.30904822450151626
27,14,13,case_content,business,0.0,0.0
27,15,14,founder,studio,0.0,0.0
27,15,14,founder,assist,5.882013670365767,3.717986329634234
27,15,14,founder,business,0.0,0.0
27,15,14,partners,studio,0.0,0.0
27,15,14,partners,assist,2.142434247660783,1.3542201176910331
27,15,14,partners,business,0.0,0.0
27,15,14,case_content,studio,0.0,0.0
27,15,14,case_content,assist,0.4782219302814249,0.3022812762703199
27,15,14,case_content,business,0.0,0.0
27,16,15,founder,studio,0.0,0.0
27,16,15,founder,assist,6.127097573297674,3.4729024267023267
27,16,15,founder,business,0.0,0.0
27,16,15,partners,studio,0.0,0.0
27,16,15,partners,assist,2.320970434965848,1.3155501050000407
27,16,15,partners,business,0.0,0.0
27,16,15,case_content,studio,0.0,0.0
27,16,15,case_content,assist,0.518073757804877,0.2936495770089377
27,16,15,case_content,business,0.0,0.0
27,17,16,founder,studio,0.0,0.0
27,17,16,founder,assist,6.382393305518411,3.2176066944815904
27,17,16,founder,business,0.0,0.0
27,17,16,partners,studio,0.0,0.0
27,17,16,partners,assist,2.514384637879669,1.2675967236848555
27,17,16,partners,business,0.0,0.0
27,17,16,case_content,studio,0.0,0.0
27,17,16,case_content,assist,0.5612465709552832,0.28294569725108387
27,17,16,case_content,business,0.0,0.0
27,18,17,founder,studio,0.0,0.0
27,18,17,founder,assist,6.6483263599150115,2.95167364008499
27,18,17,founder,business,0.0,0.0
27,18,17,partners,studio,0.0,0.0
27,18,17,partners,assist,2.723916691036308,1.2093439249907976
27,18,17,partners,business,0.0,0.0
27,18,17,case_content,studio,0.0,0.0
27,18,17,case_content,assist,0.6080171185348902,0.2699428403997316
27,18,17,case_content,business,0.0,0.0
27,19,18,founder,studio,0.0,0.0
27,19,18,founder,assist,6.925339958244804,2.674660041755198
27,19,18,founder,business,0.0,0.0
27,19,18,partners,studio,0.0,0.0
27,19,18,partners,assist,2.950909748622668,1.1396812920455228
27,19,18,partners,business,0.0,0.0
27,19,18,case_content,studio,0.0,0.0
27,19,18,case_content,assist,0.658685211746131,0.25439314554587555
27,19,18,case_content,business,0.0,0.0
27,20,19,founder,studio,0.0,0.0
27,20,19,founder,assist,7.213895789838337,2.3861042101616645
27,20,19,founder,business,0.0,0.0
27,20,19,partners,studio,0.0,0.0
27,20,19,partners,assist,3.196818894341223,1.0573957879536948
27,20,19,partners,business,0.0,0.0
27,20,19,case_content,studio,0.0,0.0
27,20,19,case_content,assist,0.7135756460583088,0.23602584552537828
27,20,19,case_content,business,0.0,0.0
27,21,20,founder,studio,0.0,0.0
27,21,20,founder,assist,7.514474781081601,2.0855252189184004
27,21,20,founder,business,0.0,0.0
27,21,20,partners,studio,0.0,0.0
27,21,20,partners,assist,3.463220468869659,0.9611628007170563
27,21,20,partners,business,0.0,0.0
27,21,20,case_content,studio,0.0,0.0
27,21,20,case_content,assist,0.7730402832298346,0.21454526801720009
27,21,20,case_content,business,0.0,0.0
27,22,21,founder,studio,0.0,0.0
27,22,21,founder,assist,7.827577896960001,1.7724221030400005
27,22,21,founder,business,0.0,0.0
27,22,21,partners,studio,0.0,0.0
27,22,21,partners,assist,3.751822174608797,0.8495364257613867
27,22,21,partners,business,0.0,0.0
27,22,21,case_content,studio,0.0,0.0
27,22,21,case_content,assist,0.8374603068323206,0.18962866646459525
27,22,21,case_content,business,0.0,0.0
27,23,22,founder,studio,0.0,0.0
27,23,22,founder,assist,8.153726976000002,1.4462730240000004
27,23,22,founder,business,0.0,0.0
27,23,22,partners,studio,0.0,0.0
27,23,22,partners,assist,4.064474022492863,0.7209389218921276
27,23,22,partners,business,0.0,0.0
27,23,22,case_content,studio,0.0,0.0
27,23,22,case_content,assist,0.9072486657350142,0.1609238664937785
27,23,22,case_content,business,0.0,0.0
27,24,23,founder,studio,0.0,0.0
27,24,23,founder,assist,8.493465600000002,1.1065344000000001
27,24,23,founder,business,0.0,0.0
27,24,23,partners,studio,0.0,0.0
27,24,23,partners,assist,4.403180191033935,0.5736492711264553
27,24,23,partners,business,0.0,0.0
27,24,23,case_content,studio,0.0,0.0
27,24,23,case_content,assist,0.9828527212129321,0.12804671230501236
27,24,23,case_content,business,0.0,0.0
27,25,24,founder,studio,0.0,0.0
27,25,24,founder,assist,8.847360000000002,0.7526400000000001
27,25,24,founder,business,0.0,0.0
27,25,24,partners,studio,0.0,0.0
27,25,24,partners,assist,4.770111873620097,0.4057907670267097
27,25,24,partners,business,0.0,0.0
27,25,24,case_content,studio,0.0,0.0
27,25,24,case_content,assist,1.0647571146473431,0.09057829621131913
27,25,24,case_content,business,0.0,0.0
27,26,25,founder,studio,0.0,0.0
27,26,25,founder,assist,9.216000000000001,0.38400000000000006
27,26,25,founder,business,0.0,0.0
27,26,25,partners,studio,0.0,0.0
27,26,25,partners,assist,5.167621196421773,0.21531754985090718
27,26,25,partners,business,0.0,0.0
27,26,25,case_content,studio,0.0,0.0
27,26,25,case_content,assist,1.1534868742012885,0.04806195309172035
27,26,25,case_content,business,0.0,0.0
27,27,26,founder,studio,0.0,0
27,27,26,founder,assist,9.600000000000001,0
27,27,26,founder,business,0.0,0
27,27,26,partners,studio,0.0,0
27,27,26,partners,assist,5.598256296123586,0
27,27,26,partners,business,0.0,0
27,27,26,case_content,studio,0.0,0
27,27,26,case_content,assist,1.249610780384729,0
27,27,26,case_content,business,0.0,0
28,2,1,founder,studio,0.0,0.0
28,2,1,founder,assist,2.075885089102186,3.924114910897814
28,2,1,founder,business,0.0,0.0
28,2,1,partners,studio,0.0,0.0
28,2,1,partners,assist,0.7265597811857648,1.373440218814235
28,2,1,partners,business,0.0,0.0
28,2,1,case_content,studio,0.0,0.0
28,2,1,case_content,assist,0.16217852258610818,0.3065714774138916
28,2,1,case_content,business,0.0,0.0
28,3,2,founder,studio,0.0,0.0
28,3,2,founder,assist,2.248875513194035,3.9911244868059663
28,3,2,founder,business,0.0,0.0
28,3,2,partners,studio,0.0,0.0
28,3,2,partners,assist,0.7871064296179124,1.3968935703820875
28,3,2,partners,business,0.0,0.0
28,3,2,case_content,studio,0.0,0.0
28,3,2,case_content,assist,0.17569339946828394,0.3118066005317161
28,3,2,case_content,business,0.0,0.0
28,4,3,founder,studio,0.0,0.0
28,4,3,founder,assist,2.4362818059602045,4.0533181940397975
28,4,3,founder,business,0.0,0.0
28,4,3,partners,studio,0.0,0.0
28,4,3,partners,assist,0.8526986320860716,1.4186613679139286
28,4,3,partners,business,0.0,0.0
28,4,3,case_content,studio,0.0,0.0
28,4,3,case_content,assist,0.19033451609064092,0.31666548390935917
28,4,3,case_content,business,0.0,0.0
28,5,4,founder,studio,0.0,0.0
28,5,4,founder,assist,2.6393052897902205,4.109878710209778
28,5,4,founder,business,0.0,0.0
28,5,4,partners,studio,0.0,0.0
28,5,4,partners,assist,0.9237568514265775,1.438457548573423
28,5,4,partners,business,0.0,0.0
28,5,4,case_content,studio,0.0,0.0
28,5,4,case_content,assist,0.206195725764861,0.3210842742351391
28,5,4,case_content,business,0.0,0.0
28,6,5,founder,studio,0.0,0.0
28,6,5,founder,assist,2.859247397272741,4.159903962727263
28,6,5,founder,business,0.0,0.0
28,6,5,partners,studio,0.0,0.0
28,6,5,partners,assist,1.0007365890454585,1.4559663869545414
28,6,5,partners,business,0.0,0.0
28,6,5,case_content,studio,0.0,0.0
28,6,5,case_content,assist,0.22337870291193282,0.3249924970880672
28,6,5,case_content,business,0.0,0.0
28,7,6,founder,studio,0.0,0.0
28,7,6,founder,assist,3.097518013712134,4.202399400687867
28,7,6,founder,business,0.0,0.0
28,7,6,partners,studio,0.0,0.0
28,7,6,partners,assist,1.0841313047992474,1.470839790240753
28,7,6,partners,business,0.0,0.0
28,7,6,case_content,studio,0.0,0.0
28,7,6,case_content,assist,0.24199359482126054,0.32831245317873964
28,7,6,case_content,business,0.0,0.0
28,8,7,founder,studio,0.0,0.0
28,8,7,founder,assist,3.3556445148548133,4.23626959612119
28,8,7,founder,business,0.0,0.0
28,8,7,partners,studio,0.0,0.0
28,8,7,partners,assist,1.174475580199184,1.4826943586424164
28,8,7,partners,business,0.0,0.0
28,8,7,case_content,studio,0.0,0.0
28,8,7,case_content,assist,0.2621597277230322,0.33095856219696795
28,8,7,case_content,business,0.0,0.0
28,9,8,founder,studio,0.0,0.0
28,9,8,founder,assist,3.63528155775938,4.260309117655662
28,9,8,founder,business,0.0,0.0
28,9,8,partners,studio,0.0,0.0
28,9,8,partners,assist,1.272348545215783,1.4911081911794815
28,9,8,partners,business,0.0,0.0
28,9,8,case_content,studio,0.0,0.0
28,9,8,case_content,assist,0.2840063716999515,0.3328366498168485
28,9,8,case_content,business,0.0,0.0
28,10,9,founder,studio,0.0,0.0
28,10,9,founder,assist,3.9382216875726614,4.2731926148589805
28,10,9,founder,business,0.0,0.0
28,10,9,partners,studio,0.0,0.0
28,10,9,partners,assist,1.3783775906504319,1.495617415200643
28,10,9,partners,business,0.0,0.0
28,10,9,case_content,studio,0.0,0.0
28,10,9,case_content,assist,0.3076735693416141,0.3338431730358579
28,10,9,case_content,business,0.0,0.0
28,11,10,founder,studio,0.0,0.0
28,11,10,founder,assist,4.266406828203717,4.273464046325191
28,11,10,founder,business,0.0,0.0
28,11,10,partners,studio,0.0,0.0
28,11,10,partners,assist,1.4932423898713012,1.4957124162138171
28,11,10,partners,business,0.0,0.0
28,11,10,case_content,studio,0.0,0.0
28,11,10,case_content,assist,0.3333130334534154,0.3338643786191556
28,11,10,case_content,business,0.0,0.0
28,12,11,founder,studio,0.0,0.0
28,12,11,founder,assist,4.621940730554027,4.259524978956038
28,12,11,founder,business,0.0,0.0
28,12,11,partners,studio,0.0,0.0
28,12,11,partners,assist,1.6176792556939095,1.4908337426346132
28,12,11,partners,business,0.0,0.0
28,12,11,case_content,studio,0.0,0.0
28,12,11,case_content,assist,0.36108911957453343,0.33277538898094045
28,12,11,case_content,business,0.0,0.0
28,13,12,founder,studio,0.0,0.0
28,13,12,founder,assist,5.0071024581001975,4.2296218797902725
28,13,12,founder,business,0.0,0.0
28,13,12,partners,studio,0.0,0.0
28,13,12,partners,assist,1.7524858603350688,1.480367657926595
28,13,12,partners,business,0.0,0.0
28,13,12,case_content,studio,0.0,0.0
28,13,12,case_content,assist,0.39117987953907785,0.3304392093586151
28,13,12,case_content,business,0.0,0.0
28,14,13,founder,studio,0.0,0.0
28,14,13,founder,assist,5.4208637986090915,4.17913620139091
28,14,13,founder,business,0.0,0.0
28,14,13,partners,studio,0.0,0.0
28,14,13,partners,assist,1.8985263486963249,1.4636413102958066
28,14,13,partners,business,0.0,0.0
28,14,13,case_content,studio,0.0,0.0
28,14,13,case_content,assist,0.4237782028340011,0.32670564961959964
28,14,13,case_content,business,0.0,0.0
28,15,14,founder,studio,0.0,0.0
28,15,14,founder,assist,5.646733123551137,3.9532668764488648
28,15,14,founder,business,0.0,0.0
28,15,14,partners,studio,0.0,0.0
28,15,14,partners,assist,2.0567368777543518,1.4399174875974645
28,15,14,partners,business,0.0,0.0
28,15,14,case_content,studio,0.0,0.0
28,15,14,case_content,assist,0.4590930530701679,0.3214101534815769
28,15,14,case_content,business,0.0,0.0
28,16,15,founder,studio,0.0,0.0
28,16,15,founder,assist,5.882013670365767,3.717986329634234
28,16,15,founder,business,0.0,0.0
28,16,15,partners,studio,0.0,0.0
28,16,15,partners,assist,2.228131617567214,1.4083889223986745
28,16,15,partners,business,0.0,0.0
28,16,15,case_content,studio,0.0,0.0
28,16,15,case_content,assist,0.4973508074926819,0.31437252732113274
28,16,15,case_content,business,0.0,0.0
28,17,16,founder,studio,0.0,0.0
28,17,16,founder,assist,6.127097573297674,3.4729024267023267
28,17,16,founder,business,0.0,0.0
28,17,16,partners,studio,0.0,0.0
28,17,16,partners,assist,2.413809252364482,1.3681721092000423
28,17,16,partners,business,0.0,0.0
28,17,16,case_content,studio,0.0,0.0
28,17,16,case_content,assist,0.5387967081170718,0.3053955600892952
28,17,16,case_content,business,0.0,0.0
28,18,17,founder,studio,0.0,0.0
28,18,17,founder,assist,6.382393305518411,3.2176066944815904
28,18,17,founder,business,0.0,0.0
28,18,17,partners,studio,0.0,0.0
28,18,17,partners,assist,2.614960023394856,1.31830059263225
28,18,17,partners,business,0.0,0.0
28,18,17,case_content,studio,0.0,0.0
28,18,17,case_content,assist,0.5836964337934946,0.2942635251411272
28,18,17,case_content,business,0.0,0.0
28,19,18,founder,studio,0.0,0.0
28,19,18,founder,assist,6.6483263599150115,2.95167364008499
28,19,18,founder,business,0.0,0.0
28,19,18,partners,studio,0.0,0.0
28,19,18,partners,assist,2.8328733586777615,1.2577176819904294
28,19,18,partners,business,0.0,0.0
28,19,18,case_content,studio,0.0,0.0
28,19,18,case_content,assist,0.6323378032762857,0.2807405540157208
28,19,18,case_content,business,0.0,0.0
28,20,19,founder,studio,0.0,0.0
28,20,19,founder,assist,6.925339958244804,2.674660041755198
28,20,19,founder,business,0.0,0.0
28,20,19,partners,studio,0.0,0.0
28,20,19,partners,assist,3.068946138567574,1.1852685437273438
28,20,19,partners,business,0.0,0.0
28,20,19,case_content,studio,0.0,0.0
28,20,19,case_content,assist,0.6850326202159764,0.2645688713677106
28,20,19,case_content,business,0.0,0.0
28,21,20,founder,studio,0.0,0.0
28,21,20,founder,assist,7.213895789838337,2.3861042101616645
28,21,20,founder,business,0.0,0.0
28,21,20,partners,studio,0.0,0.0
28,21,20,partners,assist,3.3246916501148727,1.0996916194718427
28,21,20,partners,business,0.0,0.0
28,21,20,case_content,studio,0.0,0.0
28,21,20,case_content,assist,0.7421186719006413,0.24546687934639347
28,21,20,case_content,business,0.0,0.0
28,22,21,founder,studio,0.0,0.0
28,22,21,founder,assist,7.514474781081601,2.0855252189184004
28,22,21,founder,business,0.0,0.0
28,22,21,partners,studio,0.0,0.0
28,22,21,partners,assist,3.601749287624445,0.9996093127457386
28,22,21,partners,business,0.0,0.0
28,22,21,case_content,studio,0.0,0.0
28,22,21,case_content,assist,0.8039618945590278,0.22312707873788806
28,22,21,case_content,business,0.0,0.0
28,23,22,founder,studio,0.0,0.0
28,23,22,founder,assist,7.827577896960001,1.7724221030400005
28,23,22,founder,business,0.0,0.0
28,23,22,partners,studio,0.0,0.0
28,23,22,partners,assist,3.901895061593149,0.8835178827918422
28,23,22,partners,business,0.0,0.0
28,23,22,case_content,studio,0.0,0.0
28,23,22,case_content,assist,0.8709587191056136,0.19721381312317907
28,23,22,case_content,business,0.0,0.0
28,24,23,founder,studio,0.0,0.0
28,24,23,founder,assist,8.153726976000002,1.4462730240000004
28,24,23,founder,business,0.0,0.0
28,24,23,partners,studio,0.0,0.0
28,24,23,partners,assist,4.227052983392578,0.7497764787678127
28,24,23,partners,business,0.0,0.0
28,24,23,case_content,studio,0.0,0.0
28,24,23,case_content,assist,0.9435386123644148,0.16736082115352963
28,24,23,case_content,business,0.0,0.0
28,25,24,founder,studio,0.0,0.0
28,25,24,founder,assist,8.493465600000002,1.1065344000000001
28,25,24,founder,business,0.0,0.0
28,25,24,partners,studio,0.0,0.0
28,25,24,partners,assist,4.579307398675294,0.5965952419715136
28,25,24,partners,business,0.0,0.0
28,25,24,case_content,studio,0.0,0.0
28,25,24,case_content,assist,1.0221668300614495,0.13316858079721286
28,25,24,case_content,business,0.0,0.0
28,26,25,founder,studio,0.0,0.0
28,26,25,founder,assist,8.847360000000002,0.7526400000000001
28,26,25,founder,business,0.0,0.0
28,26,25,partners,studio,0.0,0.0
28,26,25,partners,assist,4.9609163485649015,0.42202239770777805
28,26,25,partners,business,0.0,0.0
28,26,25,case_content,studio,0.0,0.0
28,26,25,case_content,assist,1.107347399233237,0.09420142805977189
28,26,25,case_content,business,0.0,0.0
28,27,26,founder,studio,0.0,0.0
28,27,26,founder,assist,9.216000000000001,0.38400000000000006
28,27,26,founder,business,0.0,0.0
28,27,26,partners,studio,0.0,0.0
28,27,26,partners,assist,5.374326044278643,0.22393025184494345
28,27,26,partners,business,0.0,0.0
28,27,26,case_content,studio,0.0,0.0
28,27,26,case_content,assist,1.1996263491693397,0.04998443121538916
28,27,26,case_content,business,0.0,0.0
28,28,27,founder,studio,0.0,0
28,28,27,founder,assist,9.600000000000001,0
28,28,27,founder,business,0.0,0
28,28,27,partners,studio,0.0,0
28,28,27,partners,assist,5.8221865479685295,0
28,28,27,partners,business,0.0,0
28,28,27,case_content,studio,0.0,0
28,28,27,case_content,assist,1.2995952116001181,0
28,28,27,case_content,business,0.0,0
29,2,1,founder,studio,0.0,0.0
29,2,1,founder,assist,1.9928496855380986,4.007150314461901
29,2,1,founder,business,0.0,0.0
29,2,1,partners,studio,0.0,0.0
29,2,1,partners,assist,0.6974973899383342,1.4025026100616655
29,2,1,partners,business,0.0,0.0
29,2,1,case_content,studio,0.0,0.0
29,2,1,case_content,assist,0.15569138168266386,0.31305861831733595
29,2,1,case_content,business,0.0,0.0
29,3,2,founder,studio,0.0,0.0
29,3,2,founder,assist,2.1589204926662733,4.081079507333728
29,3,2,founder,business,0.0,0.0
29,3,2,partners,studio,0.0,0.0
29,3,2,partners,assist,0.755622172433196,1.428377827566804
29,3,2,partners,business,0.0,0.0
29,3,2,case_content,studio,0.0,0.0
29,3,2,case_content,assist,0.1686656634895526,0.31883433651044746
29,3,2,case_content,business,0.0,0.0
29,4,3,founder,studio,0.0,0.0
29,4,3,founder,assist,2.3388305337217963,4.150769466278206
29,4,3,founder,business,0.0,0.0
29,4,3,partners,studio,0.0,0.0
29,4,3,partners,assist,0.8185906868026287,1.4527693131973716
29,4,3,partners,business,0.0,0.0
29,4,3,case_content,studio,0.0,0.0
29,4,3,case_content,assist,0.1827211354470153,0.3242788645529848
29,4,3,case_content,business,0.0,0.0
29,5,4,founder,studio,0.0,0.0
29,5,4,founder,assist,2.533733078198612,4.215450921801387
29,5,4,founder,business,0.0,0.0
29,5,4,partners,studio,0.0,0.0
29,5,4,partners,assist,0.8868065773695144,1.475407822630486
29,5,4,partners,business,0.0,0.0
29,5,4,case_content,studio,0.0,0.0
29,5,4,case_content,assist,0.19794789673426658,0.32933210326573353
29,5,4,case_content,business,0.0,0.0
29,6,5,founder,studio,0.0,0.0
29,6,5,founder,assist,2.744877501381831,4.274273858618173
29,6,5,founder,business,0.0,0.0
29,6,5,partners,studio,0.0,0.0
29,6,5,partners,assist,0.9607071254836401,1.4959958505163597
29,6,5,partners,business,0.0,0.0
29,6,5,case_content,studio,0.0,0.0
29,6,5,case_content,assist,0.21444355479545552,0.33392764520454454
29,6,5,case_content,business,0.0,0.0
29,7,6,founder,studio,0.0,0.0
29,7,6,founder,assist,2.973617293163649,4.326300121236352
29,7,6,founder,business,0.0,0.0
29,7,6,partners,studio,0.0,0.0
29,7,6,partners,assist,1.0407660526072775,1.514205042432723
29,7,6,partners,business,0.0,0.0
29,7,6,case_content,studio,0.0,0.0
29,7,6,case_content,assist,0.23231385102841012,0.33799219697159005
29,7,6,case_content,business,0.0,0.0
29,8,7,founder,studio,0.0,0.0
29,8,7,founder,assist,3.2214187342606206,4.3704953767153825
29,8,7,founder,business,0.0,0.0
29,8,7,partners,studio,0.0,0.0
29,8,7,partners,assist,1.1274965569912165,1.5296733818503838
29,8,7,partners,business,0.0,0.0
29,8,7,case_content,studio,0.0,0.0
29,8,7,case_content,assist,0.2516733386141109,0.34144495130588925
29,8,7,case_content,business,0.0,0.0
29,9,8,founder,studio,0.0,0.0
29,9,8,founder,assist,3.4898702954490046,4.405720379966037
29,9,8,founder,business,0.0,0.0
29,9,8,partners,studio,0.0,0.0
29,9,8,partners,assist,1.2214546034071516,1.5420021329881128
29,9,8,partners,business,0.0,0.0
29,9,8,case_content,studio,0.0,0.0
29,9,8,case_content,assist,0.27264611683195344,0.3441969046848466
29,9,8,case_content,business,0.0,0.0
29,10,9,founder,studio,0.0,0.0
29,10,9,founder,assist,3.780692820069755,4.430721482361887
29,10,9,founder,business,0.0,0.0
29,10,9,partners,studio,0.0,0.0
29,10,9,partners,assist,1.3232424870244146,1.5507525188266602
29,10,9,partners,business,0.0,0.0
29,10,9,case_content,studio,0.0,0.0
29,10,9,case_content,assist,0.29536662656794954,0.3461501158095225
29,10,9,case_content,business,0.0,0.0
29,11,10,founder,studio,0.0,0.0
29,11,10,founder,assist,4.095750555075568,4.44412031945334
29,11,10,founder,business,0.0,0.0
29,11,10,partners,studio,0.0,0.0
29,11,10,partners,assist,1.4335126942764491,1.5554421118086692
29,11,10,partners,business,0.0,0.0
29,11,10,case_content,studio,0.0,0.0
29,11,10,case_content,assist,0.3199805121152788,0.3471968999572922
29,11,10,case_content,business,0.0,0.0
29,12,11,founder,studio,0.0,0.0
29,12,11,founder,assist,4.437063101331867,4.444402608178199
29,12,11,founder,business,0.0,0.0
29,12,11,partners,studio,0.0,0.0
29,12,11,partners,assist,1.552972085466153,1.5555409128623696
29,12,11,partners,business,0.0,0.0
29,12,11,case_content,studio,0.0,0.0
29,12,11,case_content,assist,0.3466455547915521,0.34721895376392176
29,12,11,case_content,business,0.0,0.0
29,13,12,founder,studio,0.0,0.0
29,13,12,founder,assist,4.80681835977619,4.42990597811428
29,13,12,founder,business,0.0,0.0
29,13,12,partners,studio,0.0,0.0
29,13,12,partners,assist,1.682386425921666,1.5504670923399977
29,13,12,partners,business,0.0,0.0
29,13,12,case_content,studio,0.0,0.0
29,13,12,case_content,assist,0.37553268435751475,0.3460864045401782
29,13,12,case_content,business,0.0,0.0
29,14,13,founder,studio,0.0,0.0
29,14,13,founder,assist,5.204029246664728,4.395970753335273
29,14,13,founder,business,0.0,0.0
29,14,13,partners,studio,0.0,0.0
29,14,13,partners,assist,1.822585294748472,1.5395823642436595
29,14,13,partners,business,0.0,0.0
29,14,13,case_content,studio,0.0,0.0
29,14,13,case_content,assist,0.40682707472064106,0.34365677773295966
29,14,13,case_content,business,0.0,0.0
29,15,14,founder,studio,0.0,0.0
29,15,14,founder,assist,5.4208637986090915,4.17913620139091
29,15,14,founder,business,0.0,0.0
29,15,14,partners,studio,0.0,0.0
29,15,14,partners,assist,1.9744674026441777,1.5221869627076385
29,15,14,partners,business,0.0,0.0
29,15,14,case_content,studio,0.0,0.0
29,15,14,case_content,assist,0.44072933094736116,0.33977387560438366
29,15,14,case_content,business,0.0,0.0
29,16,15,founder,studio,0.0,0.0
29,16,15,founder,assist,5.646733123551137,3.9532668764488648
29,16,15,founder,business,0.0,0.0
29,16,15,partners,studio,0.0,0.0
29,16,15,partners,assist,2.1390063528645253,1.497514187101363
29,16,15,partners,business,0.0,0.0
29,16,15,case_content,studio,0.0,0.0
29,16,15,case_content,assist,0.47745677519297464,0.33426655962084
29,16,15,case_content,business,0.0,0.0
29,17,16,founder,studio,0.0,0.0
29,17,16,founder,assist,5.882013670365767,3.717986329634234
29,17,16,founder,business,0.0,0.0
29,17,16,partners,studio,0.0,0.0
29,17,16,partners,assist,2.3172568822699025,1.4647244792946215
29,17,16,partners,business,0.0,0.0
29,17,16,case_content,studio,0.0,0.0
29,17,16,case_content,assist,0.5172448397923889,0.32694742841397806
29,17,16,case_content,business,0.0,0.0
29,18,17,founder,studio,0.0,0.0
29,18,17,founder,assist,6.127097573297674,3.4729024267023267
29,18,17,founder,business,0.0,0.0
29,18,17,partners,studio,0.0,0.0
29,18,17,partners,assist,2.5103616224590617,1.4228989935680443
29,18,17,partners,business,0.0,0.0
29,18,17,case_content,studio,0.0,0.0
29,18,17,case_content,assist,0.5603485764417547,0.31761138249286697
29,18,17,case_content,business,0.0,0.0
29,19,18,founder,studio,0.0,0.0
29,19,18,founder,assist,6.382393305518411,3.2176066944815904
29,19,18,founder,business,0.0,0.0
29,19,18,partners,studio,0.0,0.0
29,19,18,partners,assist,2.719558424330651,1.37103261633754
29,19,18,partners,business,0.0,0.0
29,19,18,case_content,studio,0.0,0.0
29,19,18,case_content,assist,0.6070442911452343,0.3060340661467722
29,19,18,case_content,business,0.0,0.0
29,20,19,founder,studio,0.0,0.0
29,20,19,founder,assist,6.6483263599150115,2.95167364008499
29,20,19,founder,business,0.0,0.0
29,20,19,partners,studio,0.0,0.0
29,20,19,partners,assist,2.946188293024871,1.3080263892700468
29,20,19,partners,business,0.0,0.0
29,20,19,case_content,studio,0.0,0.0
29,20,19,case_content,assist,0.6576313154073374,0.2919701761763497
29,20,19,case_content,business,0.0,0.0
29,21,20,founder,studio,0.0,0.0
29,21,20,founder,assist,6.925339958244804,2.674660041755198
29,21,20,founder,business,0.0,0.0
29,21,20,partners,studio,0.0,0.0
29,21,20,partners,assist,3.1917039841102777,1.2326792854764377
29,21,20,partners,business,0.0,0.0
29,21,20,case_content,studio,0.0,0.0
29,21,20,case_content,assist,0.7124339250246157,0.2751516262224191
29,21,20,case_content,business,0.0,0.0
29,22,21,founder,studio,0.0,0.0
29,22,21,founder,assist,7.213895789838337,2.3861042101616645
29,22,21,founder,business,0.0,0.0
29,22,21,partners,studio,0.0,0.0
29,22,21,partners,assist,3.457679316119467,1.1436792842507164
29,22,21,partners,business,0.0,0.0
29,22,21,case_content,studio,0.0,0.0
29,22,21,case_content,assist,0.7718034187766667,0.25528555452024915
29,22,21,case_content,business,0.0,0.0
29,23,22,founder,studio,0.0,0.0
29,23,22,founder,assist,7.514474781081601,2.0855252189184004
29,23,22,founder,business,0.0,0.0
29,23,22,partners,studio,0.0,0.0
29,23,22,partners,assist,3.745819259129423,1.039593685255568
29,23,22,partners,business,0.0,0.0
29,23,22,case_content,studio,0.0,0.0
29,23,22,case_content,assist,0.8361203703413891,0.2320521618874036
29,23,22,case_content,business,0.0,0.0
29,24,23,founder,studio,0.0,0.0
29,24,23,founder,assist,7.827577896960001,1.7724221030400005
29,24,23,founder,business,0.0,0.0
29,24,23,partners,studio,0.0,0.0
29,24,23,partners,assist,4.057970864056874,0.9188585981035158
29,24,23,partners,business,0.0,0.0
29,24,23,case_content,studio,0.0,0.0
29,24,23,case_content,assist,0.9057970678698383,0.20510236564810622
29,24,23,case_content,business,0.0,0.0
29,25,24,founder,studio,0.0,0.0
29,25,24,founder,assist,8.153726976000002,1.4462730240000004
29,25,24,founder,business,0.0,0.0
29,25,24,partners,studio,0.0,0.0
29,25,24,partners,assist,4.396135102728282,0.7797675379185254
29,25,24,partners,business,0.0,0.0
29,25,24,case_content,studio,0.0,0.0
29,25,24,case_content,assist,0.9812801568589915,0.17405525399967084
29,25,24,case_content,business,0.0,0.0
29,26,25,founder,studio,0.0,0.0
29,26,25,founder,assist,8.493465600000002,1.1065344000000001
29,26,25,founder,business,0.0,0.0
29,26,25,partners,studio,0.0,0.0
29,26,25,partners,assist,4.762479694622305,0.6204590516503741
29,26,25,partners,business,0.0,0.0
29,26,25,case_content,studio,0.0,0.0
29,26,25,case_content,assist,1.0630535032639075,0.13849532402910136
29,26,25,case_content,business,0.0,0.0
29,27,26,founder,studio,0.0,0.0
29,27,26,founder,assist,8.847360000000002,0.7526400000000001
29,27,26,founder,business,0.0,0.0
29,27,26,partners,studio,0.0,0.0
29,27,26,partners,assist,5.159353002507498,0.43890329361608915
29,27,26,partners,business,0.0,0.0
29,27,26,case_content,studio,0.0,0.0
29,27,26,case_content,assist,1.151641295202566,0.09796948518216275
29,27,26,case_content,business,0.0,0.0
29,28,27,founder,studio,0.0,0.0
29,28,27,founder,assist,9.216000000000001,0.38400000000000006
29,28,27,founder,business,0.0,0.0
29,28,27,partners,studio,0.0,0.0
29,28,27,partners,assist,5.589299086049788,0.23288746191874118
29,28,27,partners,business,0.0,0.0
29,28,27,case_content,studio,0.0,0.0
29,28,27,case_content,assist,1.2476114031361134,0.05198380846400473
29,28,27,case_content,business,0.0,0.0
29,29,28,founder,studio,0.0,0
29,29,28,founder,assist,9.600000000000001,0
29,29,28,founder,business,0.0,0
29,29,28,partners,studio,0.0,0
29,29,28,partners,assist,6.055074009887271,0
29,29,28,partners,business,0.0,0
29,29,28,case_content,studio,0.0,0
29,29,28,case_content,assist,1.3515790200641231,0
29,29,28,case_content,business,0.0,0
30,2,1,founder,studio,0.0,0.0
30,2,1,founder,assist,1.9131356981165746,4.086864301883425
30,2,1,founder,business,0.0,0.0
30,2,1,partners,studio,0.0,0.0
30,2,1,partners,assist,0.6695974943408008,1.430402505659199
30,2,1,partners,business,0.0,0.0
30,2,1,case_content,studio,0.0,0.0
30,2,1,case_content,assist,0.1494637264153573,0.3192862735846425
30,2,1,case_content,business,0.0,0.0
30,3,2,founder,studio,0.0,0.0
30,3,2,founder,assist,2.0725636729596224,4.167436327040379
30,3,2,founder,business,0.0,0.0
30,3,2,partners,studio,0.0,0.0
30,3,2,partners,assist,0.7253972855358681,1.4586027144641318
30,3,2,partners,business,0.0,0.0
30,3,2,case_content,studio,0.0,0.0
30,3,2,case_content,assist,0.16191903694997048,0.32558096305002954
30,3,2,case_content,business,0.0,0.0
30,4,3,founder,studio,0.0,0.0
30,4,3,founder,assist,2.2452773123729246,4.244322687627077
30,4,3,founder,business,0.0,0.0
30,4,3,partners,studio,0.0,0.0
30,4,3,partners,assist,0.7858470593305236,1.4855129406694767
30,4,3,partners,business,0.0,0.0
30,4,3,case_content,studio,0.0,0.0
30,4,3,case_content,assist,0.1754122900291347,0.33158770997086545
30,4,3,case_content,business,0.0,0.0
30,5,4,founder,studio,0.0,0.0
30,5,4,founder,assist,2.4323837550706675,4.316800244929332
30,5,4,founder,business,0.0,0.0
30,5,4,partners,studio,0.0,0.0
30,5,4,partners,assist,0.8513343142747338,1.5108800857252667
30,5,4,partners,business,0.0,0.0
30,5,4,case_content,studio,0.0,0.0
30,5,4,case_content,assist,0.19002998086489592,0.3372500191351042
30,5,4,case_content,business,0.0,0.0
30,6,5,founder,studio,0.0,0.0
30,6,5,founder,assist,2.635082401326558,4.3840689586734465
30,6,5,founder,business,0.0,0.0
30,6,5,partners,studio,0.0,0.0
30,6,5,partners,assist,0.9222788404642945,1.5344241355357053
30,6,5,partners,business,0.0,0.0
30,6,5,case_content,studio,0.0,0.0
30,6,5,case_content,assist,0.2058658126036373,0.34250538739636277
30,6,5,case_content,business,0.0,0.0
30,7,6,founder,studio,0.0,0.0
30,7,6,founder,assist,2.854672601437103,4.4452448129628985
30,7,6,founder,business,0.0,0.0
30,7,6,partners,studio,0.0,0.0
30,7,6,partners,assist,0.9991354105029864,1.555835684537014
30,7,6,partners,business,0.0,0.0
30,7,6,case_content,studio,0.0,0.0
30,7,6,case_content,assist,0.22302129698727371,0.34728475101272643
30,7,6,case_content,business,0.0,0.0
30,8,7,founder,studio,0.0,0.0
30,8,7,founder,assist,3.092561984890196,4.499352126085808
30,8,7,founder,business,0.0,0.0
30,8,7,partners,studio,0.0,0.0
30,8,7,partners,assist,1.082396694711568,1.5747732441300324
30,8,7,partners,business,0.0,0.0
30,8,7,case_content,studio,0.0,0.0
30,8,7,case_content,assist,0.24160640506954645,0.3515118848504537
30,8,7,case_content,business,0.0,0.0
30,9,8,founder,studio,0.0,0.0
30,9,8,founder,assist,3.3502754836310444,4.545315191783997
30,9,8,founder,business,0.0,0.0
30,9,8,partners,studio,0.0,0.0
30,9,8,partners,assist,1.1725964192708656,1.590860317124399
30,9,8,partners,business,0.0,0.0
30,9,8,case_content,studio,0.0,0.0
30,9,8,case_content,assist,0.2617402721586753,0.35510274935812475
30,9,8,case_content,business,0.0,0.0
30,10,9,founder,studio,0.0,0.0
30,10,9,founder,assist,3.629465107266965,4.581949195164677
30,10,9,founder,business,0.0,0.0
30,10,9,partners,studio,0.0,0.0
30,10,9,partners,assist,1.2703127875434381,1.603682218307637
30,10,9,partners,business,0.0,0.0
30,10,9,case_content,studio,0.0,0.0
30,10,9,case_content,assist,0.28355196150523154,0.3579647808722405
30,10,9,case_content,business,0.0,0.0
30,11,10,founder,studio,0.0,0.0
30,11,10,founder,assist,3.9319205328725455,4.6079503416563625
30,11,10,founder,business,0.0,0.0
30,11,10,partners,studio,0.0,0.0
30,11,10,partners,assist,1.376172186505391,1.6127826195797272
30,11,10,partners,business,0.0,0.0
30,11,10,case_content,studio,0.0,0.0
30,11,10,case_content,assist,0.30718129163066765,0.3599961204419033
30,11,10,case_content,business,0.0,0.0
30,12,11,founder,studio,0.0,0.0
30,12,11,founder,assist,4.259580577278592,4.621885132231474
30,12,11,founder,business,0.0,0.0
30,12,11,partners,studio,0.0,0.0
30,12,11,partners,assist,1.490853202047507,1.6176597962810157
30,12,11,partners,business,0.0,0.0
30,12,11,case_content,studio,0.0,0.0
30,12,11,case_content,assist,0.33277973259989,0.36108477595558386
30,12,11,case_content,business,0.0,0.0
30,13,12,founder,studio,0.0,0.0
30,13,12,founder,assist,4.6145456253851425,4.6221787125053275
30,13,12,founder,business,0.0,0.0
30,13,12,partners,studio,0.0,0.0
30,13,12,partners,assist,1.6150909688847994,1.6177625493768644
30,13,12,partners,business,0.0,0.0
30,13,12,case_content,studio,0.0,0.0
30,13,12,case_content,assist,0.36051137698321417,0.36110771191447877
30,13,12,case_content,business,0.0,0.0
30,14,13,founder,studio,0.0,0.0
30,14,13,founder,assist,4.995868076798139,4.604131923201862
30,14,13,founder,business,0.0,0.0
30,14,13,partners,studio,0.0,0.0
30,14,13,partners,assist,1.749681882958533,1.6124857760335984
30,14,13,partners,business,0.0,0.0
30,14,13,case_content,studio,0.0,0.0
30,14,13,case_content,assist,0.39055399173181543,0.3599298607217853
30,14,13,case_content,business,0.0,0.0
30,15,14,founder,studio,0.0,0.0
30,15,14,founder,assist,5.204029246664728,4.395970753335273
30,15,14,founder,business,0.0,0.0
30,15,14,partners,studio,0.0,0.0
30,15,14,partners,assist,1.8954887065384107,1.6011656588134056
30,15,14,partners,business,0.0,0.0
30,15,14,case_content,studio,0.0,0.0
30,15,14,case_content,assist,0.42310015770946674,0.3574030488422781
30,15,14,case_content,business,0.0,0.0
30,16,15,founder,studio,0.0,0.0
30,16,15,founder,assist,5.4208637986090915,4.17913620139091
30,16,15,founder,business,0.0,0.0
30,16,15,partners,studio,0.0,0.0
30,16,15,partners,assist,2.0534460987499443,1.583074441215944
30,16,15,partners,business,0.0,0.0
30,16,15,case_content,studio,0.0,0.0
30,16,15,case_content,assist,0.45835850418525564,0.353364830628559
30,16,15,case_content,business,0.0,0.0
30,17,16,founder,studio,0.0,0.0
30,17,16,founder,assist,5.646733123551137,3.9532668764488648
30,17,16,founder,business,0.0,0.0
30,17,16,partners,studio,0.0,0.0
30,17,16,partners,assist,2.2245666069791064,1.5574147545854176
30,17,16,partners,business,0.0,0.0
30,17,16,case_content,studio,0.0,0.0
30,17,16,case_content,assist,0.49655504620069335,0.3476372220056736
30,17,16,case_content,business,0.0,0.0
30,18,17,founder,studio,0.0,0.0
30,18,17,founder,assist,5.882013670365767,3.717986329634234
30,18,17,founder,business,0.0,0.0
30,18,17,partners,studio,0.0,0.0
30,18,17,partners,assist,2.4099471575606994,1.5233134584664068
30,18,17,partners,business,0.0,0.0
30,18,17,case_content,studio,0.0,0.0
30,18,17,case_content,assist,0.5379346333840845,0.34002532555053716
30,18,17,case_content,business,0.0,0.0
30,19,18,founder,studio,0.0,0.0
30,19,18,founder,assist,6.127097573297674,3.4729024267023267
30,19,18,founder,business,0.0,0.0
30,19,18,partners,studio,0.0,0.0
30,19,18,partners,assist,2.6107760873574253,1.479814953310766
30,19,18,partners,business,0.0,0.0
30,19,18,case_content,studio,0.0,0.0
30,19,18,case_content,assist,0.5827625194994249,0.33031583779258156
30,19,18,case_content,business,0.0,0.0
30,20,19,founder,studio,0.0,0.0
30,20,19,founder,assist,6.382393305518411,3.2176066944815904
30,20,19,founder,business,0.0,0.0
30,20,19,partners,studio,0.0,0.0
30,20,19,partners,assist,2.828340761303876,1.4258739209910416
30,20,19,partners,business,0.0,0.0
30,20,19,case_content,studio,0.0,0.0
30,20,19,case_content,assist,0.631326062791044,0.3182754287926432
30,20,19,case_content,business,0.0,0.0
30,21,20,founder,studio,0.0,0.0
30,21,20,founder,assist,6.6483263599150115,2.95167364008499
30,21,20,founder,business,0.0,0.0
30,21,20,partners,studio,0.0,0.0
30,21,20,partners,assist,3.0640358247458668,1.3603474448408488
30,21,20,partners,business,0.0,0.0
30,21,20,case_content,studio,0.0,0.0
30,21,20,case_content,assist,0.683936568023631,0.3036489832234037
30,21,20,case_content,business,0.0,0.0
30,22,21,founder,studio,0.0,0.0
30,22,21,founder,assist,6.925339958244804,2.674660041755198
30,22,21,founder,business,0.0,0.0
30,22,21,partners,studio,0.0,0.0
30,22,21,partners,assist,3.3193721434746886,1.281986456895495
30,22,21,partners,business,0.0,0.0
30,22,21,case_content,studio,0.0,0.0
30,22,21,case_content,assist,0.7409312820256,0.2861576912713158
30,22,21,case_content,business,0.0,0.0
30,23,22,founder,studio,0.0,0.0
30,23,22,founder,assist,7.213895789838337,2.3861042101616645
30,23,22,founder,business,0.0,0.0
30,23,22,partners,studio,0.0,0.0
30,23,22,partners,assist,3.595986488764246,1.189426455620745
30,23,22,partners,business,0.0,0.0
30,23,22,case_content,studio,0.0,0.0
30,23,22,case_content,assist,0.8026755555277335,0.26549697670105915
30,23,22,case_content,business,0.0,0.0
30,24,23,founder,studio,0.0,0.0
30,24,23,founder,assist,7.514474781081601,2.0855252189184004
30,24,23,founder,business,0.0,0.0
30,24,23,partners,studio,0.0,0.0
30,24,23,partners,assist,3.8956520294945993,1.0811774326657908
30,24,23,partners,business,0.0,0.0
30,24,23,case_content,studio,0.0,0.0
30,24,23,case_content,assist,0.8695651851550448,0.24133424836289974
30,24,23,case_content,business,0.0,0.0
30,25,24,founder,studio,0.0,0.0
30,25,24,founder,assist,7.827577896960001,1.7724221030400005
30,25,24,founder,business,0.0,0.0
30,25,24,partners,studio,0.0,0.0
30,25,24,partners,assist,4.220289698619151,0.9556129420276567
30,25,24,partners,business,0.0,0.0
30,25,24,case_content,studio,0.0,0.0
30,25,24,case_content,assist,0.9420289505846319,0.2133064602740305
30,25,24,case_content,business,0.0,0.0
30,26,25,founder,studio,0.0,0.0
30,26,25,founder,assist,8.153726976000002,1.4462730240000004
30,26,25,founder,business,0.0,0.0
30,26,25,partners,studio,0.0,0.0
30,26,25,partners,assist,4.571980506837413,0.8109582394352663
30,26,25,partners,business,0.0,0.0
30,26,25,case_content,studio,0.0,0.0
30,26,25,case_content,assist,1.0205313631333512,0.18101746415965767
30,26,25,case_content,business,0.0,0.0
30,27,26,founder,studio,0.0,0.0
30,27,26,founder,assist,8.493465600000002,1.1065344000000001
30,27,26,founder,business,0.0,0.0
30,27,26,partners,studio,0.0,0.0
30,27,26,partners,assist,4.952978882407198,0.645277413716389
30,27,26,partners,business,0.0,0.0
30,27,26,case_content,studio,0.0,0.0
30,27,26,case_content,assist,1.1055756433944635,0.1440351369902654
30,27,26,case_content,business,0.0,0.0
30,28,27,founder,studio,0.0,0.0
30,28,27,founder,assist,8.847360000000002,0.7526400000000001
30,28,27,founder,business,0.0,0.0
30,28,27,partners,studio,0.0,0.0
30,28,27,partners,assist,5.3657271226077965,0.4564594253607327
30,28,27,partners,business,0.0,0.0
30,28,27,case_content,studio,0.0,0.0
30,28,27,case_content,assist,1.197706947010669,0.10188826458944927
30,28,27,case_content,business,0.0,0.0
30,29,28,founder,studio,0.0,0.0
30,29,28,founder,assist,9.216000000000001,0.38400000000000006
30,29,28,founder,business,0.0,0.0
30,29,28,partners,studio,0.0,0.0
30,29,28,partners,assist,5.81287104949178,0.24220296039549083
30,29,28,partners,business,0.0,0.0
30,29,28,case_content,studio,0.0,0.0
30,29,28,case_content,assist,1.297515859261558,0.05406316080256492
30,29,28,case_content,business,0.0,0.0
30,30,29,founder,studio,0.0,0
30,30,29,founder,assist,9.600000000000001,0
30,30,29,founder,business,0.0,0
30,30,29,partners,studio,0.0,0
30,30,29,partners,assist,6.297276970282762,0
30,30,29,partners,business,0.0,0
30,30,29,case_content,studio,0.0,0
30,30,29,case_content,assist,1.405642180866688,0
30,30,29,case_content,business,0.0,0
31,2,1,founder,studio,0.0,0.0
31,2,1,founder,assist,1.8366102701919116,4.163389729808088
31,2,1,founder,business,0.0,0.0
31,2,1,partners,studio,0.0,0.0
31,2,1,partners,assist,0.6428135945671688,1.457186405432831
31,2,1,partners,business,0.0,0.0
31,2,1,case_content,studio,0.0,0.0
31,2,1,case_content,assist,0.143485177358743,0.3252648226412568
31,2,1,case_content,business,0.0,0.0
31,3,2,founder,studio,0.0,0.0
31,3,2,founder,assist,1.9896611260412376,4.250338873958764
31,3,2,founder,business,0.0,0.0
31,3,2,partners,studio,0.0,0.0
31,3,2,partners,assist,0.6963813941144334,1.4876186058855665
31,3,2,partners,business,0.0,0.0
31,3,2,case_content,studio,0.0,0.0
31,3,2,case_content,assist,0.15544227547197165,0.33205772452802834
31,3,2,case_content,business,0.0,0.0
31,4,3,founder,studio,0.0,0.0
31,4,3,founder,assist,2.1554662198780075,4.334133780121994
31,4,3,founder,business,0.0,0.0
31,4,3,partners,studio,0.0,0.0
31,4,3,partners,assist,0.7544131769573026,1.5169468230426977
31,4,3,partners,business,0.0,0.0
31,4,3,case_content,studio,0.0,0.0
31,4,3,case_content,assist,0.1683957984279693,0.33860420157203086
31,4,3,case_content,business,0.0,0.0
31,5,4,founder,studio,0.0,0.0
31,5,4,founder,assist,2.335088404867841,4.414095595132158
31,5,4,founder,business,0.0,0.0
31,5,4,partners,studio,0.0,0.0
31,5,4,partners,assist,0.8172809417037444,1.544933458296256
31,5,4,partners,business,0.0,0.0
31,5,4,case_content,studio,0.0,0.0
31,5,4,case_content,assist,0.18242878163030007,0.34485121836970006
31,5,4,case_content,business,0.0,0.0
31,6,5,founder,studio,0.0,0.0
31,6,5,founder,assist,2.5296791052734955,4.4894722547265085
31,6,5,founder,business,0.0,0.0
31,6,5,partners,studio,0.0,0.0
31,6,5,partners,assist,0.8853876868457228,1.5713152891542772
31,6,5,partners,business,0.0,0.0
31,6,5,case_content,studio,0.0,0.0
31,6,5,case_content,assist,0.1976311800994918,0.35074001990050824
31,6,5,case_content,business,0.0,0.0
31,7,6,founder,studio,0.0,0.0
31,7,6,founder,assist,2.740485697379619,4.559431717020383
31,7,6,founder,business,0.0,0.0
31,7,6,partners,studio,0.0,0.0
31,7,6,partners,assist,0.959169994082867,1.5958011009571336
31,7,6,partners,business,0.0,0.0
31,7,6,case_content,studio,0.0,0.0
31,7,6,case_content,assist,0.21410044510778276,0.35620560289221737
31,7,6,case_content,business,0.0,0.0
31,8,7,founder,studio,0.0,0.0
31,8,7,founder,assist,2.968859505494588,4.623054605481415
31,8,7,founder,business,0.0,0.0
31,8,7,partners,studio,0.0,0.0
31,8,7,partners,assist,1.0391008269231052,1.6180691119184951
31,8,7,partners,business,0.0,0.0
31,8,7,case_content,studio,0.0,0.0
31,8,7,case_content,assist,0.2319421488667646,0.3611761410532356
31,8,7,case_content,business,0.0,0.0
31,9,8,founder,studio,0.0,0.0
31,9,8,founder,assist,3.2162644642858025,4.679326211129239
31,9,8,founder,business,0.0,0.0
31,9,8,partners,studio,0.0,0.0
31,9,8,partners,assist,1.125692562500031,1.6377641738952335
31,9,8,partners,business,0.0,0.0
31,9,8,case_content,studio,0.0,0.0
31,9,8,case_content,assist,0.2512706612723283,0.36557236024447176
31,9,8,case_content,business,0.0,0.0
31,10,9,founder,studio,0.0,0.0
31,10,9,founder,assist,3.4842865029762864,4.7271277994553556
31,10,9,founder,business,0.0,0.0
31,10,9,partners,studio,0.0,0.0
31,10,9,partners,assist,1.2195002760417006,1.6544947298093744
31,10,9,partners,business,0.0,0.0
31,10,9,case_content,studio,0.0,0.0
31,10,9,case_content,assist,0.2722098830450223,0.3693068593324497
31,10,9,case_content,business,0.0,0.0
31,11,10,founder,studio,0.0,0.0
31,11,10,founder,assist,3.7746437115576437,4.765227162971264
31,11,10,founder,business,0.0,0.0
31,11,10,partners,studio,0.0,0.0
31,11,10,partners,assist,1.3211252990451754,1.667829507039943
31,11,10,partners,business,0.0,0.0
31,11,10,case_content,studio,0.0,0.0
31,11,10,case_content,assist,0.29489403996544095,0.37228337210713003
31,11,10,case_content,business,0.0,0.0
31,12,11,founder,studio,0.0,0.0
31,12,11,founder,assist,4.089197354187448,4.7922683553226175
31,12,11,founder,business,0.0,0.0
31,12,11,partners,studio,0.0,0.0
31,12,11,partners,assist,1.4312190739656065,1.6772939243629161
31,12,11,partners,business,0.0,0.0
31,12,11,case_content,studio,0.0,0.0
31,12,11,case_content,assist,0.3194685432958944,0.37439596525957947
31,12,11,case_content,business,0.0,0.0
31,13,12,founder,studio,0.0,0.0
31,13,12,founder,assist,4.429963800369737,4.806760537520733
31,13,12,founder,business,0.0,0.0
31,13,12,partners,studio,0.0,0.0
31,13,12,partners,assist,1.5504873301294075,1.6823661881322562
31,13,12,partners,business,0.0,0.0
31,13,12,case_content,studio,0.0,0.0
31,13,12,case_content,assist,0.34609092190388563,0.3755281669938073
31,13,12,case_content,business,0.0,0.0
31,14,13,founder,studio,0.0,0.0
31,14,13,founder,assist,4.796033353726213,4.803966646273788
31,14,13,founder,business,0.0,0.0
31,14,13,partners,studio,0.0,0.0
31,14,13,partners,assist,1.6796946076401917,1.6824730513519397
31,14,13,partners,business,0.0,0.0
31,14,13,case_content,studio,0.0,0.0
31,14,13,case_content,assist,0.3749318320625428,0.3755520203910579
31,14,13,case_content,business,0.0,0.0
31,15,14,founder,studio,0.0,0.0
31,15,14,founder,assist,4.995868076798139,4.604131923201862
31,15,14,founder,business,0.0,0.0
31,15,14,partners,studio,0.0,0.0
31,15,14,partners,assist,1.8196691582768743,1.676985207074942
31,15,14,partners,business,0.0,0.0
31,15,14,case_content,studio,0.0,0.0
31,15,14,case_content,assist,0.4061761514010881,0.37432705515065673
31,15,14,case_content,business,0.0,0.0
31,16,15,founder,studio,0.0,0.0
31,16,15,founder,assist,5.204029246664728,4.395970753335273
31,16,15,founder,business,0.0,0.0
31,16,15,partners,studio,0.0,0.0
31,16,15,partners,assist,1.9713082547999465,1.6652122851659419
31,16,15,partners,business,0.0,0.0
31,16,15,case_content,studio,0.0,0.0
31,16,15,case_content,assist,0.44002416401784544,0.3716991707959692
31,16,15,case_content,business,0.0,0.0
31,17,16,founder,studio,0.0,0.0
31,17,16,founder,assist,5.4208637986090915,4.17913620139091
31,17,16,founder,business,0.0,0.0
31,17,16,partners,studio,0.0,0.0
31,17,16,partners,assist,2.135583942699942,1.6463974188645818
31,17,16,partners,business,0.0,0.0
31,17,16,case_content,studio,0.0,0.0
31,17,16,case_content,assist,0.4766928443526656,0.3674994238537013
31,17,16,case_content,business,0.0,0.0
31,18,17,founder,studio,0.0,0.0
31,18,17,founder,assist,5.646733123551137,3.9532668764488648
31,18,17,founder,business,0.0,0.0
31,18,17,partners,studio,0.0,0.0
31,18,17,partners,assist,2.3135492712582715,1.6197113447688347
31,18,17,partners,business,0.0,0.0
31,18,17,case_content,studio,0.0,0.0
31,18,17,case_content,assist,0.5164172480487211,0.36154271088590056
31,18,17,case_content,business,0.0,0.0
31,19,18,founder,studio,0.0,0.0
31,19,18,founder,assist,5.882013670365767,3.717986329634234
31,19,18,founder,business,0.0,0.0
31,19,18,partners,studio,0.0,0.0
31,19,18,partners,assist,2.5063450438631283,1.584245996805063
31,19,18,partners,business,0.0,0.0
31,19,18,case_content,studio,0.0,0.0
31,19,18,case_content,assist,0.5594520187194479,0.35362633857255854
31,19,18,case_content,business,0.0,0.0
31,20,19,founder,studio,0.0,0.0
31,20,19,founder,assist,6.127097573297674,3.4729024267023267
31,20,19,founder,business,0.0,0.0
31,20,19,partners,studio,0.0,0.0
31,20,19,partners,assist,2.715207130851721,1.5390075514431967
31,20,19,partners,business,0.0,0.0
31,20,19,case_content,studio,0.0,0.0
31,20,19,case_content,assist,0.6060730202794022,0.343528471304285
31,20,19,case_content,business,0.0,0.0
31,21,20,founder,studio,0.0,0.0
31,21,20,founder,assist,6.382393305518411,3.2176066944815904
31,21,20,founder,business,0.0,0.0
31,21,20,partners,studio,0.0,0.0
31,21,20,partners,assist,2.941474391756032,1.4829088778306834
31,21,20,partners,business,0.0,0.0
31,21,20,case_content,studio,0.0,0.0
31,21,20,case_content,assist,0.6565791053026858,0.33100644594434897
31,21,20,case_content,business,0.0,0.0
31,22,21,founder,studio,0.0,0.0
31,22,21,founder,assist,6.6483263599150115,2.95167364008499
31,22,21,founder,business,0.0,0.0
31,22,21,partners,studio,0.0,0.0
31,22,21,partners,assist,3.186597257735701,1.4147613426344825
31,22,21,partners,business,0.0,0.0
31,22,21,case_content,studio,0.0,0.0
31,22,21,case_content,assist,0.711294030744576,0.3157949425523398
31,22,21,case_content,business,0.0,0.0
31,23,22,founder,studio,0.0,0.0
31,23,22,founder,assist,6.925339958244804,2.674660041755198
31,23,22,founder,business,0.0,0.0
31,23,22,partners,studio,0.0,0.0
31,23,22,partners,assist,3.452147029213676,1.3332659151713149
31,23,22,partners,business,0.0,0.0
31,23,22,case_content,studio,0.0,0.0
31,23,22,case_content,assist,0.7705685333066241,0.2976039989221685
31,23,22,case_content,business,0.0,0.0
31,24,23,founder,studio,0.0,0.0
31,24,23,founder,assist,7.213895789838337,2.3861042101616645
31,24,23,founder,business,0.0,0.0
31,24,23,partners,studio,0.0,0.0
31,24,23,partners,assist,3.7398259483148153,1.2370035138455748
31,24,23,partners,business,0.0,0.0
31,24,23,case_content,studio,0.0,0.0
31,24,23,case_content,assist,0.834782577748843,0.27611685576910155
31,24,23,case_content,business,0.0,0.0
31,25,24,founder,studio,0.0,0.0
31,25,24,founder,assist,7.514474781081601,2.0855252189184004
31,25,24,founder,business,0.0,0.0
31,25,24,partners,studio,0.0,0.0
31,25,24,partners,assist,4.051478110674385,1.1244245299724227
31,25,24,partners,business,0.0,0.0
31,25,24,case_content,studio,0.0,0.0
31,25,24,case_content,assist,0.9043477925612466,0.2509876182974158
31,25,24,case_content,business,0.0,0.0
31,26,25,founder,studio,0.0,0.0
31,26,25,founder,assist,7.827577896960001,1.7724221030400005
31,26,25,founder,business,0.0,0.0
31,26,25,partners,studio,0.0,0.0
31,26,25,partners,assist,4.389101286563917,0.9938374597087629
31,26,25,partners,business,0.0,0.0
31,26,25,case_content,studio,0.0,0.0
31,26,25,case_content,assist,0.9797101086080172,0.22183871868499172
31,26,25,case_content,business,0.0,0.0
31,27,26,founder,studio,0.0,0.0
31,27,26,founder,assist,8.153726976000002,1.4462730240000004
31,27,26,founder,business,0.0,0.0
31,27,26,partners,studio,0.0,0.0
31,27,26,partners,assist,4.75485972711091,0.843396569012677
31,27,26,partners,business,0.0,0.0
31,27,26,case_content,studio,0.0,0.0
31,27,26,case_content,assist,1.061352617658685,0.18825816272604395
31,27,26,case_content,business,0.0,0.0
31,28,27,founder,studio,0.0,0.0
31,28,27,founder,assist,8.493465600000002,1.1065344000000001
31,28,27,founder,business,0.0,0.0
31,28,27,partners,studio,0.0,0.0
31,28,27,partners,assist,5.151098037703485,0.6710885102650446
31,28,27,partners,business,0.0,0.0
31,28,27,case_content,studio,0.0,0.0
31,28,27,case_content,assist,1.1497986691302422,0.14979654246987603
31,28,27,case_content,business,0.0,0.0
31,29,28,founder,studio,0.0,0.0
31,29,28,founder,assist,8.847360000000002,0.7526400000000001
31,29,28,founder,business,0.0,0.0
31,29,28,partners,studio,0.0,0.0
31,29,28,partners,assist,5.580356207512109,0.47471780237516203
31,29,28,partners,business,0.0,0.0
31,29,28,case_content,studio,0.0,0.0
31,29,28,case_content,assist,1.2456152248910959,0.10596379517302726
31,29,28,case_content,business,0.0,0.0
31,30,29,founder,studio,0.0,0.0
31,30,29,founder,assist,9.216000000000001,0.38400000000000006
31,30,29,founder,business,0.0,0.0
31,30,29,partners,studio,0.0,0.0
31,30,29,partners,assist,6.045385891471451,0.25189107881131045
31,30,29,partners,business,0.0,0.0
31,30,29,case_content,studio,0.0,0.0
31,30,29,case_content,assist,1.3494164936320203,0.05622568723466752
31,30,29,case_content,business,0.0,0.0
31,31,30,founder,studio,0.0,0
31,31,30,founder,assist,9.600000000000001,0
31,31,30,founder,business,0.0,0
31,31,30,partners,studio,0.0,0
31,31,30,partners,assist,6.549168049094074,0
31,31,30,partners,business,0.0,0
31,31,30,case_content,studio,0.0,0
31,31,30,case_content,assist,1.4618678681013557,0
31,31,30,case_content,business,0.0,0
32,2,1,founder,studio,0.0,0.0
32,2,1,founder,assist,1.763145859384235,4.2368541406157645
32,2,1,founder,business,0.0,0.0
32,2,1,partners,studio,0.0,0.0
32,2,1,partners,assist,0.6171010507844821,1.4828989492155178
32,2,1,partners,business,0.0,0.0
32,2,1,case_content,studio,0.0,0.0
32,2,1,case_content,assist,0.13774577026439327,0.3310042297356065
32,2,1,case_content,business,0.0,0.0
32,3,2,founder,studio,0.0,0.0
32,3,2,founder,assist,1.910074680999588,4.329925319000414
32,3,2,founder,business,0.0,0.0
32,3,2,partners,studio,0.0,0.0
32,3,2,partners,assist,0.6685261383498561,1.5154738616501437
32,3,2,partners,business,0.0,0.0
32,3,2,case_content,studio,0.0,0.0
32,3,2,case_content,assist,0.14922458445309278,0.3382754155469072
32,3,2,case_content,business,0.0,0.0
32,4,3,founder,studio,0.0,0.0
32,4,3,founder,assist,2.069247571082887,4.4203524289171146
32,4,3,founder,business,0.0,0.0
32,4,3,partners,studio,0.0,0.0
32,4,3,partners,assist,0.7242366498790105,1.5471233501209898
32,4,3,partners,business,0.0,0.0
32,4,3,case_content,studio,0.0,0.0
32,4,3,case_content,assist,0.16165996649085054,0.34534003350914966
32,4,3,case_content,business,0.0,0.0
32,5,4,founder,studio,0.0,0.0
32,5,4,founder,assist,2.2416848686731274,4.507499131326872
32,5,4,founder,business,0.0,0.0
32,5,4,partners,studio,0.0,0.0
32,5,4,partners,assist,0.7845897040355947,1.5776246959644058
32,5,4,partners,business,0.0,0.0
32,5,4,case_content,studio,0.0,0.0
32,5,4,case_content,assist,0.17513163036508808,0.3521483696349121
32,5,4,case_content,business,0.0,0.0
32,6,5,founder,studio,0.0,0.0
32,6,5,founder,assist,2.4284919410625556,4.590659418937448
32,6,5,founder,business,0.0,0.0
32,6,5,partners,studio,0.0,0.0
32,6,5,partners,assist,0.8499721793718938,1.6067307966281061
32,6,5,partners,business,0.0,0.0
32,6,5,case_content,studio,0.0,0.0
32,6,5,case_content,assist,0.18972593289551212,0.3586452671044879
32,6,5,case_content,business,0.0,0.0
32,7,6,founder,studio,0.0,0.0
32,7,6,founder,assist,2.630866269484434,4.669051144915567
32,7,6,founder,business,0.0,0.0
32,7,6,partners,studio,0.0,0.0
32,7,6,partners,assist,0.9208031943195523,1.6341679007204482
32,7,6,partners,business,0.0,0.0
32,7,6,case_content,studio,0.0,0.0
32,7,6,case_content,assist,0.20553642730347144,0.3647696206965287
32,7,6,case_content,business,0.0,0.0
32,8,7,founder,studio,0.0,0.0
32,8,7,founder,assist,2.8501051252748044,4.741808985701199
32,8,7,founder,business,0.0,0.0
32,8,7,partners,studio,0.0,0.0
32,8,7,partners,assist,0.997536793846181,1.6596331449954194
32,8,7,partners,business,0.0,0.0
32,8,7,case_content,studio,0.0,0.0
32,8,7,case_content,assist,0.22266446291209402,0.3704538270079062
32,8,7,case_content,business,0.0,0.0
32,9,8,founder,studio,0.0,0.0
32,9,8,founder,assist,3.0876138857143705,4.807976789700671
32,9,8,founder,business,0.0,0.0
32,9,8,partners,studio,0.0,0.0
32,9,8,partners,assist,1.0806648600000297,1.6827918763952348
32,9,8,partners,business,0.0,0.0
32,9,8,case_content,studio,0.0,0.0
32,9,8,case_content,assist,0.24121983482143514,0.3756231866953649
32,9,8,case_content,business,0.0,0.0
32,10,9,founder,studio,0.0,0.0
32,10,9,founder,assist,3.344915042857235,4.866499259574407
32,10,9,founder,business,0.0,0.0
32,10,9,partners,studio,0.0,0.0
32,10,9,partners,assist,1.1707202650000326,1.7032747408510425
32,10,9,partners,business,0.0,0.0
32,10,9,case_content,studio,0.0,0.0
32,10,9,case_content,assist,0.2613214877232214,0.38019525465425064
32,10,9,case_content,business,0.0,0.0
32,11,10,founder,studio,0.0,0.0
32,11,10,founder,assist,3.623657963095338,4.91621291143357
32,11,10,founder,business,0.0,0.0
32,11,10,partners,studio,0.0,0.0
32,11,10,partners,assist,1.2682802870833685,1.7206745190017498
32,11,10,partners,business,0.0,0.0
32,11,10,case_content,studio,0.0,0.0
32,11,10,case_content,assist,0.28309827836682333,0.38407913370574764
32,11,10,case_content,business,0.0,0.0
32,12,11,founder,studio,0.0,0.0
32,12,11,founder,assist,3.92562946001995,4.955836249490115
32,12,11,founder,business,0.0,0.0
32,12,11,partners,studio,0.0,0.0
32,12,11,partners,assist,1.3739703110069823,1.7345426873215404
32,12,11,partners,business,0.0,0.0
32,12,11,case_content,studio,0.0,0.0
32,12,11,case_content,assist,0.3066898015640586,0.38717470699141526
32,12,11,case_content,business,0.0,0.0
32,13,12,founder,studio,0.0,0.0
32,13,12,founder,assist,4.252765248354947,4.983959089535523
32,13,12,founder,business,0.0,0.0
32,13,12,partners,studio,0.0,0.0
32,13,12,partners,assist,1.4884678369242312,1.7443856813374325
32,13,12,partners,business,0.0,0.0
32,13,12,case_content,studio,0.0,0.0
32,13,12,case_content,assist,0.3322472850277302,0.38937180386996273
32,13,12,case_content,business,0.0,0.0
32,14,13,founder,studio,0.0,0.0
32,14,13,founder,assist,4.604192019577165,4.995807980422836
32,14,13,founder,business,0.0,0.0
32,14,13,partners,studio,0.0,0.0
32,14,13,partners,assist,1.612506823334584,1.7496608356575474
32,14,13,partners,business,0.0,0.0
32,14,13,case_content,studio,0.0,0.0
32,14,13,case_content,assist,0.3599345587800411,0.3905492936735596
32,14,13,case_content,business,0.0,0.0
32,15,14,founder,studio,0.0,0.0
32,15,14,founder,assist,4.796033353726213,4.803966646273788
32,15,14,founder,business,0.0,0.0
32,15,14,partners,studio,0.0,0.0
32,15,14,partners,assist,1.7468823919457992,1.749771973406017
32,15,14,partners,business,0.0,0.0
32,15,14,case_content,studio,0.0,0.0
32,15,14,case_content,assist,0.38992910534504455,0.3905741012067003
32,15,14,case_content,business,0.0,0.0
32,16,15,founder,studio,0.0,0.0
32,16,15,founder,assist,4.995868076798139,4.604131923201862
32,16,15,founder,business,0.0,0.0
32,16,15,partners,studio,0.0,0.0
32,16,15,partners,assist,1.8924559246079486,1.7440646153579398
32,16,15,partners,business,0.0,0.0
32,16,15,case_content,studio,0.0,0.0
32,16,15,case_content,assist,0.42242319745713164,0.389300137356683
32,16,15,case_content,business,0.0,0.0
32,17,16,founder,studio,0.0,0.0
32,17,16,founder,assist,5.204029246664728,4.395970753335273
32,17,16,founder,business,0.0,0.0
32,17,16,partners,studio,0.0,0.0
32,17,16,partners,assist,2.0501605849919446,1.7318207765725795
32,17,16,partners,business,0.0,0.0
32,17,16,case_content,studio,0.0,0.0
32,17,16,case_content,assist,0.457625130578559,0.3865671376278079
32,17,16,case_content,business,0.0,0.0
32,18,17,founder,studio,0.0,0.0
32,18,17,founder,assist,5.4208637986090915,4.17913620139091
32,18,17,founder,business,0.0,0.0
32,18,17,partners,studio,0.0,0.0
32,18,17,partners,assist,2.2210073004079405,1.7122533156191655
32,18,17,partners,business,0.0,0.0
32,18,17,case_content,studio,0.0,0.0
32,18,17,case_content,assist,0.4957605581267723,0.3821994008078494
32,18,17,case_content,business,0.0,0.0
32,19,18,founder,studio,0.0,0.0
32,19,18,founder,assist,5.646733123551137,3.9532668764488648
32,19,18,founder,business,0.0,0.0
32,19,18,partners,studio,0.0,0.0
32,19,18,partners,assist,2.4060912421086034,1.6844997985595882
32,19,18,partners,business,0.0,0.0
32,19,18,case_content,studio,0.0,0.0
32,19,18,case_content,assist,0.53707393797067,0.37600441932133644
32,19,18,case_content,business,0.0,0.0
32,20,19,founder,studio,0.0,0.0
32,20,19,founder,assist,5.882013670365767,3.717986329634234
32,20,19,founder,business,0.0,0.0
32,20,19,partners,studio,0.0,0.0
32,20,19,partners,assist,2.6065988456176523,1.6476158366772655
32,20,19,partners,business,0.0,0.0
32,20,19,case_content,studio,0.0,0.0
32,20,19,case_content,assist,0.5818300994682262,0.36777139211546106
32,20,19,case_content,business,0.0,0.0
32,21,20,founder,studio,0.0,0.0
32,21,20,founder,assist,6.127097573297674,3.4729024267023267
32,21,20,founder,business,0.0,0.0
32,21,20,partners,studio,0.0,0.0
32,21,20,partners,assist,2.823815416085791,1.6005678535009247
32,21,20,partners,business,0.0,0.0
32,21,20,case_content,studio,0.0,0.0
32,21,20,case_content,assist,0.6303159410905784,0.3572696101564564
32,21,20,case_content,business,0.0,0.0
32,22,21,founder,studio,0.0,0.0
32,22,21,founder,assist,6.382393305518411,3.2176066944815904
32,22,21,founder,business,0.0,0.0
32,22,21,partners,studio,0.0,0.0
32,22,21,partners,assist,3.059133367426273,1.5422252329439106
32,22,21,partners,business,0.0,0.0
32,22,21,case_content,studio,0.0,0.0
32,22,21,case_content,assist,0.682842269514793,0.34424670378212285
32,22,21,case_content,business,0.0,0.0
32,23,22,founder,studio,0.0,0.0
32,23,22,founder,assist,6.6483263599150115,2.95167364008499
32,23,22,founder,business,0.0,0.0
32,23,22,partners,studio,0.0,0.0
32,23,22,partners,assist,3.3140611480451287,1.471351796339862
32,23,22,partners,business,0.0,0.0
32,23,22,case_content,studio,0.0,0.0
32,23,22,case_content,assist,0.7397457919743592,0.32842674025443347
32,23,22,case_content,business,0.0,0.0
32,24,23,founder,studio,0.0,0.0
32,24,23,founder,assist,6.925339958244804,2.674660041755198
32,24,23,founder,business,0.0,0.0
32,24,23,partners,studio,0.0,0.0
32,24,23,partners,assist,3.590232910382223,1.3865965517781675
32,24,23,partners,business,0.0,0.0
32,24,23,case_content,studio,0.0,0.0
32,24,23,case_content,assist,0.8013912746388893,0.30950815887905525
32,24,23,case_content,business,0.0,0.0
32,25,24,founder,studio,0.0,0.0
32,25,24,founder,assist,7.213895789838337,2.3861042101616645
32,25,24,founder,business,0.0,0.0
32,25,24,partners,studio,0.0,0.0
32,25,24,partners,assist,3.889418986247409,1.286483654399398
32,25,24,partners,business,0.0,0.0
32,25,24,case_content,studio,0.0,0.0
32,25,24,case_content,assist,0.8681738808587968,0.28716152999986566
32,25,24,case_content,business,0.0,0.0
32,26,25,founder,studio,0.0,0.0
32,26,25,founder,assist,7.514474781081601,2.0855252189184004
32,26,25,founder,business,0.0,0.0
32,26,25,partners,studio,0.0,0.0
32,26,25,partners,assist,4.21353723510136,1.1694015111713196
32,26,25,partners,business,0.0,0.0
32,26,25,case_content,studio,0.0,0.0
32,26,25,case_content,assist,0.9405217042636965,0.2610271230293124
32,26,25,case_content,business,0.0,0.0
32,27,26,founder,studio,0.0,0.0
32,27,26,founder,assist,7.827577896960001,1.7724221030400005
32,27,26,founder,business,0.0,0.0
32,27,26,partners,studio,0.0,0.0
32,27,26,partners,assist,4.564665338026473,1.0335909580971134
32,27,26,partners,business,0.0,0.0
32,27,26,case_content,studio,0.0,0.0
32,27,26,case_content,assist,1.0188985129523376,0.23071226743239134
32,27,26,case_content,business,0.0,0.0
32,28,27,founder,studio,0.0,0.0
32,28,27,founder,assist,8.153726976000002,1.4462730240000004
32,28,27,founder,business,0.0,0.0
32,28,27,partners,studio,0.0,0.0
32,28,27,partners,assist,4.945054116195346,0.877132431773184
32,28,27,partners,business,0.0,0.0
32,28,27,case_content,studio,0.0,0.0
32,28,27,case_content,assist,1.1038067223650325,0.1957884892350857
32,28,27,case_content,business,0.0,0.0
32,29,28,founder,studio,0.0,0.0
32,29,28,founder,assist,8.493465600000002,1.1065344000000001
32,29,28,founder,business,0.0,0.0
32,29,28,partners,studio,0.0,0.0
32,29,28,partners,assist,5.357141959211624,0.6979320506756463
32,29,28,partners,business,0.0,0.0
32,29,28,case_content,studio,0.0,0.0
32,29,28,case_content,assist,1.195790615895452,0.1557884041686711
32,29,28,case_content,business,0.0,0.0
32,30,29,founder,studio,0.0,0.0
32,30,29,founder,assist,8.847360000000002,0.7526400000000001
32,30,29,founder,business,0.0,0.0
32,30,29,partners,studio,0.0,0.0
32,30,29,partners,assist,5.803570455812593,0.4937065144701685
32,30,29,partners,business,0.0,0.0
32,30,29,case_content,studio,0.0,0.0
32,30,29,case_content,assist,1.2954398338867394,0.11020234697994832
32,30,29,case_content,business,0.0,0.0
32,31,30,founder,studio,0.0,0.0
32,31,30,founder,assist,9.216000000000001,0.38400000000000006
32,31,30,founder,business,0.0,0.0
32,31,30,partners,studio,0.0,0.0
32,31,30,partners,assist,6.287201327130311,0.26196672196376297
32,31,30,partners,business,0.0,0.0
32,31,30,case_content,studio,0.0,0.0
32,31,30,case_content,assist,1.4033931533773014,0.05847471472405423
32,31,30,case_content,business,0.0,0.0
32,32,31,founder,studio,0.0,0
32,32,31,founder,assist,9.600000000000001,0
32,32,31,founder,business,0.0,0
32,32,31,partners,studio,0.0,0
32,32,31,partners,assist,6.72,0
32,32,31,partners,business,0.0,0
32,32,31,case_content,studio,0.0,0
32,32,31,case_content,assist,1.5,0
32,32,31,case_content,business,0.0,0
33,2,1,founder,studio,0.0,0.0
33,2,1,founder,assist,1.6926200250088657,4.307379974991134
33,2,1,founder,business,0.0,0.0
33,2,1,partners,studio,0.0,0.0
33,2,1,partners,assist,0.5924170087531028,1.507582991246897
33,2,1,partners,business,0.0,0.0
33,2,1,case_content,studio,0.0,0.0
33,2,1,case_content,assist,0.13223593945381754,0.3365140605461822
33,2,1,case_content,business,0.0,0.0
33,3,2,founder,studio,0.0,0.0
33,3,2,founder,assist,1.8336716937596045,4.406328306240398
33,3,2,founder,business,0.0,0.0
33,3,2,partners,studio,0.0,0.0
33,3,2,partners,assist,0.6417850928158618,1.542214907184138
33,3,2,partners,business,0.0,0.0
33,3,2,case_content,studio,0.0,0.0
33,3,2,case_content,assist,0.14325560107496907,0.34424439892503095
33,3,2,case_content,business,0.0,0.0
33,4,3,founder,studio,0.0,0.0
33,4,3,founder,assist,1.9864776682395715,4.50312233176043
33,4,3,founder,business,0.0,0.0
33,4,3,partners,studio,0.0,0.0
33,4,3,partners,assist,0.6952671838838501,1.5760928161161503
33,4,3,partners,business,0.0,0.0
33,4,3,case_content,studio,0.0,0.0
33,4,3,case_content,assist,0.15519356783121652,0.35180643216878366
33,4,3,case_content,business,0.0,0.0
33,5,4,founder,studio,0.0,0.0
33,5,4,founder,assist,2.152017473926202,4.5971665260737975
33,5,4,founder,business,0.0,0.0
33,5,4,partners,studio,0.0,0.0
33,5,4,partners,assist,0.7532061158741709,1.6090082841258295
33,5,4,partners,business,0.0,0.0
33,5,4,case_content,studio,0.0,0.0
33,5,4,case_content,assist,0.16812636515048457,0.3591536348495156
33,5,4,case_content,business,0.0,0.0
33,6,5,founder,studio,0.0,0.0
33,6,5,founder,assist,2.331352263420053,4.68779909657995
33,6,5,founder,business,0.0,0.0
33,6,5,partners,studio,0.0,0.0
33,6,5,partners,assist,0.8159732921970181,1.640729683802982
33,6,5,partners,business,0.0,0.0
33,6,5,case_content,studio,0.0,0.0
33,6,5,case_content,assist,0.18213689557969165,0.3662343044203084
33,6,5,case_content,business,0.0,0.0
33,7,6,founder,studio,0.0,0.0
33,7,6,founder,assist,2.5256316187050567,4.7742857956949445
33,7,6,founder,business,0.0,0.0
33,7,6,partners,studio,0.0,0.0
33,7,6,partners,assist,0.8839710665467702,1.6710000284932303
33,7,6,partners,business,0.0,0.0
33,7,6,case_content,studio,0.0,0.0
33,7,6,case_content,assist,0.19731497021133257,0.3729910777886675
33,7,6,case_content,business,0.0,0.0
33,8,7,founder,studio,0.0,0.0
33,8,7,founder,assist,2.7361009202638122,4.85581319071219
33,8,7,founder,business,0.0,0.0
33,8,7,partners,studio,0.0,0.0
33,8,7,partners,assist,0.9576353220923337,1.6995346167492666
33,8,7,partners,business,0.0,0.0
33,8,7,case_content,studio,0.0,0.0
33,8,7,case_content,assist,0.21375788439561025,0.37936040552438993
33,8,7,case_content,business,0.0,0.0
33,9,8,founder,studio,0.0,0.0
33,9,8,founder,assist,2.9641093302857957,4.931481345129246
33,9,8,founder,business,0.0,0.0
33,9,8,partners,studio,0.0,0.0
33,9,8,partners,assist,1.0374382656000285,1.726018470795236
33,9,8,partners,business,0.0,0.0
33,9,8,case_content,studio,0.0,0.0
33,9,8,case_content,assist,0.23157104142857773,0.3852719800882223
33,9,8,case_content,business,0.0,0.0
33,10,9,founder,studio,0.0,0.0
33,10,9,founder,assist,3.2111184411429456,5.000295861288697
33,10,9,founder,business,0.0,0.0
33,10,9,partners,studio,0.0,0.0
33,10,9,partners,assist,1.1238914544000314,1.7501035514510437
33,10,9,partners,business,0.0,0.0
33,10,9,case_content,studio,0.0,0.0
33,10,9,case_content,assist,0.2508686282142925,0.3906481141631795
33,10,9,case_content,business,0.0,0.0
33,11,10,founder,studio,0.0,0.0
33,11,10,founder,assist,3.4787116445715243,5.061159229957384
33,11,10,founder,business,0.0,0.0
33,11,10,partners,studio,0.0,0.0
33,11,10,partners,assist,1.2175490756000338,1.7714057304850845
33,11,10,partners,business,0.0,0.0
33,11,10,case_content,studio,0.0,0.0
33,11,10,case_content,assist,0.2717743472321504,0.3954030648404206
33,11,10,case_content,business,0.0,0.0
33,12,11,founder,studio,0.0,0.0
33,12,11,founder,assist,3.768604281619152,5.1128614278909135
33,12,11,founder,business,0.0,0.0
33,12,11,partners,studio,0.0,0.0
33,12,11,partners,assist,1.319011498566703,1.7895014997618197
33,12,11,partners,business,0.0,0.0
33,12,11,case_content,studio,0.0,0.0
33,12,11,case_content,assist,0.2944222095014963,0.3994422990539776
33,12,11,case_content,business,0.0,0.0
33,13,12,founder,studio,0.0,0.0
33,13,12,founder,assist,4.08265463842075,5.15406969946972
33,13,12,founder,business,0.0,0.0
33,13,12,partners,studio,0.0,0.0
33,13,12,partners,assist,1.428929123447262,1.8039243948144017
33,13,12,partners,business,0.0,0.0
33,13,12,case_content,studio,0.0,0.0
33,13,12,case_content,assist,0.318957393626621,0.40266169527107193
33,13,12,case_content,business,0.0,0.0
33,14,13,founder,studio,0.0,0.0
33,14,13,founder,assist,4.420024338794079,5.179975661205923
33,14,13,founder,business,0.0,0.0
33,14,13,partners,studio,0.0,0.0
33,14,13,partners,assist,1.5480065504012006,1.8141611085909308
33,14,13,partners,business,0.0,0.0
33,14,13,case_content,studio,0.0,0.0
33,14,13,case_content,assist,0.34553717642883947,0.40494667602476125
33,14,13,case_content,business,0.0,0.0
33,15,14,founder,studio,0.0,0.0
33,15,14,founder,assist,4.604192019577165,4.995807980422836
33,15,14,founder,business,0.0,0.0
33,15,14,partners,studio,0.0,0.0
33,15,14,partners,assist,1.6770070962679673,1.819647269083849
33,15,14,partners,business,0.0,0.0
33,15,14,case_content,studio,0.0,0.0
33,15,14,case_content,assist,0.37433194113124274,0.4061712654205021
33,15,14,case_content,business,0.0,0.0
33,16,15,founder,studio,0.0,0.0
33,16,15,founder,assist,4.796033353726213,4.803966646273788
33,16,15,founder,business,0.0,0.0
33,16,15,partners,studio,0.0,0.0
33,16,15,partners,assist,1.8167576876236307,1.8197628523422578
33,16,15,partners,business,0.0,0.0
33,16,15,case_content,studio,0.0,0.0
33,16,15,case_content,assist,0.40552626955884635,0.4061970652549683
33,16,15,case_content,business,0.0,0.0
33,17,16,founder,studio,0.0,0.0
33,17,16,founder,assist,4.995868076798139,4.604131923201862
33,17,16,founder,business,0.0,0.0
33,17,16,partners,studio,0.0,0.0
33,17,16,partners,assist,1.9681541615922669,1.8138271999722573
33,17,16,partners,business,0.0,0.0
33,17,16,case_content,studio,0.0,0.0
33,17,16,case_content,assist,0.43932012535541665,0.4048721428509503
33,17,16,case_content,business,0.0,0.0
33,18,17,founder,studio,0.0,0.0
33,18,17,founder,assist,5.204029246664728,4.395970753335273
33,18,17,founder,business,0.0,0.0
33,18,17,partners,studio,0.0,0.0
33,18,17,partners,assist,2.132167008391623,1.801093607635483
33,18,17,partners,business,0.0,0.0
33,18,17,case_content,studio,0.0,0.0
33,18,17,case_content,assist,0.4759301358017014,0.4020298231329203
33,18,17,case_content,business,0.0,0.0
33,19,18,founder,studio,0.0,0.0
33,19,18,founder,assist,5.4208637986090915,4.17913620139091
33,19,18,founder,business,0.0,0.0
33,19,18,partners,studio,0.0,0.0
33,19,18,partners,assist,2.3098475924242594,1.7807434482439324
33,19,18,partners,business,0.0,0.0
33,19,18,case_content,studio,0.0,0.0
33,19,18,case_content,assist,0.5155909804518433,0.3974873768401632
33,19,18,case_content,business,0.0,0.0
33,20,19,founder,studio,0.0,0.0
33,20,19,founder,assist,5.646733123551137,3.9532668764488648
33,20,19,founder,business,0.0,0.0
33,20,19,partners,studio,0.0,0.0
33,20,19,partners,assist,2.5023348917929464,1.7518797905019716
33,20,19,partners,business,0.0,0.0
33,20,19,case_content,studio,0.0,0.0
33,20,19,case_content,assist,0.5585568954894972,0.3910445960941901
33,20,19,case_content,business,0.0,0.0
33,21,20,founder,studio,0.0,0.0
33,21,20,founder,assist,5.882013670365767,3.717986329634234
33,21,20,founder,business,0.0,0.0
33,21,20,partners,studio,0.0,0.0
33,21,20,partners,assist,2.710862799442359,1.7135204701443563
33,21,20,partners,business,0.0,0.0
33,21,20,case_content,studio,0.0,0.0
33,21,20,case_content,assist,0.6051033034469553,0.38248224780007956
33,21,20,case_content,business,0.0,0.0
33,22,21,founder,studio,0.0,0.0
33,22,21,founder,assist,6.127097573297674,3.4729024267023267
33,22,21,founder,business,0.0,0.0
33,22,21,partners,studio,0.0,0.0
33,22,21,partners,assist,2.9367680327292223,1.6645905676409616
33,22,21,partners,business,0.0,0.0
33,22,21,case_content,studio,0.0,0.0
33,22,21,case_content,assist,0.6555285787342012,0.37156039456271456
33,22,21,case_content,business,0.0,0.0
33,23,22,founder,studio,0.0,0.0
33,23,22,founder,assist,6.382393305518411,3.2176066944815904
33,23,22,founder,business,0.0,0.0
33,23,22,partners,studio,0.0,0.0
33,23,22,partners,assist,3.1814987021233234,1.603914242261667
33,23,22,partners,business,0.0,0.0
33,23,22,case_content,studio,0.0,0.0
33,23,22,case_content,assist,0.7101559602953849,0.35801657193340786
33,23,22,case_content,business,0.0,0.0
33,24,23,founder,studio,0.0,0.0
33,24,23,founder,assist,6.6483263599150115,2.95167364008499
33,24,23,founder,business,0.0,0.0
33,24,23,partners,studio,0.0,0.0
33,24,23,partners,assist,3.446623593966934,1.5302058681934565
33,24,23,partners,business,0.0,0.0
33,24,23,case_content,studio,0.0,0.0
33,24,23,case_content,assist,0.7693356236533337,0.3415638098646108
33,24,23,case_content,business,0.0,0.0
33,25,24,founder,studio,0.0,0.0
33,25,24,founder,assist,6.925339958244804,2.674660041755198
33,25,24,founder,business,0.0,0.0
33,25,24,partners,studio,0.0,0.0
33,25,24,partners,assist,3.733842226797513,1.4420604138492945
33,25,24,partners,business,0.0,0.0
33,25,24,case_content,studio,0.0,0.0
33,25,24,case_content,assist,0.8334469256244449,0.32188848523421754
33,25,24,case_content,business,0.0,0.0
33,26,25,founder,studio,0.0,0.0
33,26,25,founder,assist,7.213895789838337,2.3861042101616645
33,26,25,founder,business,0.0,0.0
33,26,25,partners,studio,0.0,0.0
33,26,25,partners,assist,4.044995745697306,1.337943000575374
33,26,25,partners,business,0.0,0.0
33,26,25,case_content,studio,0.0,0.0
33,26,25,case_content,assist,0.9029008360931486,0.2986479911998603
33,26,25,case_content,business,0.0,0.0
33,27,26,founder,studio,0.0,0.0
33,27,26,founder,assist,7.514474781081601,2.0855252189184004
33,27,26,founder,business,0.0,0.0
33,27,26,partners,studio,0.0,0.0
33,27,26,partners,assist,4.382078724505415,1.2161775716181724
33,27,26,partners,business,0.0,0.0
33,27,26,case_content,studio,0.0,0.0
33,27,26,case_content,assist,0.9781425724342441,0.2714682079504849
33,27,26,case_content,business,0.0,0.0
33,28,27,founder,studio,0.0,0.0
33,28,27,founder,assist,7.827577896960001,1.7724221030400005
33,28,27,founder,business,0.0,0.0
33,28,27,partners,studio,0.0,0.0
33,28,27,partners,assist,4.747251951547532,1.0749345964209978
33,28,27,partners,business,0.0,0.0
33,28,27,case_content,studio,0.0,0.0
33,28,27,case_content,assist,1.0596544534704313,0.23994075812968702
33,28,27,case_content,business,0.0,0.0
33,29,28,founder,studio,0.0,0.0
33,29,28,founder,assist,8.153726976000002,1.4462730240000004
33,29,28,founder,business,0.0,0.0
33,29,28,partners,studio,0.0,0.0
33,29,28,partners,assist,5.1428562808431595,0.9122177290441114
33,29,28,partners,business,0.0,0.0
33,29,28,case_content,studio,0.0,0.0
33,29,28,case_content,assist,1.147958991259634,0.20362002880448918
33,29,28,case_content,business,0.0,0.0
33,30,29,founder,studio,0.0,0.0
33,30,29,founder,assist,8.493465600000002,1.1065344000000001
33,30,29,founder,business,0.0,0.0
33,30,29,partners,studio,0.0,0.0
33,30,29,partners,assist,5.571427637580089,0.7258493327026723
33,30,29,partners,business,0.0,0.0
33,30,29,case_content,studio,0.0,0.0
33,30,29,case_content,assist,1.2436222405312698,0.1620199403354179
33,30,29,case_content,business,0.0,0.0
33,31,30,founder,studio,0.0,0.0
33,31,30,founder,assist,8.847360000000002,0.7526400000000001
33,31,30,founder,business,0.0,0.0
33,31,30,partners,studio,0.0,0.0
33,31,30,partners,assist,6.035713274045098,0.5134547750489754
33,31,30,partners,business,0.0,0.0
33,31,30,case_content,studio,0.0,0.0
33,31,30,case_content,assist,1.3472574272422093,0.11461044085914629
33,31,30,case_content,business,0.0,0.0
33,32,31,founder,studio,0.0,0.0
33,32,31,founder,assist,9.216000000000001,0.38400000000000006
33,32,31,founder,business,0.0,0.0
33,32,31,partners,studio,0.0,0.0
33,32,31,partners,assist,6.4512,0.2688
33,32,31,partners,business,0.0,0.0
33,32,31,case_content,studio,0.0,0.0
33,32,31,case_content,assist,1.44,0.06
33,32,31,case_content,business,0.0,0.0
33,33,32,founder,studio,0.0,0
33,33,32,founder,assist,9.600000000000001,0
33,33,32,founder,business,0.0,0
33,33,32,partners,studio,0.0,0
33,33,32,partners,assist,6.72,0
33,33,32,partners,business,0.0,0
33,33,32,case_content,studio,0.0,0
33,33,32,case_content,assist,1.5,0
33,33,32,case_content,business,0.0,0
34,2,1,founder,studio,0.0,0.0
34,2,1,founder,assist,1.624915224008511,4.375084775991489
34,2,1,founder,business,0.0,0.0
34,2,1,partners,studio,0.0,0.0
34,2,1,partners,assist,0.5687203284029787,1.5312796715970212
34,2,1,partners,business,0.0,0.0
34,2,1,case_content,studio,0.0,0.0
34,2,1,case_content,assist,0.12694650187566484,0.3418034981243349
34,2,1,case_content,business,0.0,0.0
34,3,2,founder,studio,0.0,0.0
34,3,2,founder,assist,1.7603248260092204,4.479675173990782
34,3,2,founder,business,0.0,0.0
34,3,2,partners,studio,0.0,0.0
34,3,2,partners,assist,0.6161136891032274,1.5678863108967724
34,3,2,partners,business,0.0,0.0
34,3,2,case_content,studio,0.0,0.0
34,3,2,case_content,assist,0.13752537703197032,0.3499746229680297
34,3,2,case_content,business,0.0,0.0
34,4,3,founder,studio,0.0,0.0
34,4,3,founder,assist,1.9070185615099886,4.5825814384900125
34,4,3,founder,business,0.0,0.0
34,4,3,partners,studio,0.0,0.0
34,4,3,partners,assist,0.6674564965284961,1.6039035034715043
34,4,3,partners,business,0.0,0.0
34,4,3,case_content,studio,0.0,0.0
34,4,3,case_content,assist,0.14898582511796785,0.3580141748820323
34,4,3,case_content,business,0.0,0.0
34,5,4,founder,studio,0.0,0.0
34,5,4,founder,assist,2.065936774969154,4.683247225030845
34,5,4,founder,business,0.0,0.0
34,5,4,partners,studio,0.0,0.0
34,5,4,partners,assist,0.723077871239204,1.6391365287607964
34,5,4,partners,business,0.0,0.0
34,5,4,case_content,studio,0.0,0.0
34,5,4,case_content,assist,0.1614013105444652,0.36587868945553503
34,5,4,case_content,business,0.0,0.0
34,6,5,founder,studio,0.0,0.0
34,6,5,founder,assist,2.238098172883251,4.781053187116752
34,6,5,founder,business,0.0,0.0
34,6,5,partners,studio,0.0,0.0
34,6,5,partners,assist,0.7833343605091374,1.6733686154908627
34,6,5,partners,business,0.0,0.0
34,6,5,case_content,studio,0.0,0.0
34,6,5,case_content,assist,0.17485141975650398,0.3735197802434961
34,6,5,case_content,business,0.0,0.0
34,7,6,founder,studio,0.0,0.0
34,7,6,founder,assist,2.4246063539568543,4.875311060443146
34,7,6,founder,business,0.0,0.0
34,7,6,partners,studio,0.0,0.0
34,7,6,partners,assist,0.8486122238848993,1.706358871155101
34,7,6,partners,business,0.0,0.0
34,7,6,case_content,studio,0.0,0.0
34,7,6,case_content,assist,0.18942237140287926,0.3808836765971208
34,7,6,case_content,business,0.0,0.0
34,8,7,founder,studio,0.0,0.0
34,8,7,founder,assist,2.6266568834532595,4.965257227522743
34,8,7,founder,business,0.0,0.0
34,8,7,partners,studio,0.0,0.0
34,8,7,partners,assist,0.9193299092086403,1.73784002963296
34,8,7,partners,business,0.0,0.0
34,8,7,case_content,studio,0.0,0.0
34,8,7,case_content,assist,0.20520756901978585,0.38791072090021433
34,8,7,case_content,business,0.0,0.0
34,9,8,founder,studio,0.0,0.0
34,9,8,founder,assist,2.845544957074364,5.0500457183406775
34,9,8,founder,business,0.0,0.0
34,9,8,partners,studio,0.0,0.0
34,9,8,partners,assist,0.9959407349760273,1.767516001419237
34,9,8,partners,business,0.0,0.0
34,9,8,case_content,studio,0.0,0.0
34,9,8,case_content,assist,0.22230819977143462,0.39453482174536536
34,9,8,case_content,business,0.0,0.0
34,10,9,founder,studio,0.0,0.0
34,10,9,founder,assist,3.082673703497228,5.128740598934415
34,10,9,founder,business,0.0,0.0
34,10,9,partners,studio,0.0,0.0
34,10,9,partners,assist,1.07893579622403,1.795059209627045
34,10,9,partners,business,0.0,0.0
34,10,9,case_content,studio,0.0,0.0
34,10,9,case_content,assist,0.24083388308572082,0.40068285929175124
34,10,9,case_content,business,0.0,0.0
34,11,10,founder,studio,0.0,0.0
34,11,10,founder,assist,3.3395631787886635,5.2003076957402445
34,11,10,founder,business,0.0,0.0
34,11,10,partners,studio,0.0,0.0
34,11,10,partners,assist,1.1688471125760325,1.8201076935090859
34,11,10,partners,business,0.0,0.0
34,11,10,case_content,studio,0.0,0.0
34,11,10,case_content,assist,0.26090337334286434,0.40627403872970663
34,11,10,case_content,business,0.0,0.0
34,12,11,founder,studio,0.0,0.0
34,12,11,founder,assist,3.617860110354386,5.26360559915568
34,12,11,founder,business,0.0,0.0
34,12,11,partners,studio,0.0,0.0
34,12,11,partners,assist,1.2662510386240349,1.8422619597044878
34,12,11,partners,business,0.0,0.0
34,12,11,case_content,studio,0.0,0.0
34,12,11,case_content,assist,0.2826453211214364,0.41121918743403746
34,12,11,case_content,business,0.0,0.0
34,13,12,founder,studio,0.0,0.0
34,13,12,founder,assist,3.91934845288392,5.31737588500655
34,13,12,founder,business,0.0,0.0
34,13,12,partners,studio,0.0,0.0
34,13,12,partners,assist,1.3717719585093715,1.8610815597522923
34,13,12,partners,business,0.0,0.0
34,13,12,case_content,studio,0.0,0.0
34,13,12,case_content,assist,0.3061990978815562,0.41541999101613675
34,13,12,case_content,business,0.0,0.0
34,14,13,founder,studio,0.0,0.0
34,14,13,founder,assist,4.243223365242316,5.3567766347576855
34,14,13,founder,business,0.0,0.0
34,14,13,partners,studio,0.0,0.0
34,14,13,partners,assist,1.4860862883851527,1.8760813706069788
34,14,13,partners,business,0.0,0.0
34,14,13,case_content,studio,0.0,0.0
34,14,13,case_content,assist,0.3317156893716859,0.41876816308191483
34,14,13,case_content,business,0.0,0.0
34,15,14,founder,studio,0.0,0.0
34,15,14,founder,assist,4.420024338794079,5.179975661205923
34,15,14,founder,business,0.0,0.0
34,15,14,partners,studio,0.0,0.0
34,15,14,partners,assist,1.6099268124172486,1.8867275529345677
34,15,14,partners,business,0.0,0.0
34,15,14,case_content,studio,0.0,0.0
34,15,14,case_content,assist,0.35935866348599305,0.4211445430657518
34,15,14,case_content,business,0.0,0.0
34,16,15,founder,studio,0.0,0.0
34,16,15,founder,assist,4.604192019577165,4.995807980422836
34,16,15,founder,business,0.0,0.0
34,16,15,partners,studio,0.0,0.0
34,16,15,partners,assist,1.7440873801186854,1.892433159847203
34,16,15,partners,business,0.0,0.0
34,16,15,case_content,studio,0.0,0.0
34,16,15,case_content,assist,0.3893052187764925,0.42241811603732216
34,16,15,case_content,business,0.0,0.0
34,17,16,founder,studio,0.0,0.0
34,17,16,founder,assist,4.796033353726213,4.803966646273788
34,17,16,founder,business,0.0,0.0
34,17,16,partners,studio,0.0,0.0
34,17,16,partners,assist,1.8894279951285762,1.892553366435948
34,17,16,partners,business,0.0,0.0
34,17,16,case_content,studio,0.0,0.0
34,17,16,case_content,assist,0.4217473203412,0.42244494786516695
34,17,16,case_content,business,0.0,0.0
34,18,17,founder,studio,0.0,0.0
34,18,17,founder,assist,4.995868076798139,4.604131923201862
34,18,17,founder,business,0.0,0.0
34,18,17,partners,studio,0.0,0.0
34,18,17,partners,assist,2.0468803280559578,1.886380287971148
34,18,17,partners,business,0.0,0.0
34,18,17,case_content,studio,0.0,0.0
34,18,17,case_content,assist,0.45689293036963335,0.42106702856498834
34,18,17,case_content,business,0.0,0.0
34,19,18,founder,studio,0.0,0.0
34,19,18,founder,assist,5.204029246664728,4.395970753335273
34,19,18,founder,business,0.0,0.0
34,19,18,partners,studio,0.0,0.0
34,19,18,partners,assist,2.217453688727289,1.8731373519409027
34,19,18,partners,business,0.0,0.0
34,19,18,case_content,studio,0.0,0.0
34,19,18,case_content,assist,0.4949673412337695,0.418111016058237
34,19,18,case_content,business,0.0,0.0
34,20,19,founder,studio,0.0,0.0
34,20,19,founder,assist,5.4208637986090915,4.17913620139091
34,20,19,founder,business,0.0,0.0
34,20,19,partners,studio,0.0,0.0
34,20,19,partners,assist,2.4022414961212286,1.8519731861736894
34,20,19,partners,business,0.0,0.0
34,20,19,case_content,studio,0.0,0.0
34,20,19,case_content,assist,0.5362146196699172,0.41338687191377
34,20,19,case_content,business,0.0,0.0
34,21,20,founder,studio,0.0,0.0
34,21,20,founder,assist,5.646733123551137,3.9532668764488648
34,21,20,founder,business,0.0,0.0
34,21,20,partners,studio,0.0,0.0
34,21,20,partners,assist,2.6024282874646647,1.8219549821220506
34,21,20,partners,business,0.0,0.0
34,21,20,case_content,studio,0.0,0.0
34,21,20,case_content,assist,0.5808991713090771,0.40668637993795775
34,21,20,case_content,business,0.0,0.0
34,22,21,founder,studio,0.0,0.0
34,22,21,founder,assist,5.882013670365767,3.717986329634234
34,22,21,founder,business,0.0,0.0
34,22,21,partners,studio,0.0,0.0
34,22,21,partners,assist,2.8192973114200535,1.7820612889501304
34,22,21,partners,business,0.0,0.0
34,22,21,case_content,studio,0.0,0.0
34,22,21,case_content,assist,0.6293074355848332,0.3977815377120826
34,22,21,case_content,business,0.0,0.0
34,23,22,founder,studio,0.0,0.0
34,23,22,founder,assist,6.127097573297674,3.4729024267023267
34,23,22,founder,business,0.0,0.0
34,23,22,partners,studio,0.0,0.0
34,23,22,partners,assist,3.0542387540383906,1.7311741903466
34,23,22,partners,business,0.0,0.0
34,23,22,case_content,studio,0.0,0.0
34,23,22,case_content,assist,0.6817497218835694,0.38642281034522324
34,23,22,case_content,business,0.0,0.0
34,24,23,founder,studio,0.0,0.0
34,24,23,founder,assist,6.382393305518411,3.2176066944815904
34,24,23,founder,business,0.0,0.0
34,24,23,partners,studio,0.0,0.0
34,24,23,partners,assist,3.3087586502082567,1.668070811952134
34,24,23,partners,business,0.0,0.0
34,24,23,case_content,studio,0.0,0.0
34,24,23,case_content,assist,0.7385621987072004,0.37233723481074416
34,24,23,case_content,business,0.0,0.0
34,25,24,founder,studio,0.0,0.0
34,25,24,founder,assist,6.6483263599150115,2.95167364008499
34,25,24,founder,business,0.0,0.0
34,25,24,partners,studio,0.0,0.0
34,25,24,partners,assist,3.5844885377256124,1.591414102921195
34,25,24,partners,business,0.0,0.0
34,25,24,case_content,studio,0.0,0.0
34,25,24,case_content,assist,0.8001090485994671,0.35522636225919535
34,25,24,case_content,business,0.0,0.0
34,26,25,founder,studio,0.0,0.0
34,26,25,founder,assist,6.925339958244804,2.674660041755198
34,26,25,founder,business,0.0,0.0
34,26,25,partners,studio,0.0,0.0
34,26,25,partners,assist,3.8831959158694134,1.4997428304032663
34,26,25,partners,business,0.0,0.0
34,26,25,case_content,studio,0.0,0.0
34,26,25,case_content,assist,0.8667848026494227,0.33476402464358623
34,26,25,case_content,business,0.0,0.0
34,27,26,founder,studio,0.0,0.0
34,27,26,founder,assist,7.213895789838337,2.3861042101616645
34,27,26,founder,business,0.0,0.0
34,27,26,partners,studio,0.0,0.0
34,27,26,partners,assist,4.206795575525198,1.391460720598389
34,27,26,partners,business,0.0,0.0
34,27,26,case_content,studio,0.0,0.0
34,27,26,case_content,assist,0.9390168695368744,0.31059391084785465
34,27,26,case_content,business,0.0,0.0
34,28,27,founder,studio,0.0,0.0
34,28,27,founder,assist,7.514474781081601,2.0855252189184004
34,28,27,founder,business,0.0,0.0
34,28,27,partners,studio,0.0,0.0
34,28,27,partners,assist,4.557361873485631,1.264824674482899
34,28,27,partners,business,0.0,0.0
34,28,27,case_content,studio,0.0,0.0
34,28,27,case_content,assist,1.017268275331614,0.28232693626850425
34,28,27,case_content,business,0.0,0.0
34,29,28,founder,studio,0.0,0.0
34,29,28,founder,assist,7.827577896960001,1.7724221030400005
34,29,28,founder,business,0.0,0.0
34,29,28,partners,studio,0.0,0.0
34,29,28,partners,assist,4.937142029609433,1.1179319802778378
34,29,28,partners,business,0.0,0.0
34,29,28,case_content,studio,0.0,0.0
34,29,28,case_content,assist,1.1020406316092486,0.24953838845487453
34,29,28,case_content,business,0.0,0.0
34,30,29,founder,studio,0.0,0.0
34,30,29,founder,assist,8.153726976000002,1.4462730240000004
34,30,29,founder,business,0.0,0.0
34,30,29,partners,studio,0.0,0.0
34,30,29,partners,assist,5.348570532076885,0.9487064382058759
34,30,29,partners,business,0.0,0.0
34,30,29,case_content,studio,0.0,0.0
34,30,29,case_content,assist,1.193877350910019,0.21176482995666868
34,30,29,case_content,business,0.0,0.0
34,31,30,founder,studio,0.0,0.0
34,31,30,founder,assist,8.493465600000002,1.1065344000000001
34,31,30,founder,business,0.0,0.0
34,31,30,partners,studio,0.0,0.0
34,31,30,partners,assist,5.794284743083294,0.7548833060107794
34,31,30,partners,business,0.0,0.0
34,31,30,case_content,studio,0.0,0.0
34,31,30,case_content,assist,1.293367130152521,0.16850073794883466
34,31,30,case_content,business,0.0,0.0
34,32,31,founder,studio,0.0,0.0
34,32,31,founder,assist,8.847360000000002,0.7526400000000001
34,32,31,founder,business,0.0,0.0
34,32,31,partners,studio,0.0,0.0
34,32,31,partners,assist,6.193152,0.526848
34,32,31,partners,business,0.0,0.0
34,32,31,case_content,studio,0.0,0.0
34,32,31,case_content,assist,1.3823999999999999,0.1176
34,32,31,case_content,business,0.0,0.0
34,33,32,founder,studio,0.0,0.0
34,33,32,founder,assist,9.216000000000001,0.38400000000000006
34,33,32,founder,business,0.0,0.0
34,33,32,partners,studio,0.0,0.0
34,33,32,partners,assist,6.4512,0.2688
34,33,32,partners,business,0.0,0.0
34,33,32,case_content,studio,0.0,0.0
34,33,32,case_content,assist,1.44,0.06
34,33,32,case_content,business,0.0,0.0
34,34,33,founder,studio,0.0,0
34,34,33,founder,assist,9.600000000000001,0
34,34,33,founder,business,0.0,0
34,34,33,partners,studio,0.0,0
34,34,33,partners,assist,6.72,0
34,34,33,partners,business,0.0,0
34,34,33,case_content,studio,0.0,0
34,34,33,case_content,assist,1.5,0
34,34,33,case_content,business,0.0,0
35,2,1,founder,studio,0.0,0.0
35,2,1,founder,assist,1.5599186150481705,4.44008138495183
35,2,1,founder,business,0.0,0.0
35,2,1,partners,studio,0.0,0.0
35,2,1,partners,assist,0.5459715152668596,1.5540284847331403
35,2,1,partners,business,0.0,0.0
35,2,1,case_content,studio,0.0,0.0
35,2,1,case_content,assist,0.12186864180063824,0.3468813581993615
35,2,1,case_content,business,0.0,0.0
35,3,2,founder,studio,0.0,0.0
35,3,2,founder,assist,1.6899118329688516,4.550088167031151
35,3,2,founder,business,0.0,0.0
35,3,2,partners,studio,0.0,0.0
35,3,2,partners,assist,0.5914691415390982,1.5925308584609015
35,3,2,partners,business,0.0,0.0
35,3,2,case_content,studio,0.0,0.0
35,3,2,case_content,assist,0.1320243619506915,0.35547563804930854
35,3,2,case_content,business,0.0,0.0
35,4,3,founder,studio,0.0,0.0
35,4,3,founder,assist,1.830737819049589,4.658862180950412
35,4,3,founder,business,0.0,0.0
35,4,3,partners,studio,0.0,0.0
35,4,3,partners,assist,0.6407582366673563,1.6306017633326442
35,4,3,partners,business,0.0,0.0
35,4,3,case_content,studio,0.0,0.0
35,4,3,case_content,assist,0.14302639211324913,0.36397360788675104
35,4,3,case_content,business,0.0,0.0
35,5,4,founder,studio,0.0,0.0
35,5,4,founder,assist,1.983299303970388,4.7658846960296115
35,5,4,founder,business,0.0,0.0
35,5,4,partners,studio,0.0,0.0
35,5,4,partners,assist,0.6941547563896359,1.6680596436103645
35,5,4,partners,business,0.0,0.0
35,5,4,case_content,studio,0.0,0.0
35,5,4,case_content,assist,0.15494525812268659,0.37233474187731364
35,5,4,case_content,business,0.0,0.0
35,6,5,founder,studio,0.0,0.0
35,6,5,founder,assist,2.148574245967921,4.870577114032082
35,6,5,founder,business,0.0,0.0
35,6,5,partners,studio,0.0,0.0
35,6,5,partners,assist,0.7520009860887719,1.7047019899112281
35,6,5,partners,business,0.0,0.0
35,6,5,case_content,studio,0.0,0.0
35,6,5,case_content,assist,0.16785736296624382,0.38051383703375624
35,6,5,case_content,business,0.0,0.0
35,7,6,founder,studio,0.0,0.0
35,7,6,founder,assist,2.32762209979858,4.97229531460142
35,7,6,founder,business,0.0,0.0
35,7,6,partners,studio,0.0,0.0
35,7,6,partners,assist,0.8146677349295034,1.740303360110497
35,7,6,partners,business,0.0,0.0
35,7,6,case_content,studio,0.0,0.0
35,7,6,case_content,assist,0.18184547654676408,0.388460571453236
35,7,6,case_content,business,0.0,0.0
35,8,7,founder,studio,0.0,0.0
35,8,7,founder,assist,2.521590608115129,5.070323502860873
35,8,7,founder,business,0.0,0.0
35,8,7,partners,studio,0.0,0.0
35,8,7,partners,assist,0.8825567128402947,1.7746132260013054
35,8,7,partners,business,0.0,0.0
35,8,7,case_content,studio,0.0,0.0
35,8,7,case_content,assist,0.19699926625899442,0.39611902366100576
35,8,7,case_content,business,0.0,0.0
35,9,8,founder,studio,0.0,0.0
35,9,8,founder,assist,2.7317231587913895,5.163867516623652
35,9,8,founder,business,0.0,0.0
35,9,8,partners,studio,0.0,0.0
35,9,8,partners,assist,0.9561031055769862,1.807353630818278
35,9,8,partners,business,0.0,0.0
35,9,8,case_content,studio,0.0,0.0
35,9,8,case_content,assist,0.21341587178057725,0.40342714973622273
35,9,8,case_content,business,0.0,0.0
35,10,9,founder,studio,0.0,0.0
35,10,9,founder,assist,2.9593667553573386,5.252047547074303
35,10,9,founder,business,0.0,0.0
35,10,9,partners,studio,0.0,0.0
35,10,9,partners,assist,1.0357783643750689,1.8382166414760062
35,10,9,partners,business,0.0,0.0
35,10,9,case_content,studio,0.0,0.0
35,10,9,case_content,assist,0.231200527762292,0.4103162146151801
35,10,9,case_content,business,0.0,0.0
35,11,10,founder,studio,0.0,0.0
35,11,10,founder,assist,3.205980651637117,5.3338902228917915
35,11,10,founder,business,0.0,0.0
35,11,10,partners,studio,0.0,0.0
35,11,10,partners,assist,1.1220932280729912,1.8668615780121272
35,11,10,partners,business,0.0,0.0
35,11,10,case_content,studio,0.0,0.0
35,11,10,case_content,assist,0.25046723840914975,0.4167101736634212
35,11,10,case_content,business,0.0,0.0
35,12,11,founder,studio,0.0,0.0
35,12,11,founder,assist,3.4731457059402104,5.408320003569855
35,12,11,founder,business,0.0,0.0
35,12,11,partners,studio,0.0,0.0
35,12,11,partners,assist,1.2156009970790735,1.8929120012494491
35,12,11,partners,business,0.0,0.0
35,12,11,case_content,studio,0.0,0.0
35,12,11,case_content,assist,0.271339508276579,0.4225250002788949
35,12,11,case_content,business,0.0,0.0
35,13,12,founder,studio,0.0,0.0
35,13,12,founder,assist,3.762574514768563,5.474149823121907
35,13,12,founder,business,0.0,0.0
35,13,12,partners,studio,0.0,0.0
35,13,12,partners,assist,1.3169010801689967,1.9159524380926671
35,13,12,partners,business,0.0,0.0
35,13,12,case_content,studio,0.0,0.0
35,13,12,case_content,assist,0.29395113396629396,0.427667954931399
35,13,12,case_content,business,0.0,0.0
35,14,13,founder,studio,0.0,0.0
35,14,13,founder,assist,4.073494430632623,5.526505569367378
35,14,13,founder,business,0.0,0.0
35,14,13,partners,studio,0.0,0.0
35,14,13,partners,assist,1.4266428368497466,1.9355248221423849
35,14,13,partners,business,0.0,0.0
35,14,13,case_content,studio,0.0,0.0
35,14,13,case_content,assist,0.3184470617968185,0.43203679065678224
35,14,13,case_content,business,0.0,0.0
35,15,14,founder,studio,0.0,0.0
35,15,14,founder,assist,4.243223365242316,5.3567766347576855
35,15,14,founder,business,0.0,0.0
35,15,14,partners,studio,0.0,0.0
35,15,14,partners,assist,1.5455297399205585,1.9511246254312578
35,15,14,partners,business,0.0,0.0
35,15,14,case_content,studio,0.0,0.0
35,15,14,case_content,assist,0.34498431694655335,0.4355188896051915
35,15,14,case_content,business,0.0,0.0
35,16,15,founder,studio,0.0,0.0
35,16,15,founder,assist,4.420024338794079,5.179975661205923
35,16,15,founder,business,0.0,0.0
35,16,15,partners,studio,0.0,0.0
35,16,15,partners,assist,1.674323884913938,1.9621966550519505
35,16,15,partners,business,0.0,0.0
35,16,15,case_content,studio,0.0,0.0
35,16,15,case_content,assist,0.3737330100254328,0.43799032478838185
35,16,15,case_content,business,0.0,0.0
35,17,16,founder,studio,0.0,0.0
35,17,16,founder,assist,4.604192019577165,4.995807980422836
35,17,16,founder,business,0.0,0.0
35,17,16,partners,studio,0.0,0.0
35,17,16,partners,assist,1.813850875323433,1.968130486241091
35,17,16,partners,business,0.0,0.0
35,17,16,case_content,studio,0.0,0.0
35,17,16,case_content,assist,0.404877427527552,0.43931484067881493
35,17,16,case_content,business,0.0,0.0
35,18,17,founder,studio,0.0,0.0
35,18,17,founder,assist,4.796033353726213,4.803966646273788
35,18,17,founder,business,0.0,0.0
35,18,17,partners,studio,0.0,0.0
35,18,17,partners,assist,1.9650051149337195,1.9682555010933862
35,18,17,partners,business,0.0,0.0
35,18,17,case_content,studio,0.0,0.0
35,18,17,case_content,assist,0.43861721315484803,0.43934274577977367
35,18,17,case_content,business,0.0,0.0
35,19,18,founder,studio,0.0,0.0
35,19,18,founder,assist,4.995868076798139,4.604131923201862
35,19,18,founder,business,0.0,0.0
35,19,18,partners,studio,0.0,0.0
35,19,18,partners,assist,2.1287555411781973,1.9618354994899943
35,19,18,partners,business,0.0,0.0
35,19,18,case_content,studio,0.0,0.0
35,19,18,case_content,assist,0.47516864758441874,0.43790970970758775
35,19,18,case_content,business,0.0,0.0
35,20,19,founder,studio,0.0,0.0
35,20,19,founder,assist,5.204029246664728,4.395970753335273
35,20,19,founder,business,0.0,0.0
35,20,19,partners,studio,0.0,0.0
35,20,19,partners,assist,2.3061518362763795,1.9480628460185385
35,20,19,partners,business,0.0,0.0
35,20,19,case_content,studio,0.0,0.0
35,20,19,case_content,assist,0.5147660348831206,0.43483545670056667
35,20,19,case_content,business,0.0,0.0
35,21,20,founder,studio,0.0,0.0
35,21,20,founder,assist,5.4208637986090915,4.17913620139091
35,21,20,founder,business,0.0,0.0
35,21,20,partners,studio,0.0,0.0
35,21,20,partners,assist,2.498331155966078,1.9260521136206372
35,21,20,partners,business,0.0,0.0
35,21,20,case_content,studio,0.0,0.0
35,21,20,case_content,assist,0.557663204456714,0.4299223467903208
35,21,20,case_content,business,0.0,0.0
35,22,21,founder,studio,0.0,0.0
35,22,21,founder,assist,5.646733123551137,3.9532668764488648
35,22,21,founder,business,0.0,0.0
35,22,21,partners,studio,0.0,0.0
35,22,21,partners,assist,2.7065254189632513,1.8948331814069326
35,22,21,partners,business,0.0,0.0
35,22,21,case_content,studio,0.0,0.0
35,22,21,case_content,assist,0.6041351381614398,0.4229538351354759
35,22,21,case_content,business,0.0,0.0
35,23,22,founder,studio,0.0,0.0
35,23,22,founder,assist,5.882013670365767,3.717986329634234
35,23,22,founder,business,0.0,0.0
35,23,22,partners,studio,0.0,0.0
35,23,22,partners,assist,2.932069203876855,1.8533437405081357
35,23,22,partners,business,0.0,0.0
35,23,22,case_content,studio,0.0,0.0
35,23,22,case_content,assist,0.6544797330082266,0.413692799220566
35,23,22,case_content,business,0.0,0.0
35,24,23,founder,studio,0.0,0.0
35,24,23,founder,assist,6.127097573297674,3.4729024267023267
35,24,23,founder,business,0.0,0.0
35,24,23,partners,studio,0.0,0.0
35,24,23,partners,assist,3.1764083041999265,1.800421157960464
35,24,23,partners,business,0.0,0.0
35,24,23,case_content,studio,0.0,0.0
35,24,23,case_content,assist,0.7090197107589123,0.40187972275903217
35,24,23,case_content,business,0.0,0.0
35,25,24,founder,studio,0.0,0.0
35,25,24,founder,assist,6.382393305518411,3.2176066944815904
35,25,24,founder,business,0.0,0.0
35,25,24,partners,studio,0.0,0.0
35,25,24,partners,assist,3.4411089962165877,1.7347936444302194
35,25,24,partners,business,0.0,0.0
35,25,24,case_content,studio,0.0,0.0
35,25,24,case_content,assist,0.7681046866554884,0.38723072420317406
35,25,24,case_content,business,0.0,0.0
35,26,25,founder,studio,0.0,0.0
35,26,25,founder,assist,6.6483263599150115,2.95167364008499
35,26,25,founder,business,0.0,0.0
35,26,25,partners,studio,0.0,0.0
35,26,25,partners,assist,3.727868079234637,1.6550706670380428
35,26,25,partners,business,0.0,0.0
35,26,25,case_content,studio,0.0,0.0
35,26,25,case_content,assist,0.8321134105434458,0.36943541674956315
35,26,25,case_content,business,0.0,0.0
35,27,26,founder,studio,0.0,0.0
35,27,26,founder,assist,6.925339958244804,2.674660041755198
35,27,26,founder,business,0.0,0.0
35,27,26,partners,studio,0.0,0.0
35,27,26,partners,assist,4.03852375250419,1.559732543619397
35,27,26,partners,business,0.0,0.0
35,27,26,case_content,studio,0.0,0.0
35,27,26,case_content,assist,0.9014561947553994,0.3481545856293296
35,27,26,case_content,business,0.0,0.0
35,28,27,founder,studio,0.0,0.0
35,28,27,founder,assist,7.213895789838337,2.3861042101616645
35,28,27,founder,business,0.0,0.0
35,28,27,partners,studio,0.0,0.0
35,28,27,partners,assist,4.375067398546205,1.4471191494223243
35,28,27,partners,business,0.0,0.0
35,28,27,case_content,studio,0.0,0.0
35,28,27,case_content,assist,0.9765775443183494,0.32301766728176884
35,28,27,case_content,business,0.0,0.0
35,29,28,founder,studio,0.0,0.0
35,29,28,founder,assist,7.514474781081601,2.0855252189184004
35,29,28,founder,business,0.0,0.0
35,29,28,partners,studio,0.0,0.0
35,29,28,partners,assist,4.739656348425055,1.315417661462215
35,29,28,partners,business,0.0,0.0
35,29,28,case_content,studio,0.0,0.0
35,29,28,case_content,assist,1.0579590063448787,0.29362001371924445
35,29,28,case_content,business,0.0,0.0
35,30,29,founder,studio,0.0,0.0
35,30,29,founder,assist,7.827577896960001,1.7724221030400005
35,30,29,founder,business,0.0,0.0
35,30,29,partners,studio,0.0,0.0
35,30,29,partners,assist,5.13462771079381,1.1626492594889513
35,30,29,partners,business,0.0,0.0
35,30,29,case_content,studio,0.0,0.0
35,30,29,case_content,assist,1.1461222568736182,0.25951992399306945
35,30,29,case_content,business,0.0,0.0
35,31,30,founder,studio,0.0,0.0
35,31,30,founder,assist,8.153726976000002,1.4462730240000004
35,31,30,founder,business,0.0,0.0
35,31,30,partners,studio,0.0,0.0
35,31,30,partners,assist,5.562513353359962,0.9866546957341111
35,31,30,partners,business,0.0,0.0
35,31,30,case_content,studio,0.0,0.0
35,31,30,case_content,assist,1.24163244494642,0.2202354231549355
35,31,30,case_content,business,0.0,0.0
35,32,31,founder,studio,0.0,0.0
35,32,31,founder,assist,8.493465600000002,1.1065344000000001
35,32,31,founder,business,0.0,0.0
35,32,31,partners,studio,0.0,0.0
35,32,31,partners,assist,5.945425920000001,0.77457408
35,32,31,partners,business,0.0,0.0
35,32,31,case_content,studio,0.0,0.0
35,32,31,case_content,assist,1.3271039999999998,0.172896
35,32,31,case_content,business,0.0,0.0
35,33,32,founder,studio,0.0,0.0
35,33,32,founder,assist,8.847360000000002,0.7526400000000001
35,33,32,founder,business,0.0,0.0
35,33,32,partners,studio,0.0,0.0
35,33,32,partners,assist,6.193152,0.526848
35,33,32,partners,business,0.0,0.0
35,33,32,case_content,studio,0.0,0.0
35,33,32,case_content,assist,1.3823999999999999,0.1176
35,33,32,case_content,business,0.0,0.0
35,34,33,founder,studio,0.0,0.0
35,34,33,founder,assist,9.216000000000001,0.38400000000000006
35,34,33,founder,business,0.0,0.0
35,34,33,partners,studio,0.0,0.0
35,34,33,partners,assist,6.4512,0.2688
35,34,33,partners,business,0.0,0.0
35,34,33,case_content,studio,0.0,0.0
35,34,33,case_content,assist,1.44,0.06
35,34,33,case_content,business,0.0,0.0
35,35,34,founder,studio,0.0,0
35,35,34,founder,assist,9.600000000000001,0
35,35,34,founder,business,0.0,0
35,35,34,partners,studio,0.0,0
35,35,34,partners,assist,6.72,0
35,35,34,partners,business,0.0,0
35,35,34,case_content,studio,0.0,0
35,35,34,case_content,assist,1.5,0
35,35,34,case_content,business,0.0,0
36,2,1,founder,studio,0.0,0.0
36,2,1,founder,assist,1.4975218704462436,4.502478129553756
36,2,1,founder,business,0.0,0.0
36,2,1,partners,studio,0.0,0.0
36,2,1,partners,assist,0.5241326546561852,1.5758673453438146
36,2,1,partners,business,0.0,0.0
36,2,1,case_content,studio,0.0,0.0
36,2,1,case_content,assist,0.1169938961286127,0.351756103871387
36,2,1,case_content,business,0.0,0.0
36,3,2,founder,studio,0.0,0.0
36,3,2,founder,assist,1.6223153596500977,4.617684640349905
36,3,2,founder,business,0.0,0.0
36,3,2,partners,studio,0.0,0.0
36,3,2,partners,assist,0.5678103758775344,1.6161896241224654
36,3,2,partners,business,0.0,0.0
36,3,2,case_content,studio,0.0,0.0
36,3,2,case_content,assist,0.12674338747266384,0.3607566125273362
36,3,2,case_content,business,0.0,0.0
36,4,3,founder,studio,0.0,0.0
36,4,3,founder,assist,1.7575083062876056,4.732091693712396
36,4,3,founder,business,0.0,0.0
36,4,3,partners,studio,0.0,0.0
36,4,3,partners,assist,0.615127907200662,1.6562320927993384
36,4,3,partners,business,0.0,0.0
36,4,3,case_content,studio,0.0,0.0
36,4,3,case_content,assist,0.13730533642871917,0.369694663571281
36,4,3,case_content,business,0.0,0.0
36,5,4,founder,studio,0.0,0.0
36,5,4,founder,assist,1.9039673318115724,4.845216668188427
36,5,4,founder,business,0.0,0.0
36,5,4,partners,studio,0.0,0.0
36,5,4,partners,assist,0.6663885661340504,1.69582583386595
36,5,4,partners,business,0.0,0.0
36,5,4,case_content,studio,0.0,0.0
36,5,4,case_content,assist,0.14874744779777913,0.3785325522022211
36,5,4,case_content,business,0.0,0.0
36,6,5,founder,studio,0.0,0.0
36,6,5,founder,assist,2.0626312761292045,4.9565200838707995
36,6,5,founder,business,0.0,0.0
36,6,5,partners,studio,0.0,0.0
36,6,5,partners,assist,0.721920946645221,1.734782029354779
36,6,5,partners,business,0.0,0.0
36,6,5,case_content,studio,0.0,0.0
36,6,5,case_content,assist,0.16114306844759407,0.387228131552406
36,6,5,case_content,business,0.0,0.0
36,7,6,founder,studio,0.0,0.0
36,7,6,founder,assist,2.234517215806637,5.065400198593363
36,7,6,founder,business,0.0,0.0
36,7,6,partners,studio,0.0,0.0
36,7,6,partners,assist,0.7820810255323233,1.772890069507677
36,7,6,partners,business,0.0,0.0
36,7,6,case_content,studio,0.0,0.0
36,7,6,case_content,assist,0.17457165748489353,0.39573439051510656
36,7,6,case_content,business,0.0,0.0
36,8,7,founder,studio,0.0,0.0
36,8,7,founder,assist,2.420726983790524,5.171187127185478
36,8,7,founder,business,0.0,0.0
36,8,7,partners,studio,0.0,0.0
36,8,7,partners,assist,0.847254444326683,1.8099154945149172
36,8,7,partners,business,0.0,0.0
36,8,7,case_content,studio,0.0,0.0
36,8,7,case_content,assist,0.18911929560863464,0.40399899431136554
36,8,7,case_content,business,0.0,0.0
36,9,8,founder,studio,0.0,0.0
36,9,8,founder,assist,2.622454232439734,5.273136442975308
36,9,8,founder,business,0.0,0.0
36,9,8,partners,studio,0.0,0.0
36,9,8,partners,assist,0.9178589813539068,1.8455977550413576
36,9,8,partners,business,0.0,0.0
36,9,8,case_content,studio,0.0,0.0
36,9,8,case_content,assist,0.20487923690935417,0.4119637846074458
36,9,8,case_content,business,0.0,0.0
36,10,9,founder,studio,0.0,0.0
36,10,9,founder,assist,2.840992085143045,5.3704222172885965
36,10,9,founder,business,0.0,0.0
36,10,9,partners,studio,0.0,0.0
36,10,9,partners,assist,0.9943472298000661,1.8796477760510089
36,10,9,partners,business,0.0,0.0
36,10,9,case_content,studio,0.0,0.0
36,10,9,case_content,assist,0.22195250665180033,0.41956423572567175
36,10,9,case_content,business,0.0,0.0
36,11,10,founder,studio,0.0,0.0
36,11,10,founder,assist,3.077741425571632,5.462129448957276
36,11,10,founder,business,0.0,0.0
36,11,10,partners,studio,0.0,0.0
36,11,10,partners,assist,1.0772094989500716,1.9117453071350468
36,11,10,partners,business,0.0,0.0
36,11,10,case_content,studio,0.0,0.0
36,11,10,case_content,assist,0.24044854887278377,0.4267288631997872
36,11,10,case_content,business,0.0,0.0
36,12,11,founder,studio,0.0,0.0
36,12,11,founder,assist,3.334219877702602,5.547245831807464
36,12,11,founder,business,0.0,0.0
36,12,11,partners,studio,0.0,0.0
36,12,11,partners,assist,1.1669769571959105,1.9415360411326121
36,12,11,partners,business,0.0,0.0
36,12,11,case_content,studio,0.0,0.0
36,12,11,case_content,assist,0.26048592794551584,0.43337858060995804
36,12,11,case_content,business,0.0,0.0
36,13,12,founder,studio,0.0,0.0
36,13,12,founder,assist,3.6120715341778205,5.6246528037126495
36,13,12,founder,business,0.0,0.0
36,13,12,partners,studio,0.0,0.0
36,13,12,partners,assist,1.2642250369622368,1.968628481299427
36,13,12,partners,business,0.0,0.0
36,13,12,case_content,studio,0.0,0.0
36,13,12,case_content,assist,0.2821930886076422,0.43942600029005074
36,13,12,case_content,business,0.0,0.0
36,14,13,founder,studio,0.0,0.0
36,14,13,founder,assist,3.9105546534073183,5.6894453465926835
36,14,13,founder,business,0.0,0.0
36,14,13,partners,studio,0.0,0.0
36,14,13,partners,assist,1.3695771233757568,1.9925905356163747
36,14,13,partners,business,0.0,0.0
36,14,13,case_content,studio,0.0,0.0
36,14,13,case_content,assist,0.30570917932494573,0.444774673128655
36,14,13,case_content,business,0.0,0.0
36,15,14,founder,studio,0.0,0.0
36,15,14,founder,assist,4.073494430632623,5.526505569367378
36,15,14,founder,business,0.0,0.0
36,15,14,partners,studio,0.0,0.0
36,15,14,partners,assist,1.4837085503237362,2.01294581502808
36,15,14,partners,business,0.0,0.0
36,15,14,case_content,studio,0.0,0.0
36,15,14,case_content,assist,0.3311849442686912,0.4493182622830536
36,15,14,case_content,business,0.0,0.0
36,16,15,founder,studio,0.0,0.0
36,16,15,founder,assist,4.243223365242316,5.3567766347576855
36,16,15,founder,business,0.0,0.0
36,16,15,partners,studio,0.0,0.0
36,16,15,partners,assist,1.6073509295173805,2.029169610448508
36,16,15,partners,business,0.0,0.0
36,16,15,case_content,studio,0.0,0.0
36,16,15,case_content,assist,0.3587836896244155,0.45293964518939916
36,16,15,case_content,business,0.0,0.0
36,17,16,founder,studio,0.0,0.0
36,17,16,founder,assist,4.420024338794079,5.179975661205923
36,17,16,founder,business,0.0,0.0
36,17,16,partners,studio,0.0,0.0
36,17,16,partners,assist,1.7412968403104958,2.0406845212540285
36,17,16,partners,business,0.0,0.0
36,17,16,case_content,studio,0.0,0.0
36,17,16,case_content,assist,0.38868233042644995,0.455509937779917
36,17,16,case_content,business,0.0,0.0
36,18,17,founder,studio,0.0,0.0
36,18,17,founder,assist,4.604192019577165,4.995807980422836
36,18,17,founder,business,0.0,0.0
36,18,17,partners,studio,0.0,0.0
36,18,17,partners,assist,1.8864049103363707,2.046855705690735
36,18,17,partners,business,0.0,0.0
36,18,17,case_content,studio,0.0,0.0
36,18,17,case_content,assist,0.42107252462865413,0.45688743430596757
36,18,17,case_content,business,0.0,0.0
36,19,18,founder,studio,0.0,0.0
36,19,18,founder,assist,4.796033353726213,4.803966646273788
36,19,18,founder,business,0.0,0.0
36,19,18,partners,studio,0.0,0.0
36,19,18,partners,assist,2.0436053195310695,2.0469857211371223
36,19,18,partners,business,0.0,0.0
36,19,18,case_content,studio,0.0,0.0
36,19,18,case_content,assist,0.456161901681042,0.4569164556109645
36,19,18,case_content,business,0.0,0.0
36,20,19,founder,studio,0.0,0.0
36,20,19,founder,assist,4.995868076798139,4.604131923201862
36,20,19,founder,business,0.0,0.0
36,20,19,partners,studio,0.0,0.0
36,20,19,partners,assist,2.2139057628253243,2.040308919469594
36,20,19,partners,business,0.0,0.0
36,20,19,case_content,studio,0.0,0.0
36,20,19,case_content,assist,0.4941753934877957,0.4554260980958915
36,20,19,case_content,business,0.0,0.0
36,21,20,founder,studio,0.0,0.0
36,21,20,founder,assist,5.204029246664728,4.395970753335273
36,21,20,founder,business,0.0,0.0
36,21,20,partners,studio,0.0,0.0
36,21,20,partners,assist,2.398397909727435,2.0259853598592805
36,21,20,partners,business,0.0,0.0
36,21,20,case_content,studio,0.0,0.0
36,21,20,case_content,assist,0.5353566762784454,0.4522288749685894
36,21,20,case_content,business,0.0,0.0
36,22,21,founder,studio,0.0,0.0
36,22,21,founder,assist,5.4208637986090915,4.17913620139091
36,22,21,founder,business,0.0,0.0
36,22,21,partners,studio,0.0,0.0
36,22,21,partners,assist,2.5982644022047214,2.0030941981654626
36,22,21,partners,business,0.0,0.0
36,22,21,case_content,studio,0.0,0.0
36,22,21,case_content,assist,0.5799697326349822,0.4471192406619335
36,22,21,case_content,business,0.0,0.0
36,23,22,founder,studio,0.0,0.0
36,23,22,founder,assist,5.646733123551137,3.9532668764488648
36,23,22,founder,business,0.0,0.0
36,23,22,partners,studio,0.0,0.0
36,23,22,partners,assist,2.814786435721781,1.97062650866321
36,23,22,partners,business,0.0,0.0
36,23,22,case_content,studio,0.0,0.0
36,23,22,case_content,assist,0.6283005436878976,0.4398719885408951
36,23,22,case_content,business,0.0,0.0
36,24,23,founder,studio,0.0,0.0
36,24,23,founder,assist,5.882013670365767,3.717986329634234
36,24,23,founder,business,0.0,0.0
36,24,23,partners,studio,0.0,0.0
36,24,23,partners,assist,3.0493519720319293,1.927477490128461
36,24,23,partners,business,0.0,0.0
36,24,23,case_content,studio,0.0,0.0
36,24,23,case_content,assist,0.6806589223285558,0.43024051118938866
36,24,23,case_content,business,0.0,0.0
36,25,24,founder,studio,0.0,0.0
36,25,24,founder,assist,6.127097573297674,3.4729024267023267
36,25,24,founder,business,0.0,0.0
36,25,24,partners,studio,0.0,0.0
36,25,24,partners,assist,3.303464636367924,1.8724380042788829
36,25,24,partners,business,0.0,0.0
36,25,24,case_content,studio,0.0,0.0
36,25,24,case_content,assist,0.7373804991892688,0.4179549116693936
36,25,24,case_content,business,0.0,0.0
36,26,25,founder,studio,0.0,0.0
36,26,25,founder,assist,6.382393305518411,3.2176066944815904
36,26,25,founder,business,0.0,0.0
36,26,25,partners,studio,0.0,0.0
36,26,25,partners,assist,3.5787533560652514,1.8041853902074283
36,26,25,partners,business,0.0,0.0
36,26,25,case_content,studio,0.0,0.0
36,26,25,case_content,assist,0.798828874121708,0.402719953171301
36,26,25,case_content,business,0.0,0.0
36,27,26,founder,studio,0.0,0.0
36,27,26,founder,assist,6.6483263599150115,2.95167364008499
36,27,26,founder,business,0.0,0.0
36,27,26,partners,studio,0.0,0.0
36,27,26,partners,assist,3.8769828024040227,1.7212734937195646
36,27,26,partners,business,0.0,0.0
36,27,26,case_content,studio,0.0,0.0
36,27,26,case_content,assist,0.8653979469651835,0.3842128334195456
36,27,26,case_content,business,0.0,0.0
36,28,27,founder,studio,0.0,0.0
36,28,27,founder,assist,6.925339958244804,2.674660041755198
36,28,27,founder,business,0.0,0.0
36,28,27,partners,studio,0.0,0.0
36,28,27,partners,assist,4.200064702604357,1.6221218453641726
36,28,27,partners,business,0.0,0.0
36,28,27,case_content,studio,0.0,0.0
36,28,27,case_content,assist,0.9375144425456154,0.3620807690545028
36,28,27,case_content,business,0.0,0.0
36,29,28,founder,studio,0.0,0.0
36,29,28,founder,assist,7.213895789838337,2.3861042101616645
36,29,28,founder,business,0.0,0.0
36,29,28,partners,studio,0.0,0.0
36,29,28,partners,assist,4.550070094488053,1.5050039153992172
36,29,28,partners,business,0.0,0.0
36,29,28,case_content,studio,0.0,0.0
36,29,28,case_content,assist,1.0156406460910836,0.3359383739730396
36,29,28,case_content,business,0.0,0.0
36,30,29,founder,studio,0.0,0.0
36,30,29,founder,assist,7.514474781081601,2.0855252189184004
36,30,29,founder,business,0.0,0.0
36,30,29,partners,studio,0.0,0.0
36,30,29,partners,assist,4.9292426023620575,1.3680343679207037
36,30,29,partners,business,0.0,0.0
36,30,29,case_content,studio,0.0,0.0
36,30,29,case_content,assist,1.1002773665986736,0.3053648142680142
36,30,29,case_content,business,0.0,0.0
36,31,30,founder,studio,0.0,0.0
36,31,30,founder,assist,7.827577896960001,1.7724221030400005
36,31,30,founder,business,0.0,0.0
36,31,30,partners,studio,0.0,0.0
36,31,30,partners,assist,5.340012819225564,1.2091552298685095
36,31,30,partners,business,0.0,0.0
36,31,30,case_content,studio,0.0,0.0
36,31,30,case_content,assist,1.191967147148563,0.2699007209527923
36,31,30,case_content,business,0.0,0.0
36,32,31,founder,studio,0.0,0.0
36,32,31,founder,assist,8.153726976000002,1.4462730240000004
36,32,31,founder,business,0.0,0.0
36,32,31,partners,studio,0.0,0.0
36,32,31,partners,assist,5.707608883200001,1.0123911168000002
36,32,31,partners,business,0.0,0.0
36,32,31,case_content,studio,0.0,0.0
36,32,31,case_content,assist,1.2740198399999998,0.22598015999999999
36,32,31,case_content,business,0.0,0.0
36,33,32,founder,studio,0.0,0.0
36,33,32,founder,assist,8.493465600000002,1.1065344000000001
36,33,32,founder,business,0.0,0.0
36,33,32,partners,studio,0.0,0.0
36,33,32,partners,assist,5.945425920000001,0.77457408
36,33,32,partners,business,0.0,0.0
36,33,32,case_content,studio,0.0,0.0
36,33,32,case_content,assist,1.3271039999999998,0.172896
36,33,32,case_content,business,0.0,0.0
36,34,33,founder,studio,0.0,0.0
36,34,33,founder,assist,8.847360000000002,0.7526400000000001
36,34,33,founder,business,0.0,0.0
36,34,33,partners,studio,0.0,0.0
36,34,33,partners,assist,6.193152,0.526848
36,34,33,partners,business,0.0,0.0
36,34,33,case_content,studio,0.0,0.0
36,34,33,case_content,assist,1.3823999999999999,0.1176
36,34,33,case_content,business,0.0,0.0
36,35,34,founder,studio,0.0,0.0
36,35,34,founder,assist,9.216000000000001,0.38400000000000006
36,35,34,founder,business,0.0,0.0
36,35,34,partners,studio,0.0,0.0
36,35,34,partners,assist,6.4512,0.2688
36,35,34,partners,business,0.0,0.0
36,35,34,case_content,studio,0.0,0.0
36,35,34,case_content,assist,1.44,0.06
36,35,34,case_content,business,0.0,0.0
36,36,35,founder,studio,0.0,0
36,36,35,founder,assist,9.600000000000001,0
36,36,35,founder,business,0.0,0
36,36,35,partners,studio,0.0,0
36,36,35,partners,assist,6.72,0
36,36,35,partners,business,0.0,0
36,36,35,case_content,studio,0.0,0
36,36,35,case_content,assist,1.5,0
36,36,35,case_content,business,0.0,0
