provider,capability,officialSupport,method,permissionGroup,scopes,scopeAlternatives,product,accountPrerequisite,reviewRequirement,reviewState,actualRequestedScopes,actualGrantedScopes,actualGrantObservation,implemented,liveE2E,liveEvidence,eligibility,scheduling,limitation,source,auditDate,implementationRevision,productionVerdict
linkedin,connected,documented,GET /v2/userinfo,identity,"[""openid"", ""profile""]",[],openid_connect,member,Enable Sign In with LinkedIn using OpenID Connect; no Community Management permission implied.,NOT_VERIFIED,[],,NOT_OBSERVED_IN_THIS_TASK,True,NOT_RUN,,NOT_VERIFIED,none,,https://learn.microsoft.com/en-us/linkedin/marketing/community-management/shares/posts-api?view=li-lms-2026-09,2026-10-05,fbbf0a93a4ff8cedf2a60fe4b5e4101dd5c8eabb54e8b65ef046b26e0a74550e,"NOT PRODUCTION READY — approvals, actual grant, eligibility and live E2E unverified"
linkedin,member_identity,documented,GET /v2/userinfo,identity,"[""openid"", ""profile""]",[],openid_connect,member,Enable Sign In with LinkedIn using OpenID Connect; no Community Management permission implied.,NOT_VERIFIED,[],,NOT_OBSERVED_IN_THIS_TASK,True,NOT_RUN,,NOT_VERIFIED,none,,https://learn.microsoft.com/en-us/linkedin/marketing/community-management/shares/posts-api?view=li-lms-2026-09,2026-10-05,fbbf0a93a4ff8cedf2a60fe4b5e4101dd5c8eabb54e8b65ef046b26e0a74550e,"NOT PRODUCTION READY — approvals, actual grant, eligibility and live E2E unverified"
linkedin,organization_identity,documented,GET /rest/organizationAcls; GET /rest/organizations/{id},organization_identity,"[""r_organization_admin""]",[],community_management,authorized organization,LinkedIn Community Management Development/Standard approval and approval of each restricted permission.,NOT_VERIFIED,[],,NOT_OBSERVED_IN_THIS_TASK,True,NOT_RUN,,NOT_VERIFIED,none,,https://learn.microsoft.com/en-us/linkedin/marketing/community-management/shares/posts-api?view=li-lms-2026-09,2026-10-05,fbbf0a93a4ff8cedf2a60fe4b5e4101dd5c8eabb54e8b65ef046b26e0a74550e,"NOT PRODUCTION READY — approvals, actual grant, eligibility and live E2E unverified"
linkedin,organization_roles,documented,GET /rest/organizationAcls; GET /rest/organizations/{id},organization_identity,"[""r_organization_admin""]",[],community_management,authorized organization,LinkedIn Community Management Development/Standard approval and approval of each restricted permission.,NOT_VERIFIED,[],,NOT_OBSERVED_IN_THIS_TASK,True,NOT_RUN,,NOT_VERIFIED,none,,https://learn.microsoft.com/en-us/linkedin/marketing/community-management/shares/posts-api?view=li-lms-2026-09,2026-10-05,fbbf0a93a4ff8cedf2a60fe4b5e4101dd5c8eabb54e8b65ef046b26e0a74550e,"NOT PRODUCTION READY — approvals, actual grant, eligibility and live E2E unverified"
linkedin,member_publish,documented,POST /rest/posts; POST|DELETE /rest/posts/{URN}; /rest/images|videos|documents,publish,"[""w_member_social""]",[],share_on_linkedin,member,Enable Share on LinkedIn. Member write is self-service; app product enablement still unverified.,NOT_VERIFIED,[],,NOT_OBSERVED_IN_THIS_TASK,True,NOT_RUN,,NOT_VERIFIED,rafii,ArticleContent is an external link card. Media must reach AVAILABLE before posting.,https://learn.microsoft.com/en-us/linkedin/marketing/community-management/shares/posts-api?view=li-lms-2026-09,2026-10-05,fbbf0a93a4ff8cedf2a60fe4b5e4101dd5c8eabb54e8b65ef046b26e0a74550e,"NOT PRODUCTION READY — approvals, actual grant, eligibility and live E2E unverified"
linkedin,text,documented,POST /rest/posts; POST|DELETE /rest/posts/{URN}; /rest/images|videos|documents,publish,"[""w_member_social""]",[],share_on_linkedin,member,Enable Share on LinkedIn. Member write is self-service; app product enablement still unverified.,NOT_VERIFIED,[],,NOT_OBSERVED_IN_THIS_TASK,True,NOT_RUN,,NOT_VERIFIED,rafii,ArticleContent is an external link card. Media must reach AVAILABLE before posting.,https://learn.microsoft.com/en-us/linkedin/marketing/community-management/shares/posts-api?view=li-lms-2026-09,2026-10-05,fbbf0a93a4ff8cedf2a60fe4b5e4101dd5c8eabb54e8b65ef046b26e0a74550e,"NOT PRODUCTION READY — approvals, actual grant, eligibility and live E2E unverified"
linkedin,link,documented,POST /rest/posts; POST|DELETE /rest/posts/{URN}; /rest/images|videos|documents,publish,"[""w_member_social""]",[],share_on_linkedin,member,Enable Share on LinkedIn. Member write is self-service; app product enablement still unverified.,NOT_VERIFIED,[],,NOT_OBSERVED_IN_THIS_TASK,True,NOT_RUN,,NOT_VERIFIED,rafii,ArticleContent is an external link card. Media must reach AVAILABLE before posting.,https://learn.microsoft.com/en-us/linkedin/marketing/community-management/shares/posts-api?view=li-lms-2026-09,2026-10-05,fbbf0a93a4ff8cedf2a60fe4b5e4101dd5c8eabb54e8b65ef046b26e0a74550e,"NOT PRODUCTION READY — approvals, actual grant, eligibility and live E2E unverified"
linkedin,image,documented,POST /rest/posts; POST|DELETE /rest/posts/{URN}; /rest/images|videos|documents,publish,"[""w_member_social""]",[],share_on_linkedin,member,Enable Share on LinkedIn. Member write is self-service; app product enablement still unverified.,NOT_VERIFIED,[],,NOT_OBSERVED_IN_THIS_TASK,True,NOT_RUN,,NOT_VERIFIED,rafii,ArticleContent is an external link card. Media must reach AVAILABLE before posting.,https://learn.microsoft.com/en-us/linkedin/marketing/community-management/shares/posts-api?view=li-lms-2026-09,2026-10-05,fbbf0a93a4ff8cedf2a60fe4b5e4101dd5c8eabb54e8b65ef046b26e0a74550e,"NOT PRODUCTION READY — approvals, actual grant, eligibility and live E2E unverified"
linkedin,video,documented,POST /rest/posts; POST|DELETE /rest/posts/{URN}; /rest/images|videos|documents,publish,"[""w_member_social""]",[],share_on_linkedin,member,Enable Share on LinkedIn. Member write is self-service; app product enablement still unverified.,NOT_VERIFIED,[],,NOT_OBSERVED_IN_THIS_TASK,True,NOT_RUN,,NOT_VERIFIED,rafii,ArticleContent is an external link card. Media must reach AVAILABLE before posting.,https://learn.microsoft.com/en-us/linkedin/marketing/community-management/shares/posts-api?view=li-lms-2026-09,2026-10-05,fbbf0a93a4ff8cedf2a60fe4b5e4101dd5c8eabb54e8b65ef046b26e0a74550e,"NOT PRODUCTION READY — approvals, actual grant, eligibility and live E2E unverified"
linkedin,document,documented,POST /rest/posts; POST|DELETE /rest/posts/{URN}; /rest/images|videos|documents,publish,"[""w_member_social""]",[],share_on_linkedin,member,Enable Share on LinkedIn. Member write is self-service; app product enablement still unverified.,NOT_VERIFIED,[],,NOT_OBSERVED_IN_THIS_TASK,True,NOT_RUN,,NOT_VERIFIED,rafii,ArticleContent is an external link card. Media must reach AVAILABLE before posting.,https://learn.microsoft.com/en-us/linkedin/marketing/community-management/shares/posts-api?view=li-lms-2026-09,2026-10-05,fbbf0a93a4ff8cedf2a60fe4b5e4101dd5c8eabb54e8b65ef046b26e0a74550e,"NOT PRODUCTION READY — approvals, actual grant, eligibility and live E2E unverified"
linkedin,multi_image,documented,POST /rest/posts; POST|DELETE /rest/posts/{URN}; /rest/images|videos|documents,publish,"[""w_member_social""]",[],share_on_linkedin,member,Enable Share on LinkedIn. Member write is self-service; app product enablement still unverified.,NOT_VERIFIED,[],,NOT_OBSERVED_IN_THIS_TASK,True,NOT_RUN,,NOT_VERIFIED,rafii,ArticleContent is an external link card. Media must reach AVAILABLE before posting.,https://learn.microsoft.com/en-us/linkedin/marketing/community-management/shares/posts-api?view=li-lms-2026-09,2026-10-05,fbbf0a93a4ff8cedf2a60fe4b5e4101dd5c8eabb54e8b65ef046b26e0a74550e,"NOT PRODUCTION READY — approvals, actual grant, eligibility and live E2E unverified"
linkedin,poll,documented,POST /rest/posts; POST|DELETE /rest/posts/{URN}; /rest/images|videos|documents,publish,"[""w_member_social""]",[],share_on_linkedin,member,Enable Share on LinkedIn. Member write is self-service; app product enablement still unverified.,NOT_VERIFIED,[],,NOT_OBSERVED_IN_THIS_TASK,True,NOT_RUN,,NOT_VERIFIED,rafii,ArticleContent is an external link card. Media must reach AVAILABLE before posting.,https://learn.microsoft.com/en-us/linkedin/marketing/community-management/shares/posts-api?view=li-lms-2026-09,2026-10-05,fbbf0a93a4ff8cedf2a60fe4b5e4101dd5c8eabb54e8b65ef046b26e0a74550e,"NOT PRODUCTION READY — approvals, actual grant, eligibility and live E2E unverified"
linkedin,edit,documented,POST /rest/posts; POST|DELETE /rest/posts/{URN}; /rest/images|videos|documents,publish,"[""w_member_social""]",[],share_on_linkedin,member,Enable Share on LinkedIn. Member write is self-service; app product enablement still unverified.,NOT_VERIFIED,[],,NOT_OBSERVED_IN_THIS_TASK,True,NOT_RUN,,NOT_VERIFIED,rafii,ArticleContent is an external link card. Media must reach AVAILABLE before posting.,https://learn.microsoft.com/en-us/linkedin/marketing/community-management/shares/posts-api?view=li-lms-2026-09,2026-10-05,fbbf0a93a4ff8cedf2a60fe4b5e4101dd5c8eabb54e8b65ef046b26e0a74550e,"NOT PRODUCTION READY — approvals, actual grant, eligibility and live E2E unverified"
linkedin,delete,documented,POST /rest/posts; POST|DELETE /rest/posts/{URN}; /rest/images|videos|documents,publish,"[""w_member_social""]",[],share_on_linkedin,member,Enable Share on LinkedIn. Member write is self-service; app product enablement still unverified.,NOT_VERIFIED,[],,NOT_OBSERVED_IN_THIS_TASK,True,NOT_RUN,,NOT_VERIFIED,rafii,ArticleContent is an external link card. Media must reach AVAILABLE before posting.,https://learn.microsoft.com/en-us/linkedin/marketing/community-management/shares/posts-api?view=li-lms-2026-09,2026-10-05,fbbf0a93a4ff8cedf2a60fe4b5e4101dd5c8eabb54e8b65ef046b26e0a74550e,"NOT PRODUCTION READY — approvals, actual grant, eligibility and live E2E unverified"
linkedin,schedule,documented,POST /rest/posts; POST|DELETE /rest/posts/{URN}; /rest/images|videos|documents,publish,"[""w_member_social""]",[],share_on_linkedin,member,Enable Share on LinkedIn. Member write is self-service; app product enablement still unverified.,NOT_VERIFIED,[],,NOT_OBSERVED_IN_THIS_TASK,True,NOT_RUN,,NOT_VERIFIED,rafii,ArticleContent is an external link card. Media must reach AVAILABLE before posting.,https://learn.microsoft.com/en-us/linkedin/marketing/community-management/shares/posts-api?view=li-lms-2026-09,2026-10-05,fbbf0a93a4ff8cedf2a60fe4b5e4101dd5c8eabb54e8b65ef046b26e0a74550e,"NOT PRODUCTION READY — approvals, actual grant, eligibility and live E2E unverified"
linkedin,organization_publish,documented,POST /rest/posts; GET /rest/organizationAuthorizations,organization_publish,"[""w_organization_social"", ""rw_organization_admin""]",[],community_management,organization with current content authorization,LinkedIn Community Management Development/Standard approval and approval of each restricted permission.,NOT_VERIFIED,[],,NOT_OBSERVED_IN_THIS_TASK,True,NOT_RUN,,NOT_VERIFIED,rafii,,https://learn.microsoft.com/en-us/linkedin/marketing/community-management/shares/posts-api?view=li-lms-2026-09,2026-10-05,fbbf0a93a4ff8cedf2a60fe4b5e4101dd5c8eabb54e8b65ef046b26e0a74550e,"NOT PRODUCTION READY — approvals, actual grant, eligibility and live E2E unverified"
linkedin,organization_text,documented,POST|DELETE /rest/posts; /rest/images|videos|documents,organization_publish,"[""w_organization_social"", ""rw_organization_admin""]",[],community_management,organization with current content authorization,LinkedIn Community Management Development/Standard approval and approval of each restricted permission.,NOT_VERIFIED,[],,NOT_OBSERVED_IN_THIS_TASK,True,NOT_RUN,,NOT_VERIFIED,rafii,,https://learn.microsoft.com/en-us/linkedin/marketing/community-management/shares/posts-api?view=li-lms-2026-09,2026-10-05,fbbf0a93a4ff8cedf2a60fe4b5e4101dd5c8eabb54e8b65ef046b26e0a74550e,"NOT PRODUCTION READY — approvals, actual grant, eligibility and live E2E unverified"
linkedin,organization_link,documented,POST|DELETE /rest/posts; /rest/images|videos|documents,organization_publish,"[""w_organization_social"", ""rw_organization_admin""]",[],community_management,organization with current content authorization,LinkedIn Community Management Development/Standard approval and approval of each restricted permission.,NOT_VERIFIED,[],,NOT_OBSERVED_IN_THIS_TASK,True,NOT_RUN,,NOT_VERIFIED,rafii,,https://learn.microsoft.com/en-us/linkedin/marketing/community-management/shares/posts-api?view=li-lms-2026-09,2026-10-05,fbbf0a93a4ff8cedf2a60fe4b5e4101dd5c8eabb54e8b65ef046b26e0a74550e,"NOT PRODUCTION READY — approvals, actual grant, eligibility and live E2E unverified"
linkedin,organization_image,documented,POST|DELETE /rest/posts; /rest/images|videos|documents,organization_publish,"[""w_organization_social"", ""rw_organization_admin""]",[],community_management,organization with current content authorization,LinkedIn Community Management Development/Standard approval and approval of each restricted permission.,NOT_VERIFIED,[],,NOT_OBSERVED_IN_THIS_TASK,True,NOT_RUN,,NOT_VERIFIED,rafii,,https://learn.microsoft.com/en-us/linkedin/marketing/community-management/shares/posts-api?view=li-lms-2026-09,2026-10-05,fbbf0a93a4ff8cedf2a60fe4b5e4101dd5c8eabb54e8b65ef046b26e0a74550e,"NOT PRODUCTION READY — approvals, actual grant, eligibility and live E2E unverified"
linkedin,organization_video,documented,POST|DELETE /rest/posts; /rest/images|videos|documents,organization_publish,"[""w_organization_social"", ""rw_organization_admin""]",[],community_management,organization with current content authorization,LinkedIn Community Management Development/Standard approval and approval of each restricted permission.,NOT_VERIFIED,[],,NOT_OBSERVED_IN_THIS_TASK,True,NOT_RUN,,NOT_VERIFIED,rafii,,https://learn.microsoft.com/en-us/linkedin/marketing/community-management/shares/posts-api?view=li-lms-2026-09,2026-10-05,fbbf0a93a4ff8cedf2a60fe4b5e4101dd5c8eabb54e8b65ef046b26e0a74550e,"NOT PRODUCTION READY — approvals, actual grant, eligibility and live E2E unverified"
linkedin,organization_document,documented,POST|DELETE /rest/posts; /rest/images|videos|documents,organization_publish,"[""w_organization_social"", ""rw_organization_admin""]",[],community_management,organization with current content authorization,LinkedIn Community Management Development/Standard approval and approval of each restricted permission.,NOT_VERIFIED,[],,NOT_OBSERVED_IN_THIS_TASK,True,NOT_RUN,,NOT_VERIFIED,rafii,,https://learn.microsoft.com/en-us/linkedin/marketing/community-management/shares/posts-api?view=li-lms-2026-09,2026-10-05,fbbf0a93a4ff8cedf2a60fe4b5e4101dd5c8eabb54e8b65ef046b26e0a74550e,"NOT PRODUCTION READY — approvals, actual grant, eligibility and live E2E unverified"
linkedin,organization_multi_image,documented,POST|DELETE /rest/posts; /rest/images|videos|documents,organization_publish,"[""w_organization_social"", ""rw_organization_admin""]",[],community_management,organization with current content authorization,LinkedIn Community Management Development/Standard approval and approval of each restricted permission.,NOT_VERIFIED,[],,NOT_OBSERVED_IN_THIS_TASK,True,NOT_RUN,,NOT_VERIFIED,rafii,,https://learn.microsoft.com/en-us/linkedin/marketing/community-management/shares/posts-api?view=li-lms-2026-09,2026-10-05,fbbf0a93a4ff8cedf2a60fe4b5e4101dd5c8eabb54e8b65ef046b26e0a74550e,"NOT PRODUCTION READY — approvals, actual grant, eligibility and live E2E unverified"
linkedin,organization_poll,documented,POST|DELETE /rest/posts; /rest/images|videos|documents,organization_publish,"[""w_organization_social"", ""rw_organization_admin""]",[],community_management,organization with current content authorization,LinkedIn Community Management Development/Standard approval and approval of each restricted permission.,NOT_VERIFIED,[],,NOT_OBSERVED_IN_THIS_TASK,True,NOT_RUN,,NOT_VERIFIED,rafii,,https://learn.microsoft.com/en-us/linkedin/marketing/community-management/shares/posts-api?view=li-lms-2026-09,2026-10-05,fbbf0a93a4ff8cedf2a60fe4b5e4101dd5c8eabb54e8b65ef046b26e0a74550e,"NOT PRODUCTION READY — approvals, actual grant, eligibility and live E2E unverified"
linkedin,organization_edit,documented,POST|DELETE /rest/posts; /rest/images|videos|documents,organization_publish,"[""w_organization_social"", ""rw_organization_admin""]",[],community_management,organization with current content authorization,LinkedIn Community Management Development/Standard approval and approval of each restricted permission.,NOT_VERIFIED,[],,NOT_OBSERVED_IN_THIS_TASK,True,NOT_RUN,,NOT_VERIFIED,rafii,,https://learn.microsoft.com/en-us/linkedin/marketing/community-management/shares/posts-api?view=li-lms-2026-09,2026-10-05,fbbf0a93a4ff8cedf2a60fe4b5e4101dd5c8eabb54e8b65ef046b26e0a74550e,"NOT PRODUCTION READY — approvals, actual grant, eligibility and live E2E unverified"
linkedin,organization_delete,documented,POST|DELETE /rest/posts; /rest/images|videos|documents,organization_publish,"[""w_organization_social"", ""rw_organization_admin""]",[],community_management,organization with current content authorization,LinkedIn Community Management Development/Standard approval and approval of each restricted permission.,NOT_VERIFIED,[],,NOT_OBSERVED_IN_THIS_TASK,True,NOT_RUN,,NOT_VERIFIED,rafii,,https://learn.microsoft.com/en-us/linkedin/marketing/community-management/shares/posts-api?view=li-lms-2026-09,2026-10-05,fbbf0a93a4ff8cedf2a60fe4b5e4101dd5c8eabb54e8b65ef046b26e0a74550e,"NOT PRODUCTION READY — approvals, actual grant, eligibility and live E2E unverified"
linkedin,organization_schedule,documented,POST|DELETE /rest/posts; /rest/images|videos|documents,organization_publish,"[""w_organization_social"", ""rw_organization_admin""]",[],community_management,organization with current content authorization,LinkedIn Community Management Development/Standard approval and approval of each restricted permission.,NOT_VERIFIED,[],,NOT_OBSERVED_IN_THIS_TASK,True,NOT_RUN,,NOT_VERIFIED,rafii,,https://learn.microsoft.com/en-us/linkedin/marketing/community-management/shares/posts-api?view=li-lms-2026-09,2026-10-05,fbbf0a93a4ff8cedf2a60fe4b5e4101dd5c8eabb54e8b65ef046b26e0a74550e,"NOT PRODUCTION READY — approvals, actual grant, eligibility and live E2E unverified"
linkedin,organization_comments_read,documented,GET /rest/socialActions/{URN}/comments; GET /rest/socialMetadata/{URN},organization_comments_read,"[""r_organization_admin"", ""r_organization_social_feed""]",[],community_management,ADMINISTRATOR or DIRECT_SPONSORED_CONTENT_POSTER; fresh role finder,LinkedIn Community Management Development/Standard approval and approval of each restricted permission.,NOT_VERIFIED,[],,NOT_OBSERVED_IN_THIS_TASK,True,NOT_RUN,,NOT_VERIFIED,none,,https://learn.microsoft.com/en-us/linkedin/marketing/community-management/shares/posts-api?view=li-lms-2026-09,2026-10-05,fbbf0a93a4ff8cedf2a60fe4b5e4101dd5c8eabb54e8b65ef046b26e0a74550e,"NOT PRODUCTION READY — approvals, actual grant, eligibility and live E2E unverified"
linkedin,organization_reactions,documented,GET /rest/socialActions/{URN}/comments; GET /rest/socialMetadata/{URN},organization_comments_read,"[""r_organization_admin"", ""r_organization_social_feed""]",[],community_management,ADMINISTRATOR or DIRECT_SPONSORED_CONTENT_POSTER; fresh role finder,LinkedIn Community Management Development/Standard approval and approval of each restricted permission.,NOT_VERIFIED,[],,NOT_OBSERVED_IN_THIS_TASK,True,NOT_RUN,,NOT_VERIFIED,none,,https://learn.microsoft.com/en-us/linkedin/marketing/community-management/shares/posts-api?view=li-lms-2026-09,2026-10-05,fbbf0a93a4ff8cedf2a60fe4b5e4101dd5c8eabb54e8b65ef046b26e0a74550e,"NOT PRODUCTION READY — approvals, actual grant, eligibility and live E2E unverified"
linkedin,organization_reply,documented,POST /rest/socialActions/{URN}/comments; POST|DELETE /rest/reactions,organization_reply,"[""r_organization_admin"", ""w_organization_social_feed""]",[],community_management,"ADMINISTRATOR, DIRECT_SPONSORED_CONTENT_POSTER or RECRUITING_POSTER; fresh role finder",LinkedIn Community Management Development/Standard approval and approval of each restricted permission.,NOT_VERIFIED,[],,NOT_OBSERVED_IN_THIS_TASK,True,NOT_RUN,,NOT_VERIFIED,none,,https://learn.microsoft.com/en-us/linkedin/marketing/community-management/shares/posts-api?view=li-lms-2026-09,2026-10-05,fbbf0a93a4ff8cedf2a60fe4b5e4101dd5c8eabb54e8b65ef046b26e0a74550e,"NOT PRODUCTION READY — approvals, actual grant, eligibility and live E2E unverified"
linkedin,organization_reaction_write,documented,POST /rest/socialActions/{URN}/comments; POST|DELETE /rest/reactions,organization_reply,"[""r_organization_admin"", ""w_organization_social_feed""]",[],community_management,"ADMINISTRATOR, DIRECT_SPONSORED_CONTENT_POSTER or RECRUITING_POSTER; fresh role finder",LinkedIn Community Management Development/Standard approval and approval of each restricted permission.,NOT_VERIFIED,[],,NOT_OBSERVED_IN_THIS_TASK,True,NOT_RUN,,NOT_VERIFIED,none,,https://learn.microsoft.com/en-us/linkedin/marketing/community-management/shares/posts-api?view=li-lms-2026-09,2026-10-05,fbbf0a93a4ff8cedf2a60fe4b5e4101dd5c8eabb54e8b65ef046b26e0a74550e,"NOT PRODUCTION READY — approvals, actual grant, eligibility and live E2E unverified"
linkedin,organization_posts_read,documented,GET /rest/posts?q=author,organization_posts_read,"[""r_organization_admin"", ""r_organization_social""]",[],community_management,organization; fresh feed role,LinkedIn Community Management Development/Standard approval and approval of each restricted permission.,NOT_VERIFIED,[],,NOT_OBSERVED_IN_THIS_TASK,True,NOT_RUN,,NOT_VERIFIED,none,,https://learn.microsoft.com/en-us/linkedin/marketing/community-management/shares/posts-api?view=li-lms-2026-09,2026-10-05,fbbf0a93a4ff8cedf2a60fe4b5e4101dd5c8eabb54e8b65ef046b26e0a74550e,"NOT PRODUCTION READY — approvals, actual grant, eligibility and live E2E unverified"
linkedin,celebration_publish,unsupported,none,identity,[],[],none,none,Not applicable: no supported authoring contract.,NOT_VERIFIED,[],,NOT_OBSERVED_IN_THIS_TASK,False,NOT_RUN,,NOT_VERIFIED,none,UNSUPPORTED BY OFFICIAL API: the official Celebration API permits fetching only; external creation returns 400.,https://learn.microsoft.com/en-us/linkedin/marketing/community-management/shares/posts-api?view=li-lms-2026-09,2026-10-05,fbbf0a93a4ff8cedf2a60fe4b5e4101dd5c8eabb54e8b65ef046b26e0a74550e,UNSUPPORTED BY OFFICIAL API
linkedin,historical_content_read,documented,GET /rest/posts?q=author,posts_read,"[""r_member_social""]",[],restricted_member_read,member,BLOCKED — LINKEDIN APPROVAL: specifically approved r_member_social.,NOT_VERIFIED,[],,NOT_OBSERVED_IN_THIS_TASK,True,NOT_RUN,,NOT_VERIFIED,none,BLOCKED — LINKEDIN APPROVAL unless specifically approved.,https://learn.microsoft.com/en-us/linkedin/marketing/community-management/shares/posts-api?view=li-lms-2026-09,2026-10-05,fbbf0a93a4ff8cedf2a60fe4b5e4101dd5c8eabb54e8b65ef046b26e0a74550e,BLOCKED — LINKEDIN APPROVAL
linkedin,comments_read,documented,GET /rest/socialActions/{URN}/comments; GET /rest/socialMetadata/{URN},comments_read,"[""r_member_social_feed""]",[],community_management,member,LinkedIn Community Management Development/Standard approval and approval of each restricted permission.,NOT_VERIFIED,[],,NOT_OBSERVED_IN_THIS_TASK,True,NOT_RUN,,NOT_VERIFIED,none,,https://learn.microsoft.com/en-us/linkedin/marketing/community-management/shares/posts-api?view=li-lms-2026-09,2026-10-05,fbbf0a93a4ff8cedf2a60fe4b5e4101dd5c8eabb54e8b65ef046b26e0a74550e,"NOT PRODUCTION READY — approvals, actual grant, eligibility and live E2E unverified"
linkedin,reactions,documented,GET /rest/socialActions/{URN}/comments; GET /rest/socialMetadata/{URN},comments_read,"[""r_member_social_feed""]",[],community_management,member,LinkedIn Community Management Development/Standard approval and approval of each restricted permission.,NOT_VERIFIED,[],,NOT_OBSERVED_IN_THIS_TASK,True,NOT_RUN,,NOT_VERIFIED,none,,https://learn.microsoft.com/en-us/linkedin/marketing/community-management/shares/posts-api?view=li-lms-2026-09,2026-10-05,fbbf0a93a4ff8cedf2a60fe4b5e4101dd5c8eabb54e8b65ef046b26e0a74550e,"NOT PRODUCTION READY — approvals, actual grant, eligibility and live E2E unverified"
linkedin,reply,documented,POST /rest/socialActions/{URN}/comments,reply,"[""w_member_social_feed""]",[],community_management,member,LinkedIn Community Management Development/Standard approval and approval of each restricted permission.,NOT_VERIFIED,[],,NOT_OBSERVED_IN_THIS_TASK,True,NOT_RUN,,NOT_VERIFIED,none,,https://learn.microsoft.com/en-us/linkedin/marketing/community-management/shares/posts-api?view=li-lms-2026-09,2026-10-05,fbbf0a93a4ff8cedf2a60fe4b5e4101dd5c8eabb54e8b65ef046b26e0a74550e,"NOT PRODUCTION READY — approvals, actual grant, eligibility and live E2E unverified"
linkedin,reaction_write,documented,POST|DELETE /rest/reactions,reply,"[""w_member_social_feed""]",[],community_management,member,LinkedIn Community Management Development/Standard approval and approval of each restricted permission.,NOT_VERIFIED,[],,NOT_OBSERVED_IN_THIS_TASK,True,NOT_RUN,,NOT_VERIFIED,none,,https://learn.microsoft.com/en-us/linkedin/marketing/community-management/shares/posts-api?view=li-lms-2026-09,2026-10-05,fbbf0a93a4ff8cedf2a60fe4b5e4101dd5c8eabb54e8b65ef046b26e0a74550e,"NOT PRODUCTION READY — approvals, actual grant, eligibility and live E2E unverified"
linkedin,analytics,documented,GET /rest/memberCreatorPostAnalytics,analytics,"[""r_member_postAnalytics""]",[],community_management,member,LinkedIn Community Management Development/Standard approval and approval of each restricted permission.,NOT_VERIFIED,[],,NOT_OBSERVED_IN_THIS_TASK,True,NOT_RUN,,NOT_VERIFIED,none,,https://learn.microsoft.com/en-us/linkedin/marketing/community-management/shares/posts-api?view=li-lms-2026-09,2026-10-05,fbbf0a93a4ff8cedf2a60fe4b5e4101dd5c8eabb54e8b65ef046b26e0a74550e,"NOT PRODUCTION READY — approvals, actual grant, eligibility and live E2E unverified"
linkedin,organization_analytics,documented,GET /rest/organizationalEntityShareStatistics|organizationalEntityFollowerStatistics|organizationPageStatistics,organization_analytics,"[""rw_organization_admin""]",[],community_management,authorized organization,LinkedIn Community Management Development/Standard approval and approval of each restricted permission.,NOT_VERIFIED,[],,NOT_OBSERVED_IN_THIS_TASK,True,NOT_RUN,,NOT_VERIFIED,none,,https://learn.microsoft.com/en-us/linkedin/marketing/community-management/shares/posts-api?view=li-lms-2026-09,2026-10-05,fbbf0a93a4ff8cedf2a60fe4b5e4101dd5c8eabb54e8b65ef046b26e0a74550e,"NOT PRODUCTION READY — approvals, actual grant, eligibility and live E2E unverified"
linkedin,organization_follower_analytics,documented,GET /rest/organizationalEntityShareStatistics|organizationalEntityFollowerStatistics|organizationPageStatistics,organization_analytics,"[""rw_organization_admin""]",[],community_management,authorized organization,LinkedIn Community Management Development/Standard approval and approval of each restricted permission.,NOT_VERIFIED,[],,NOT_OBSERVED_IN_THIS_TASK,True,NOT_RUN,,NOT_VERIFIED,none,,https://learn.microsoft.com/en-us/linkedin/marketing/community-management/shares/posts-api?view=li-lms-2026-09,2026-10-05,fbbf0a93a4ff8cedf2a60fe4b5e4101dd5c8eabb54e8b65ef046b26e0a74550e,"NOT PRODUCTION READY — approvals, actual grant, eligibility and live E2E unverified"
linkedin,organization_page_analytics,documented,GET /rest/organizationalEntityShareStatistics|organizationalEntityFollowerStatistics|organizationPageStatistics,organization_analytics,"[""rw_organization_admin""]",[],community_management,authorized organization,LinkedIn Community Management Development/Standard approval and approval of each restricted permission.,NOT_VERIFIED,[],,NOT_OBSERVED_IN_THIS_TASK,True,NOT_RUN,,NOT_VERIFIED,none,,https://learn.microsoft.com/en-us/linkedin/marketing/community-management/shares/posts-api?view=li-lms-2026-09,2026-10-05,fbbf0a93a4ff8cedf2a60fe4b5e4101dd5c8eabb54e8b65ef046b26e0a74550e,"NOT PRODUCTION READY — approvals, actual grant, eligibility and live E2E unverified"
linkedin,video_analytics,documented,GET /rest/videoAnalytics,organization_video_analytics,"[""r_organization_admin"", ""r_organization_social""]",[],community_management,organization-owned video; fresh feed role,LinkedIn Community Management Development/Standard approval and approval of each restricted permission.,NOT_VERIFIED,[],,NOT_OBSERVED_IN_THIS_TASK,True,NOT_RUN,,NOT_VERIFIED,none,,https://learn.microsoft.com/en-us/linkedin/marketing/community-management/shares/posts-api?view=li-lms-2026-09,2026-10-05,fbbf0a93a4ff8cedf2a60fe4b5e4101dd5c8eabb54e8b65ef046b26e0a74550e,"NOT PRODUCTION READY — approvals, actual grant, eligibility and live E2E unverified"
linkedin,document_analytics,audit_unavailable,not verified for organic documents,identity,[],[],community_management,organization,LinkedIn Community Management Development/Standard approval and approval of each restricted permission.,NOT_VERIFIED,[],,NOT_OBSERVED_IN_THIS_TASK,False,NOT_RUN,,NOT_VERIFIED,none,Do not substitute advertising document metrics for organic analytics.,https://learn.microsoft.com/en-us/linkedin/marketing/community-management/shares/posts-api?view=li-lms-2026-09,2026-10-05,fbbf0a93a4ff8cedf2a60fe4b5e4101dd5c8eabb54e8b65ef046b26e0a74550e,BLOCKED — OFFICIAL AUDIT UNAVAILABLE
linkedin,article_newsletter_publish,unsupported,none,identity,[],[],none,none,Not applicable: no supported authoring contract.,NOT_VERIFIED,[],,NOT_OBSERVED_IN_THIS_TASK,False,NOT_RUN,,NOT_VERIFIED,none,UNSUPPORTED BY OFFICIAL API: Posts ArticleContent shares a URL; it does not author a LinkedIn article/newsletter.,https://learn.microsoft.com/en-us/linkedin/marketing/community-management/shares/posts-api?view=li-lms-2026-09,2026-10-05,fbbf0a93a4ff8cedf2a60fe4b5e4101dd5c8eabb54e8b65ef046b26e0a74550e,UNSUPPORTED BY OFFICIAL API
threads,connected,documented,GET /me; GET /{user}/threads; GET /{post},identity,"[""threads_basic""]",[],threads,Threads profile,Meta Threads app/use case; Advanced Access/app review for ordinary profiles and feature-specific permissions.,NOT_VERIFIED,[],,NOT_OBSERVED_IN_THIS_TASK,True,NOT_RUN,,NOT_VERIFIED,none,,https://www.postman.com/meta/threads/documentation/dht3nzz/threads-api,2026-10-05,fbbf0a93a4ff8cedf2a60fe4b5e4101dd5c8eabb54e8b65ef046b26e0a74550e,"NOT PRODUCTION READY — approvals, actual grant, eligibility and live E2E unverified"
threads,identity,documented,GET /me; GET /{user}/threads; GET /{post},identity,"[""threads_basic""]",[],threads,Threads profile,Meta Threads app/use case; Advanced Access/app review for ordinary profiles and feature-specific permissions.,NOT_VERIFIED,[],,NOT_OBSERVED_IN_THIS_TASK,True,NOT_RUN,,NOT_VERIFIED,none,,https://www.postman.com/meta/threads/documentation/dht3nzz/threads-api,2026-10-05,fbbf0a93a4ff8cedf2a60fe4b5e4101dd5c8eabb54e8b65ef046b26e0a74550e,"NOT PRODUCTION READY — approvals, actual grant, eligibility and live E2E unverified"
threads,post_read,documented,GET /me; GET /{user}/threads; GET /{post},identity,"[""threads_basic""]",[],threads,Threads profile,Meta Threads app/use case; Advanced Access/app review for ordinary profiles and feature-specific permissions.,NOT_VERIFIED,[],,NOT_OBSERVED_IN_THIS_TASK,True,NOT_RUN,,NOT_VERIFIED,none,,https://www.postman.com/meta/threads/documentation/dht3nzz/threads-api,2026-10-05,fbbf0a93a4ff8cedf2a60fe4b5e4101dd5c8eabb54e8b65ef046b26e0a74550e,"NOT PRODUCTION READY — approvals, actual grant, eligibility and live E2E unverified"
threads,publish,documented,POST /{user}/threads; POST /{user}/threads_publish; POST /{post}/repost,publish,"[""threads_basic"", ""threads_content_publish""]",[],threads,Threads profile,Meta Threads app/use case; Advanced Access/app review for ordinary profiles and feature-specific permissions.,NOT_VERIFIED,[],,NOT_OBSERVED_IN_THIS_TASK,True,NOT_RUN,,NOT_VERIFIED,rafii,Carousel 2–20 children in order. Publish parent only after processing.,https://www.postman.com/meta/threads/documentation/dht3nzz/threads-api,2026-10-05,fbbf0a93a4ff8cedf2a60fe4b5e4101dd5c8eabb54e8b65ef046b26e0a74550e,"NOT PRODUCTION READY — approvals, actual grant, eligibility and live E2E unverified"
threads,text,documented,POST /{user}/threads; POST /{user}/threads_publish; POST /{post}/repost,publish,"[""threads_basic"", ""threads_content_publish""]",[],threads,Threads profile,Meta Threads app/use case; Advanced Access/app review for ordinary profiles and feature-specific permissions.,NOT_VERIFIED,[],,NOT_OBSERVED_IN_THIS_TASK,True,NOT_RUN,,NOT_VERIFIED,rafii,Carousel 2–20 children in order. Publish parent only after processing.,https://www.postman.com/meta/threads/documentation/dht3nzz/threads-api,2026-10-05,fbbf0a93a4ff8cedf2a60fe4b5e4101dd5c8eabb54e8b65ef046b26e0a74550e,"NOT PRODUCTION READY — approvals, actual grant, eligibility and live E2E unverified"
threads,image,documented,POST /{user}/threads; POST /{user}/threads_publish; POST /{post}/repost,publish,"[""threads_basic"", ""threads_content_publish""]",[],threads,Threads profile,Meta Threads app/use case; Advanced Access/app review for ordinary profiles and feature-specific permissions.,NOT_VERIFIED,[],,NOT_OBSERVED_IN_THIS_TASK,True,NOT_RUN,,NOT_VERIFIED,rafii,Carousel 2–20 children in order. Publish parent only after processing.,https://www.postman.com/meta/threads/documentation/dht3nzz/threads-api,2026-10-05,fbbf0a93a4ff8cedf2a60fe4b5e4101dd5c8eabb54e8b65ef046b26e0a74550e,"NOT PRODUCTION READY — approvals, actual grant, eligibility and live E2E unverified"
threads,video,documented,POST /{user}/threads; POST /{user}/threads_publish; POST /{post}/repost,publish,"[""threads_basic"", ""threads_content_publish""]",[],threads,Threads profile,Meta Threads app/use case; Advanced Access/app review for ordinary profiles and feature-specific permissions.,NOT_VERIFIED,[],,NOT_OBSERVED_IN_THIS_TASK,True,NOT_RUN,,NOT_VERIFIED,rafii,Carousel 2–20 children in order. Publish parent only after processing.,https://www.postman.com/meta/threads/documentation/dht3nzz/threads-api,2026-10-05,fbbf0a93a4ff8cedf2a60fe4b5e4101dd5c8eabb54e8b65ef046b26e0a74550e,"NOT PRODUCTION READY — approvals, actual grant, eligibility and live E2E unverified"
threads,carousel,documented,POST /{user}/threads; POST /{user}/threads_publish; POST /{post}/repost,publish,"[""threads_basic"", ""threads_content_publish""]",[],threads,Threads profile,Meta Threads app/use case; Advanced Access/app review for ordinary profiles and feature-specific permissions.,NOT_VERIFIED,[],,NOT_OBSERVED_IN_THIS_TASK,True,NOT_RUN,,NOT_VERIFIED,rafii,Carousel 2–20 children in order. Publish parent only after processing.,https://www.postman.com/meta/threads/documentation/dht3nzz/threads-api,2026-10-05,fbbf0a93a4ff8cedf2a60fe4b5e4101dd5c8eabb54e8b65ef046b26e0a74550e,"NOT PRODUCTION READY — approvals, actual grant, eligibility and live E2E unverified"
threads,reply,documented,POST /{user}/threads; POST /{user}/threads_publish; POST /{post}/repost,publish,"[""threads_basic"", ""threads_content_publish""]",[],threads,Threads profile,Meta Threads app/use case; Advanced Access/app review for ordinary profiles and feature-specific permissions.,NOT_VERIFIED,[],,NOT_OBSERVED_IN_THIS_TASK,True,NOT_RUN,,NOT_VERIFIED,rafii,Carousel 2–20 children in order. Publish parent only after processing.,https://www.postman.com/meta/threads/documentation/dht3nzz/threads-api,2026-10-05,fbbf0a93a4ff8cedf2a60fe4b5e4101dd5c8eabb54e8b65ef046b26e0a74550e,"NOT PRODUCTION READY — approvals, actual grant, eligibility and live E2E unverified"
threads,quote,documented,POST /{user}/threads; POST /{user}/threads_publish; POST /{post}/repost,publish,"[""threads_basic"", ""threads_content_publish""]",[],threads,Threads profile,Meta Threads app/use case; Advanced Access/app review for ordinary profiles and feature-specific permissions.,NOT_VERIFIED,[],,NOT_OBSERVED_IN_THIS_TASK,True,NOT_RUN,,NOT_VERIFIED,rafii,Carousel 2–20 children in order. Publish parent only after processing.,https://www.postman.com/meta/threads/documentation/dht3nzz/threads-api,2026-10-05,fbbf0a93a4ff8cedf2a60fe4b5e4101dd5c8eabb54e8b65ef046b26e0a74550e,"NOT PRODUCTION READY — approvals, actual grant, eligibility and live E2E unverified"
threads,repost,documented,POST /{user}/threads; POST /{user}/threads_publish; POST /{post}/repost,publish,"[""threads_basic"", ""threads_content_publish""]",[],threads,Threads profile,Meta Threads app/use case; Advanced Access/app review for ordinary profiles and feature-specific permissions.,NOT_VERIFIED,[],,NOT_OBSERVED_IN_THIS_TASK,True,NOT_RUN,,NOT_VERIFIED,rafii,Carousel 2–20 children in order. Publish parent only after processing.,https://www.postman.com/meta/threads/documentation/dht3nzz/threads-api,2026-10-05,fbbf0a93a4ff8cedf2a60fe4b5e4101dd5c8eabb54e8b65ef046b26e0a74550e,"NOT PRODUCTION READY — approvals, actual grant, eligibility and live E2E unverified"
threads,poll,documented,POST /{user}/threads; POST /{user}/threads_publish; POST /{post}/repost,publish,"[""threads_basic"", ""threads_content_publish""]",[],threads,Threads profile,Meta Threads app/use case; Advanced Access/app review for ordinary profiles and feature-specific permissions.,NOT_VERIFIED,[],,NOT_OBSERVED_IN_THIS_TASK,True,NOT_RUN,,NOT_VERIFIED,rafii,Carousel 2–20 children in order. Publish parent only after processing.,https://www.postman.com/meta/threads/documentation/dht3nzz/threads-api,2026-10-05,fbbf0a93a4ff8cedf2a60fe4b5e4101dd5c8eabb54e8b65ef046b26e0a74550e,"NOT PRODUCTION READY — approvals, actual grant, eligibility and live E2E unverified"
threads,text_attachment,documented,POST /{user}/threads; POST /{user}/threads_publish; POST /{post}/repost,publish,"[""threads_basic"", ""threads_content_publish""]",[],threads,Threads profile,Meta Threads app/use case; Advanced Access/app review for ordinary profiles and feature-specific permissions.,NOT_VERIFIED,[],,NOT_OBSERVED_IN_THIS_TASK,True,NOT_RUN,,NOT_VERIFIED,rafii,Carousel 2–20 children in order. Publish parent only after processing.,https://www.postman.com/meta/threads/documentation/dht3nzz/threads-api,2026-10-05,fbbf0a93a4ff8cedf2a60fe4b5e4101dd5c8eabb54e8b65ef046b26e0a74550e,"NOT PRODUCTION READY — approvals, actual grant, eligibility and live E2E unverified"
threads,ghost_post,documented,POST /{user}/threads; POST /{user}/threads_publish; POST /{post}/repost,publish,"[""threads_basic"", ""threads_content_publish""]",[],threads,Threads profile,Meta Threads app/use case; Advanced Access/app review for ordinary profiles and feature-specific permissions.,NOT_VERIFIED,[],,NOT_OBSERVED_IN_THIS_TASK,True,NOT_RUN,,NOT_VERIFIED,rafii,Carousel 2–20 children in order. Publish parent only after processing.,https://www.postman.com/meta/threads/documentation/dht3nzz/threads-api,2026-10-05,fbbf0a93a4ff8cedf2a60fe4b5e4101dd5c8eabb54e8b65ef046b26e0a74550e,"NOT PRODUCTION READY — approvals, actual grant, eligibility and live E2E unverified"
threads,schedule,documented,POST /{user}/threads; POST /{user}/threads_publish; POST /{post}/repost,publish,"[""threads_basic"", ""threads_content_publish""]",[],threads,Threads profile,Meta Threads app/use case; Advanced Access/app review for ordinary profiles and feature-specific permissions.,NOT_VERIFIED,[],,NOT_OBSERVED_IN_THIS_TASK,True,NOT_RUN,,NOT_VERIFIED,rafii,Carousel 2–20 children in order. Publish parent only after processing.,https://www.postman.com/meta/threads/documentation/dht3nzz/threads-api,2026-10-05,fbbf0a93a4ff8cedf2a60fe4b5e4101dd5c8eabb54e8b65ef046b26e0a74550e,"NOT PRODUCTION READY — approvals, actual grant, eligibility and live E2E unverified"
threads,replies_read,documented,GET /{post}/replies; GET /{post}/conversation,comments_read,"[""threads_basic"", ""threads_read_replies""]",[],threads,Threads profile,Meta Threads app/use case; Advanced Access/app review for ordinary profiles and feature-specific permissions.,NOT_VERIFIED,[],,NOT_OBSERVED_IN_THIS_TASK,True,NOT_RUN,,NOT_VERIFIED,none,,https://www.postman.com/meta/threads/documentation/dht3nzz/threads-api,2026-10-05,fbbf0a93a4ff8cedf2a60fe4b5e4101dd5c8eabb54e8b65ef046b26e0a74550e,"NOT PRODUCTION READY — approvals, actual grant, eligibility and live E2E unverified"
threads,reply_management,documented,POST /{reply}/manage_reply,moderate,"[""threads_basic"", ""threads_manage_replies""]",[],threads,owned conversation,Meta Threads app/use case; Advanced Access/app review for ordinary profiles and feature-specific permissions.,NOT_VERIFIED,[],,NOT_OBSERVED_IN_THIS_TASK,True,NOT_RUN,,NOT_VERIFIED,none,,https://www.postman.com/meta/threads/documentation/dht3nzz/threads-api,2026-10-05,fbbf0a93a4ff8cedf2a60fe4b5e4101dd5c8eabb54e8b65ef046b26e0a74550e,"NOT PRODUCTION READY — approvals, actual grant, eligibility and live E2E unverified"
threads,insights,documented,GET /{post|user}/insights,analytics,"[""threads_basic"", ""threads_manage_insights""]",[],threads,owned account/media,Meta Threads app/use case; Advanced Access/app review for ordinary profiles and feature-specific permissions.,NOT_VERIFIED,[],,NOT_OBSERVED_IN_THIS_TASK,True,NOT_RUN,,NOT_VERIFIED,none,,https://www.postman.com/meta/threads/documentation/dht3nzz/threads-api,2026-10-05,fbbf0a93a4ff8cedf2a60fe4b5e4101dd5c8eabb54e8b65ef046b26e0a74550e,"NOT PRODUCTION READY — approvals, actual grant, eligibility and live E2E unverified"
threads,account_insights,documented,GET /{post|user}/insights,analytics,"[""threads_basic"", ""threads_manage_insights""]",[],threads,owned account/media,Meta Threads app/use case; Advanced Access/app review for ordinary profiles and feature-specific permissions.,NOT_VERIFIED,[],,NOT_OBSERVED_IN_THIS_TASK,True,NOT_RUN,,NOT_VERIFIED,none,,https://www.postman.com/meta/threads/documentation/dht3nzz/threads-api,2026-10-05,fbbf0a93a4ff8cedf2a60fe4b5e4101dd5c8eabb54e8b65ef046b26e0a74550e,"NOT PRODUCTION READY — approvals, actual grant, eligibility and live E2E unverified"
threads,delete,documented,DELETE /{post},delete,"[""threads_basic"", ""threads_delete""]",[],threads,owned post,Meta Threads app/use case; Advanced Access/app review for ordinary profiles and feature-specific permissions.,NOT_VERIFIED,[],,NOT_OBSERVED_IN_THIS_TASK,True,NOT_RUN,,NOT_VERIFIED,none,Current permission requires app review; live contract still needs verification.,https://www.postman.com/meta/threads/documentation/dht3nzz/threads-api,2026-10-05,fbbf0a93a4ff8cedf2a60fe4b5e4101dd5c8eabb54e8b65ef046b26e0a74550e,"NOT PRODUCTION READY — approvals, actual grant, eligibility and live E2E unverified"
threads,mentions,documented,GET /{user}/mentions,mentions,"[""threads_basic"", ""threads_manage_mentions""]",[],threads,Threads profile,Meta Threads app/use case; Advanced Access/app review for ordinary profiles and feature-specific permissions.,NOT_VERIFIED,[],,NOT_OBSERVED_IN_THIS_TASK,True,NOT_RUN,,NOT_VERIFIED,none,,https://www.postman.com/meta/threads/documentation/dht3nzz/threads-api,2026-10-05,fbbf0a93a4ff8cedf2a60fe4b5e4101dd5c8eabb54e8b65ef046b26e0a74550e,"NOT PRODUCTION READY — approvals, actual grant, eligibility and live E2E unverified"
threads,gif_attachment,documented,POST /{user}/threads,publish,"[""threads_basic"", ""threads_content_publish""]",[],threads,Threads profile,Meta Threads app/use case; Advanced Access/app review for ordinary profiles and feature-specific permissions.,NOT_VERIFIED,[],,NOT_OBSERVED_IN_THIS_TASK,True,NOT_RUN,,NOT_VERIFIED,none,,https://www.postman.com/meta/threads/documentation/dht3nzz/threads-api,2026-10-05,fbbf0a93a4ff8cedf2a60fe4b5e4101dd5c8eabb54e8b65ef046b26e0a74550e,"NOT PRODUCTION READY — approvals, actual grant, eligibility and live E2E unverified"
threads,spoilers,documented,POST /{user}/threads,publish,"[""threads_basic"", ""threads_content_publish""]",[],threads,Threads profile,Meta Threads app/use case; Advanced Access/app review for ordinary profiles and feature-specific permissions.,NOT_VERIFIED,[],,NOT_OBSERVED_IN_THIS_TASK,True,NOT_RUN,,NOT_VERIFIED,none,,https://www.postman.com/meta/threads/documentation/dht3nzz/threads-api,2026-10-05,fbbf0a93a4ff8cedf2a60fe4b5e4101dd5c8eabb54e8b65ef046b26e0a74550e,"NOT PRODUCTION READY — approvals, actual grant, eligibility and live E2E unverified"
threads,reply_approvals,documented,POST /{user}/threads,publish,"[""threads_basic"", ""threads_content_publish""]",[],threads,Threads profile,Meta Threads app/use case; Advanced Access/app review for ordinary profiles and feature-specific permissions.,NOT_VERIFIED,[],,NOT_OBSERVED_IN_THIS_TASK,True,NOT_RUN,,NOT_VERIFIED,none,,https://www.postman.com/meta/threads/documentation/dht3nzz/threads-api,2026-10-05,fbbf0a93a4ff8cedf2a60fe4b5e4101dd5c8eabb54e8b65ef046b26e0a74550e,"NOT PRODUCTION READY — approvals, actual grant, eligibility and live E2E unverified"
threads,location,documented,POST /{user}/threads?location_id,location,"[""threads_basic"", ""threads_content_publish"", ""threads_location_tagging""]",[],threads,Threads profile,Meta Threads app/use case; Advanced Access/app review for ordinary profiles and feature-specific permissions.,NOT_VERIFIED,[],,NOT_OBSERVED_IN_THIS_TASK,True,NOT_RUN,,NOT_VERIFIED,none,,https://www.postman.com/meta/threads/documentation/dht3nzz/threads-api,2026-10-05,fbbf0a93a4ff8cedf2a60fe4b5e4101dd5c8eabb54e8b65ef046b26e0a74550e,"NOT PRODUCTION READY — approvals, actual grant, eligibility and live E2E unverified"
threads,edit,unsupported,none,identity,[],[],none,none,Not applicable: no supported authoring contract.,NOT_VERIFIED,[],,NOT_OBSERVED_IN_THIS_TASK,False,NOT_RUN,,NOT_VERIFIED,none,No currently verified official post-edit authoring endpoint; delete has a separate permission.,https://www.postman.com/meta/threads/documentation/dht3nzz/threads-api,2026-10-05,fbbf0a93a4ff8cedf2a60fe4b5e4101dd5c8eabb54e8b65ef046b26e0a74550e,UNSUPPORTED BY OFFICIAL API
instagram,connected,documented,GET /me; GET /{user}/media,identity,"[""instagram_business_basic""]",[],instagram_login,"Creator or Business, no Facebook Page",Meta Instagram Login professional-account app; Standard for own role accounts versus reviewed Advanced Access for ordinary users.,NOT_VERIFIED,[],,NOT_OBSERVED_IN_THIS_TASK,True,NOT_RUN,,NOT_VERIFIED,none,,https://www.postman.com/meta/instagram/folder/1z5vxzu/instagram-api-with-instagram-login,2026-10-05,fbbf0a93a4ff8cedf2a60fe4b5e4101dd5c8eabb54e8b65ef046b26e0a74550e,"NOT PRODUCTION READY — approvals, actual grant, eligibility and live E2E unverified"
instagram,identity,documented,GET /me; GET /{user}/media,identity,"[""instagram_business_basic""]",[],instagram_login,"Creator or Business, no Facebook Page",Meta Instagram Login professional-account app; Standard for own role accounts versus reviewed Advanced Access for ordinary users.,NOT_VERIFIED,[],,NOT_OBSERVED_IN_THIS_TASK,True,NOT_RUN,,NOT_VERIFIED,none,,https://www.postman.com/meta/instagram/folder/1z5vxzu/instagram-api-with-instagram-login,2026-10-05,fbbf0a93a4ff8cedf2a60fe4b5e4101dd5c8eabb54e8b65ef046b26e0a74550e,"NOT PRODUCTION READY — approvals, actual grant, eligibility and live E2E unverified"
instagram,media_read,documented,GET /me; GET /{user}/media,identity,"[""instagram_business_basic""]",[],instagram_login,"Creator or Business, no Facebook Page",Meta Instagram Login professional-account app; Standard for own role accounts versus reviewed Advanced Access for ordinary users.,NOT_VERIFIED,[],,NOT_OBSERVED_IN_THIS_TASK,True,NOT_RUN,,NOT_VERIFIED,none,,https://www.postman.com/meta/instagram/folder/1z5vxzu/instagram-api-with-instagram-login,2026-10-05,fbbf0a93a4ff8cedf2a60fe4b5e4101dd5c8eabb54e8b65ef046b26e0a74550e,"NOT PRODUCTION READY — approvals, actual grant, eligibility and live E2E unverified"
instagram,publish,documented,POST /{user}/media; GET /{container}; POST /{user}/media_publish,publish,"[""instagram_business_basic"", ""instagram_business_content_publish""]",[],instagram_login,professional account,Meta Instagram Login professional-account app; Standard for own role accounts versus reviewed Advanced Access for ordinary users.,NOT_VERIFIED,[],,NOT_OBSERVED_IN_THIS_TASK,True,NOT_RUN,,NOT_VERIFIED,rafii,,https://www.postman.com/meta/instagram/folder/1z5vxzu/instagram-api-with-instagram-login,2026-10-05,fbbf0a93a4ff8cedf2a60fe4b5e4101dd5c8eabb54e8b65ef046b26e0a74550e,"NOT PRODUCTION READY — approvals, actual grant, eligibility and live E2E unverified"
instagram,image,documented,POST /{user}/media; GET /{container}; POST /{user}/media_publish,publish,"[""instagram_business_basic"", ""instagram_business_content_publish""]",[],instagram_login,professional account,Meta Instagram Login professional-account app; Standard for own role accounts versus reviewed Advanced Access for ordinary users.,NOT_VERIFIED,[],,NOT_OBSERVED_IN_THIS_TASK,True,NOT_RUN,,NOT_VERIFIED,rafii,,https://www.postman.com/meta/instagram/folder/1z5vxzu/instagram-api-with-instagram-login,2026-10-05,fbbf0a93a4ff8cedf2a60fe4b5e4101dd5c8eabb54e8b65ef046b26e0a74550e,"NOT PRODUCTION READY — approvals, actual grant, eligibility and live E2E unverified"
instagram,carousel,documented,POST /{user}/media; GET /{container}; POST /{user}/media_publish,publish,"[""instagram_business_basic"", ""instagram_business_content_publish""]",[],instagram_login,professional account,Meta Instagram Login professional-account app; Standard for own role accounts versus reviewed Advanced Access for ordinary users.,NOT_VERIFIED,[],,NOT_OBSERVED_IN_THIS_TASK,True,NOT_RUN,,NOT_VERIFIED,rafii,,https://www.postman.com/meta/instagram/folder/1z5vxzu/instagram-api-with-instagram-login,2026-10-05,fbbf0a93a4ff8cedf2a60fe4b5e4101dd5c8eabb54e8b65ef046b26e0a74550e,"NOT PRODUCTION READY — approvals, actual grant, eligibility and live E2E unverified"
instagram,reel,documented,POST /{user}/media; GET /{container}; POST /{user}/media_publish,publish,"[""instagram_business_basic"", ""instagram_business_content_publish""]",[],instagram_login,professional account,Meta Instagram Login professional-account app; Standard for own role accounts versus reviewed Advanced Access for ordinary users.,NOT_VERIFIED,[],,NOT_OBSERVED_IN_THIS_TASK,True,NOT_RUN,,NOT_VERIFIED,rafii,,https://www.postman.com/meta/instagram/folder/1z5vxzu/instagram-api-with-instagram-login,2026-10-05,fbbf0a93a4ff8cedf2a60fe4b5e4101dd5c8eabb54e8b65ef046b26e0a74550e,"NOT PRODUCTION READY — approvals, actual grant, eligibility and live E2E unverified"
instagram,schedule,documented,POST /{user}/media; GET /{container}; POST /{user}/media_publish,publish,"[""instagram_business_basic"", ""instagram_business_content_publish""]",[],instagram_login,professional account,Meta Instagram Login professional-account app; Standard for own role accounts versus reviewed Advanced Access for ordinary users.,NOT_VERIFIED,[],,NOT_OBSERVED_IN_THIS_TASK,True,NOT_RUN,,NOT_VERIFIED,rafii,,https://www.postman.com/meta/instagram/folder/1z5vxzu/instagram-api-with-instagram-login,2026-10-05,fbbf0a93a4ff8cedf2a60fe4b5e4101dd5c8eabb54e8b65ef046b26e0a74550e,"NOT PRODUCTION READY — approvals, actual grant, eligibility and live E2E unverified"
instagram,story,documented,POST /{user}/media?media_type=STORIES,publish,"[""instagram_business_basic"", ""instagram_business_content_publish""]",[],instagram_login,Business account,Meta Instagram Login professional-account app; Standard for own role accounts versus reviewed Advanced Access for ordinary users.,NOT_VERIFIED,[],,NOT_OBSERVED_IN_THIS_TASK,True,NOT_RUN,,NOT_VERIFIED,none,24-hour expiry; account/flow eligibility must be verified.,https://www.postman.com/meta/instagram/folder/1z5vxzu/instagram-api-with-instagram-login,2026-10-05,fbbf0a93a4ff8cedf2a60fe4b5e4101dd5c8eabb54e8b65ef046b26e0a74550e,"NOT PRODUCTION READY — approvals, actual grant, eligibility and live E2E unverified"
instagram,comments_read,documented,GET /{media}/comments; GET|POST /{comment}/replies; POST|DELETE /{comment},comments_read,"[""instagram_business_basic"", ""instagram_business_manage_comments""]",[],instagram_login,owned media,Meta Instagram Login professional-account app; Standard for own role accounts versus reviewed Advanced Access for ordinary users.,NOT_VERIFIED,[],,NOT_OBSERVED_IN_THIS_TASK,True,NOT_RUN,,NOT_VERIFIED,none,,https://www.postman.com/meta/instagram/folder/1z5vxzu/instagram-api-with-instagram-login,2026-10-05,fbbf0a93a4ff8cedf2a60fe4b5e4101dd5c8eabb54e8b65ef046b26e0a74550e,"NOT PRODUCTION READY — approvals, actual grant, eligibility and live E2E unverified"
instagram,reply,documented,GET /{media}/comments; GET|POST /{comment}/replies; POST|DELETE /{comment},comments_read,"[""instagram_business_basic"", ""instagram_business_manage_comments""]",[],instagram_login,owned media,Meta Instagram Login professional-account app; Standard for own role accounts versus reviewed Advanced Access for ordinary users.,NOT_VERIFIED,[],,NOT_OBSERVED_IN_THIS_TASK,True,NOT_RUN,,NOT_VERIFIED,none,,https://www.postman.com/meta/instagram/folder/1z5vxzu/instagram-api-with-instagram-login,2026-10-05,fbbf0a93a4ff8cedf2a60fe4b5e4101dd5c8eabb54e8b65ef046b26e0a74550e,"NOT PRODUCTION READY — approvals, actual grant, eligibility and live E2E unverified"
instagram,moderation,documented,GET /{media}/comments; GET|POST /{comment}/replies; POST|DELETE /{comment},comments_read,"[""instagram_business_basic"", ""instagram_business_manage_comments""]",[],instagram_login,owned media,Meta Instagram Login professional-account app; Standard for own role accounts versus reviewed Advanced Access for ordinary users.,NOT_VERIFIED,[],,NOT_OBSERVED_IN_THIS_TASK,True,NOT_RUN,,NOT_VERIFIED,none,,https://www.postman.com/meta/instagram/folder/1z5vxzu/instagram-api-with-instagram-login,2026-10-05,fbbf0a93a4ff8cedf2a60fe4b5e4101dd5c8eabb54e8b65ef046b26e0a74550e,"NOT PRODUCTION READY — approvals, actual grant, eligibility and live E2E unverified"
instagram,insights,audit_unavailable,GET /{user|media}/insights,analytics,"[""instagram_business_basic"", ""instagram_business_manage_insights""]",[],instagram_login,owned professional account/media,Meta Instagram Login professional-account app; Standard for own role accounts versus reviewed Advanced Access for ordinary users.,NOT_VERIFIED,[],,NOT_OBSERVED_IN_THIS_TASK,True,NOT_RUN,,NOT_VERIFIED,none,Selected Instagram Login Insights permission/metric contract needs accessible primary documentation; Meta returned 429. Engineering must not qualify this row as READY.,https://www.postman.com/meta/instagram/folder/1z5vxzu/instagram-api-with-instagram-login,2026-10-05,fbbf0a93a4ff8cedf2a60fe4b5e4101dd5c8eabb54e8b65ef046b26e0a74550e,BLOCKED — OFFICIAL AUDIT UNAVAILABLE
instagram,account_insights,audit_unavailable,GET /{user|media}/insights,analytics,"[""instagram_business_basic"", ""instagram_business_manage_insights""]",[],instagram_login,owned professional account/media,Meta Instagram Login professional-account app; Standard for own role accounts versus reviewed Advanced Access for ordinary users.,NOT_VERIFIED,[],,NOT_OBSERVED_IN_THIS_TASK,True,NOT_RUN,,NOT_VERIFIED,none,Selected Instagram Login Insights permission/metric contract needs accessible primary documentation; Meta returned 429. Engineering must not qualify this row as READY.,https://www.postman.com/meta/instagram/folder/1z5vxzu/instagram-api-with-instagram-login,2026-10-05,fbbf0a93a4ff8cedf2a60fe4b5e4101dd5c8eabb54e8b65ef046b26e0a74550e,BLOCKED — OFFICIAL AUDIT UNAVAILABLE
instagram,reel_insights,audit_unavailable,GET /{user|media}/insights,analytics,"[""instagram_business_basic"", ""instagram_business_manage_insights""]",[],instagram_login,owned professional account/media,Meta Instagram Login professional-account app; Standard for own role accounts versus reviewed Advanced Access for ordinary users.,NOT_VERIFIED,[],,NOT_OBSERVED_IN_THIS_TASK,True,NOT_RUN,,NOT_VERIFIED,none,Selected Instagram Login Insights permission/metric contract needs accessible primary documentation; Meta returned 429. Engineering must not qualify this row as READY.,https://www.postman.com/meta/instagram/folder/1z5vxzu/instagram-api-with-instagram-login,2026-10-05,fbbf0a93a4ff8cedf2a60fe4b5e4101dd5c8eabb54e8b65ef046b26e0a74550e,BLOCKED — OFFICIAL AUDIT UNAVAILABLE
instagram,messaging,documented,Messenger for Instagram /{user}/messages,messaging,"[""instagram_business_basic"", ""instagram_business_manage_messages""]",[],instagram_messaging,professional account,Separate intentional messaging enablement and Meta messaging review.,NOT_VERIFIED,[],,NOT_OBSERVED_IN_THIS_TASK,False,NOT_RUN,,NOT_VERIFIED,none,Separate intentional enablement and review. No outbound automation added.,https://www.postman.com/meta/instagram/folder/1z5vxzu/instagram-api-with-instagram-login,2026-10-05,fbbf0a93a4ff8cedf2a60fe4b5e4101dd5c8eabb54e8b65ef046b26e0a74550e,"NOT PRODUCTION READY — approvals, actual grant, eligibility and live E2E unverified"
instagram,edit,audit_unavailable,contract not verified,identity,[],[],instagram_login,professional account,Meta Instagram Login professional-account app; Standard for own role accounts versus reviewed Advanced Access for ordinary users.,NOT_VERIFIED,[],,NOT_OBSERVED_IN_THIS_TASK,False,NOT_RUN,,NOT_VERIFIED,none,Selected Login path write contract must be verified; SDK method existence alone is not authorization.,https://www.postman.com/meta/instagram/folder/1z5vxzu/instagram-api-with-instagram-login,2026-10-05,fbbf0a93a4ff8cedf2a60fe4b5e4101dd5c8eabb54e8b65ef046b26e0a74550e,BLOCKED — OFFICIAL AUDIT UNAVAILABLE
instagram,delete,audit_unavailable,contract not verified,identity,[],[],instagram_login,professional account,Meta Instagram Login professional-account app; Standard for own role accounts versus reviewed Advanced Access for ordinary users.,NOT_VERIFIED,[],,NOT_OBSERVED_IN_THIS_TASK,False,NOT_RUN,,NOT_VERIFIED,none,Selected Login path write contract must be verified; SDK method existence alone is not authorization.,https://www.postman.com/meta/instagram/folder/1z5vxzu/instagram-api-with-instagram-login,2026-10-05,fbbf0a93a4ff8cedf2a60fe4b5e4101dd5c8eabb54e8b65ef046b26e0a74550e,BLOCKED — OFFICIAL AUDIT UNAVAILABLE
instagram,location_tag,unsupported,none,identity,[],[],none,none,Not applicable: no supported authoring contract.,NOT_VERIFIED,[],,NOT_OBSERVED_IN_THIS_TASK,False,NOT_RUN,,NOT_VERIFIED,none,The selected Instagram Login official collection excludes tagging and ads.,https://www.postman.com/meta/instagram/folder/1z5vxzu/instagram-api-with-instagram-login,2026-10-05,fbbf0a93a4ff8cedf2a60fe4b5e4101dd5c8eabb54e8b65ef046b26e0a74550e,UNSUPPORTED BY OFFICIAL API
instagram,product_tag,unsupported,none,identity,[],[],none,none,Not applicable: no supported authoring contract.,NOT_VERIFIED,[],,NOT_OBSERVED_IN_THIS_TASK,False,NOT_RUN,,NOT_VERIFIED,none,The selected Instagram Login official collection excludes tagging and ads.,https://www.postman.com/meta/instagram/folder/1z5vxzu/instagram-api-with-instagram-login,2026-10-05,fbbf0a93a4ff8cedf2a60fe4b5e4101dd5c8eabb54e8b65ef046b26e0a74550e,UNSUPPORTED BY OFFICIAL API
facebook,connected_person,documented,"GET /me; GET /me/accounts?fields=id,name,tasks,access_token",identity,"[""pages_show_list""]",[],facebook_login_business,managed Page,Facebook Login for Business; reviewed Page discovery permissions/configuration.,NOT_VERIFIED,[],,NOT_OBSERVED_IN_THIS_TASK,True,NOT_RUN,,NOT_VERIFIED,none,,https://developers.facebook.com/docs/pages-api/,2026-10-05,fbbf0a93a4ff8cedf2a60fe4b5e4101dd5c8eabb54e8b65ef046b26e0a74550e,"NOT PRODUCTION READY — approvals, actual grant, eligibility and live E2E unverified"
facebook,page_selected,documented,"GET /me; GET /me/accounts?fields=id,name,tasks,access_token",identity,"[""pages_show_list""]",[],facebook_login_business,managed Page,Facebook Login for Business; reviewed Page discovery permissions/configuration.,NOT_VERIFIED,[],,NOT_OBSERVED_IN_THIS_TASK,True,NOT_RUN,,NOT_VERIFIED,none,,https://developers.facebook.com/docs/pages-api/,2026-10-05,fbbf0a93a4ff8cedf2a60fe4b5e4101dd5c8eabb54e8b65ef046b26e0a74550e,"NOT PRODUCTION READY — approvals, actual grant, eligibility and live E2E unverified"
facebook,page_identity,documented,"GET /me; GET /me/accounts?fields=id,name,tasks,access_token",identity,"[""pages_show_list""]",[],facebook_login_business,managed Page,Facebook Login for Business; reviewed Page discovery permissions/configuration.,NOT_VERIFIED,[],,NOT_OBSERVED_IN_THIS_TASK,True,NOT_RUN,,NOT_VERIFIED,none,,https://developers.facebook.com/docs/pages-api/,2026-10-05,fbbf0a93a4ff8cedf2a60fe4b5e4101dd5c8eabb54e8b65ef046b26e0a74550e,"NOT PRODUCTION READY — approvals, actual grant, eligibility and live E2E unverified"
facebook,page_roles,documented,"GET /me; GET /me/accounts?fields=id,name,tasks,access_token",identity,"[""pages_show_list""]",[],facebook_login_business,managed Page,Facebook Login for Business; reviewed Page discovery permissions/configuration.,NOT_VERIFIED,[],,NOT_OBSERVED_IN_THIS_TASK,True,NOT_RUN,,NOT_VERIFIED,none,,https://developers.facebook.com/docs/pages-api/,2026-10-05,fbbf0a93a4ff8cedf2a60fe4b5e4101dd5c8eabb54e8b65ef046b26e0a74550e,"NOT PRODUCTION READY — approvals, actual grant, eligibility and live E2E unverified"
facebook,page_publish,documented,POST /{page}/feed|photos|videos|video_reels|photo_stories|video_stories; POST|DELETE /{post},publish,"[""pages_show_list"", ""pages_read_engagement"", ""pages_manage_posts""]",[],pages,Page with CREATE_CONTENT,Meta reviewed Page permissions; business verification/use case and current Page task as applicable.,NOT_VERIFIED,[],,NOT_OBSERVED_IN_THIS_TASK,True,NOT_RUN,,NOT_VERIFIED,per_format,"Native feed scheduling; Reels use start/upload/status/finish. Current SDK confirms Story endpoints, but ordinary-account live eligibility remains unverified.",https://developers.facebook.com/docs/pages-api/,2026-10-05,fbbf0a93a4ff8cedf2a60fe4b5e4101dd5c8eabb54e8b65ef046b26e0a74550e,"NOT PRODUCTION READY — approvals, actual grant, eligibility and live E2E unverified"
facebook,text,documented,POST /{page}/feed|photos|videos|video_reels|photo_stories|video_stories; POST|DELETE /{post},publish,"[""pages_show_list"", ""pages_read_engagement"", ""pages_manage_posts""]",[],pages,Page with CREATE_CONTENT,Meta reviewed Page permissions; business verification/use case and current Page task as applicable.,NOT_VERIFIED,[],,NOT_OBSERVED_IN_THIS_TASK,True,NOT_RUN,,NOT_VERIFIED,per_format,"Native feed scheduling; Reels use start/upload/status/finish. Current SDK confirms Story endpoints, but ordinary-account live eligibility remains unverified.",https://developers.facebook.com/docs/pages-api/,2026-10-05,fbbf0a93a4ff8cedf2a60fe4b5e4101dd5c8eabb54e8b65ef046b26e0a74550e,"NOT PRODUCTION READY — approvals, actual grant, eligibility and live E2E unverified"
facebook,link,documented,POST /{page}/feed|photos|videos|video_reels|photo_stories|video_stories; POST|DELETE /{post},publish,"[""pages_show_list"", ""pages_read_engagement"", ""pages_manage_posts""]",[],pages,Page with CREATE_CONTENT,Meta reviewed Page permissions; business verification/use case and current Page task as applicable.,NOT_VERIFIED,[],,NOT_OBSERVED_IN_THIS_TASK,True,NOT_RUN,,NOT_VERIFIED,per_format,"Native feed scheduling; Reels use start/upload/status/finish. Current SDK confirms Story endpoints, but ordinary-account live eligibility remains unverified.",https://developers.facebook.com/docs/pages-api/,2026-10-05,fbbf0a93a4ff8cedf2a60fe4b5e4101dd5c8eabb54e8b65ef046b26e0a74550e,"NOT PRODUCTION READY — approvals, actual grant, eligibility and live E2E unverified"
facebook,photo,documented,POST /{page}/feed|photos|videos|video_reels|photo_stories|video_stories; POST|DELETE /{post},publish,"[""pages_show_list"", ""pages_read_engagement"", ""pages_manage_posts""]",[],pages,Page with CREATE_CONTENT,Meta reviewed Page permissions; business verification/use case and current Page task as applicable.,NOT_VERIFIED,[],,NOT_OBSERVED_IN_THIS_TASK,True,NOT_RUN,,NOT_VERIFIED,per_format,"Native feed scheduling; Reels use start/upload/status/finish. Current SDK confirms Story endpoints, but ordinary-account live eligibility remains unverified.",https://developers.facebook.com/docs/pages-api/,2026-10-05,fbbf0a93a4ff8cedf2a60fe4b5e4101dd5c8eabb54e8b65ef046b26e0a74550e,"NOT PRODUCTION READY — approvals, actual grant, eligibility and live E2E unverified"
facebook,multi_photo,documented,POST /{page}/feed|photos|videos|video_reels|photo_stories|video_stories; POST|DELETE /{post},publish,"[""pages_show_list"", ""pages_read_engagement"", ""pages_manage_posts""]",[],pages,Page with CREATE_CONTENT,Meta reviewed Page permissions; business verification/use case and current Page task as applicable.,NOT_VERIFIED,[],,NOT_OBSERVED_IN_THIS_TASK,True,NOT_RUN,,NOT_VERIFIED,per_format,"Native feed scheduling; Reels use start/upload/status/finish. Current SDK confirms Story endpoints, but ordinary-account live eligibility remains unverified.",https://developers.facebook.com/docs/pages-api/,2026-10-05,fbbf0a93a4ff8cedf2a60fe4b5e4101dd5c8eabb54e8b65ef046b26e0a74550e,"NOT PRODUCTION READY — approvals, actual grant, eligibility and live E2E unverified"
facebook,video,documented,POST /{page}/feed|photos|videos|video_reels|photo_stories|video_stories; POST|DELETE /{post},publish,"[""pages_show_list"", ""pages_read_engagement"", ""pages_manage_posts""]",[],pages,Page with CREATE_CONTENT,Meta reviewed Page permissions; business verification/use case and current Page task as applicable.,NOT_VERIFIED,[],,NOT_OBSERVED_IN_THIS_TASK,True,NOT_RUN,,NOT_VERIFIED,per_format,"Native feed scheduling; Reels use start/upload/status/finish. Current SDK confirms Story endpoints, but ordinary-account live eligibility remains unverified.",https://developers.facebook.com/docs/pages-api/,2026-10-05,fbbf0a93a4ff8cedf2a60fe4b5e4101dd5c8eabb54e8b65ef046b26e0a74550e,"NOT PRODUCTION READY — approvals, actual grant, eligibility and live E2E unverified"
facebook,reel,documented,POST /{page}/feed|photos|videos|video_reels|photo_stories|video_stories; POST|DELETE /{post},publish,"[""pages_show_list"", ""pages_read_engagement"", ""pages_manage_posts""]",[],pages,Page with CREATE_CONTENT,Meta reviewed Page permissions; business verification/use case and current Page task as applicable.,NOT_VERIFIED,[],,NOT_OBSERVED_IN_THIS_TASK,True,NOT_RUN,,NOT_VERIFIED,per_format,"Native feed scheduling; Reels use start/upload/status/finish. Current SDK confirms Story endpoints, but ordinary-account live eligibility remains unverified.",https://developers.facebook.com/docs/pages-api/,2026-10-05,fbbf0a93a4ff8cedf2a60fe4b5e4101dd5c8eabb54e8b65ef046b26e0a74550e,"NOT PRODUCTION READY — approvals, actual grant, eligibility and live E2E unverified"
facebook,story,documented,POST /{page}/feed|photos|videos|video_reels|photo_stories|video_stories; POST|DELETE /{post},publish,"[""pages_show_list"", ""pages_read_engagement"", ""pages_manage_posts""]",[],pages,Page with CREATE_CONTENT,Meta reviewed Page permissions; business verification/use case and current Page task as applicable.,NOT_VERIFIED,[],,NOT_OBSERVED_IN_THIS_TASK,True,NOT_RUN,,NOT_VERIFIED,per_format,"Native feed scheduling; Reels use start/upload/status/finish. Current SDK confirms Story endpoints, but ordinary-account live eligibility remains unverified.",https://developers.facebook.com/docs/pages-api/,2026-10-05,fbbf0a93a4ff8cedf2a60fe4b5e4101dd5c8eabb54e8b65ef046b26e0a74550e,"NOT PRODUCTION READY — approvals, actual grant, eligibility and live E2E unverified"
facebook,schedule,documented,POST /{page}/feed|photos|videos|video_reels|photo_stories|video_stories; POST|DELETE /{post},publish,"[""pages_show_list"", ""pages_read_engagement"", ""pages_manage_posts""]",[],pages,Page with CREATE_CONTENT,Meta reviewed Page permissions; business verification/use case and current Page task as applicable.,NOT_VERIFIED,[],,NOT_OBSERVED_IN_THIS_TASK,True,NOT_RUN,,NOT_VERIFIED,per_format,"Native feed scheduling; Reels use start/upload/status/finish. Current SDK confirms Story endpoints, but ordinary-account live eligibility remains unverified.",https://developers.facebook.com/docs/pages-api/,2026-10-05,fbbf0a93a4ff8cedf2a60fe4b5e4101dd5c8eabb54e8b65ef046b26e0a74550e,"NOT PRODUCTION READY — approvals, actual grant, eligibility and live E2E unverified"
facebook,edit,documented,POST /{page}/feed|photos|videos|video_reels|photo_stories|video_stories; POST|DELETE /{post},publish,"[""pages_show_list"", ""pages_read_engagement"", ""pages_manage_posts""]",[],pages,Page with CREATE_CONTENT,Meta reviewed Page permissions; business verification/use case and current Page task as applicable.,NOT_VERIFIED,[],,NOT_OBSERVED_IN_THIS_TASK,True,NOT_RUN,,NOT_VERIFIED,per_format,"Native feed scheduling; Reels use start/upload/status/finish. Current SDK confirms Story endpoints, but ordinary-account live eligibility remains unverified.",https://developers.facebook.com/docs/pages-api/,2026-10-05,fbbf0a93a4ff8cedf2a60fe4b5e4101dd5c8eabb54e8b65ef046b26e0a74550e,"NOT PRODUCTION READY — approvals, actual grant, eligibility and live E2E unverified"
facebook,delete,documented,POST /{page}/feed|photos|videos|video_reels|photo_stories|video_stories; POST|DELETE /{post},publish,"[""pages_show_list"", ""pages_read_engagement"", ""pages_manage_posts""]",[],pages,Page with CREATE_CONTENT,Meta reviewed Page permissions; business verification/use case and current Page task as applicable.,NOT_VERIFIED,[],,NOT_OBSERVED_IN_THIS_TASK,True,NOT_RUN,,NOT_VERIFIED,per_format,"Native feed scheduling; Reels use start/upload/status/finish. Current SDK confirms Story endpoints, but ordinary-account live eligibility remains unverified.",https://developers.facebook.com/docs/pages-api/,2026-10-05,fbbf0a93a4ff8cedf2a60fe4b5e4101dd5c8eabb54e8b65ef046b26e0a74550e,"NOT PRODUCTION READY — approvals, actual grant, eligibility and live E2E unverified"
facebook,comments,documented,GET /{post}/comments,comments_read,"[""pages_show_list"", ""pages_read_engagement"", ""pages_read_user_content""]",[],pages,Page with MODERATE,Meta reviewed Page permissions; business verification/use case and current Page task as applicable.,NOT_VERIFIED,[],,NOT_OBSERVED_IN_THIS_TASK,True,NOT_RUN,,NOT_VERIFIED,none,,https://developers.facebook.com/docs/pages-api/,2026-10-05,fbbf0a93a4ff8cedf2a60fe4b5e4101dd5c8eabb54e8b65ef046b26e0a74550e,"NOT PRODUCTION READY — approvals, actual grant, eligibility and live E2E unverified"
facebook,reactions,documented,GET /{post}/reactions,identity,"[""pages_show_list"", ""pages_read_engagement""]",[],pages,selected authorized Page,Meta reviewed Page permissions; business verification/use case and current Page task as applicable.,NOT_VERIFIED,[],,NOT_OBSERVED_IN_THIS_TASK,True,NOT_RUN,,NOT_VERIFIED,none,,https://developers.facebook.com/docs/pages-api/,2026-10-05,fbbf0a93a4ff8cedf2a60fe4b5e4101dd5c8eabb54e8b65ef046b26e0a74550e,"NOT PRODUCTION READY — approvals, actual grant, eligibility and live E2E unverified"
facebook,reply,documented,POST /{comment}/comments,reply,"[""pages_show_list"", ""pages_read_engagement"", ""pages_manage_engagement""]",[],pages,Page with MODERATE,Meta reviewed Page permissions; business verification/use case and current Page task as applicable.,NOT_VERIFIED,[],,NOT_OBSERVED_IN_THIS_TASK,True,NOT_RUN,,NOT_VERIFIED,none,,https://developers.facebook.com/docs/pages-api/,2026-10-05,fbbf0a93a4ff8cedf2a60fe4b5e4101dd5c8eabb54e8b65ef046b26e0a74550e,"NOT PRODUCTION READY — approvals, actual grant, eligibility and live E2E unverified"
facebook,moderation,documented,POST|DELETE /{comment},moderate,"[""pages_show_list"", ""pages_read_engagement"", ""pages_manage_engagement""]",[],pages,Page with MODERATE,Meta reviewed Page permissions; business verification/use case and current Page task as applicable.,NOT_VERIFIED,[],,NOT_OBSERVED_IN_THIS_TASK,True,NOT_RUN,,NOT_VERIFIED,none,,https://developers.facebook.com/docs/pages-api/,2026-10-05,fbbf0a93a4ff8cedf2a60fe4b5e4101dd5c8eabb54e8b65ef046b26e0a74550e,"NOT PRODUCTION READY — approvals, actual grant, eligibility and live E2E unverified"
facebook,insights,documented,GET /{page|post|video}/insights,analytics,"[""pages_read_engagement"", ""read_insights""]",[],pages,Page with ANALYZE,Meta reviewed Page permissions; business verification/use case and current Page task as applicable.,NOT_VERIFIED,[],,NOT_OBSERVED_IN_THIS_TASK,True,NOT_RUN,,NOT_VERIFIED,none,Version-specific metric availability must be revalidated; do not use removed metrics.,https://developers.facebook.com/docs/pages-api/,2026-10-05,fbbf0a93a4ff8cedf2a60fe4b5e4101dd5c8eabb54e8b65ef046b26e0a74550e,"NOT PRODUCTION READY — approvals, actual grant, eligibility and live E2E unverified"
facebook,messaging,documented,Messenger /{page}/messages,messaging,"[""pages_messaging""]",[],messenger,Page with MESSAGING,Separately enabled Page Messenger product/review; never requested by publishing.,NOT_VERIFIED,[],,NOT_OBSERVED_IN_THIS_TASK,False,NOT_RUN,,NOT_VERIFIED,none,,https://developers.facebook.com/docs/pages-api/,2026-10-05,fbbf0a93a4ff8cedf2a60fe4b5e4101dd5c8eabb54e8b65ef046b26e0a74550e,"NOT PRODUCTION READY — approvals, actual grant, eligibility and live E2E unverified"
facebook,personal_timeline_publish,unsupported,none,identity,[],[],none,none,Not applicable: no supported authoring contract.,NOT_VERIFIED,[],,NOT_OBSERVED_IN_THIS_TASK,False,NOT_RUN,,NOT_VERIFIED,none,UNSUPPORTED BY OFFICIAL API for this app: personal timelines are not Page destinations.,https://developers.facebook.com/docs/pages-api/,2026-10-05,fbbf0a93a4ff8cedf2a60fe4b5e4101dd5c8eabb54e8b65ef046b26e0a74550e,UNSUPPORTED BY OFFICIAL API
x,connected,documented,GET /2/users/me,identity,"[""users.read"", ""tweet.read"", ""offline.access""]",[],x_api,X account,"Official pay-per-use access, app/scopes, credits and separately approved endpoint cost ceiling.",NOT_VERIFIED,[],,NOT_OBSERVED_IN_THIS_TASK,True,NOT_RUN,,NOT_VERIFIED,none,,https://docs.x.com/openapi.json,2026-10-05,fbbf0a93a4ff8cedf2a60fe4b5e4101dd5c8eabb54e8b65ef046b26e0a74550e,"NOT PRODUCTION READY — approvals, actual grant, eligibility and live E2E unverified"
x,identity,documented,GET /2/users/me,identity,"[""users.read"", ""tweet.read"", ""offline.access""]",[],x_api,X account,"Official pay-per-use access, app/scopes, credits and separately approved endpoint cost ceiling.",NOT_VERIFIED,[],,NOT_OBSERVED_IN_THIS_TASK,True,NOT_RUN,,NOT_VERIFIED,none,,https://docs.x.com/openapi.json,2026-10-05,fbbf0a93a4ff8cedf2a60fe4b5e4101dd5c8eabb54e8b65ef046b26e0a74550e,"NOT PRODUCTION READY — approvals, actual grant, eligibility and live E2E unverified"
x,publish,documented,POST /2/tweets; DELETE /2/tweets/{id},publish,"[""users.read"", ""tweet.read"", ""tweet.write"", ""offline.access""]",[],x_api,account with credits and endpoint access,"Official pay-per-use access, app/scopes, credits and separately approved endpoint cost ceiling.",NOT_VERIFIED,[],,NOT_OBSERVED_IN_THIS_TASK,True,NOT_RUN,,NOT_VERIFIED,rafii,Editing depends on provider edit_controls. Calls are metered; an approved budget is required.,https://docs.x.com/openapi.json,2026-10-05,fbbf0a93a4ff8cedf2a60fe4b5e4101dd5c8eabb54e8b65ef046b26e0a74550e,"NOT PRODUCTION READY — approvals, actual grant, eligibility and live E2E unverified"
x,text,documented,POST /2/tweets; DELETE /2/tweets/{id},publish,"[""users.read"", ""tweet.read"", ""tweet.write"", ""offline.access""]",[],x_api,account with credits and endpoint access,"Official pay-per-use access, app/scopes, credits and separately approved endpoint cost ceiling.",NOT_VERIFIED,[],,NOT_OBSERVED_IN_THIS_TASK,True,NOT_RUN,,NOT_VERIFIED,rafii,Editing depends on provider edit_controls. Calls are metered; an approved budget is required.,https://docs.x.com/openapi.json,2026-10-05,fbbf0a93a4ff8cedf2a60fe4b5e4101dd5c8eabb54e8b65ef046b26e0a74550e,"NOT PRODUCTION READY — approvals, actual grant, eligibility and live E2E unverified"
x,reply,documented,POST /2/tweets; DELETE /2/tweets/{id},publish,"[""users.read"", ""tweet.read"", ""tweet.write"", ""offline.access""]",[],x_api,account with credits and endpoint access,"Official pay-per-use access, app/scopes, credits and separately approved endpoint cost ceiling.",NOT_VERIFIED,[],,NOT_OBSERVED_IN_THIS_TASK,True,NOT_RUN,,NOT_VERIFIED,rafii,Editing depends on provider edit_controls. Calls are metered; an approved budget is required.,https://docs.x.com/openapi.json,2026-10-05,fbbf0a93a4ff8cedf2a60fe4b5e4101dd5c8eabb54e8b65ef046b26e0a74550e,"NOT PRODUCTION READY — approvals, actual grant, eligibility and live E2E unverified"
x,quote,documented,POST /2/tweets; DELETE /2/tweets/{id},publish,"[""users.read"", ""tweet.read"", ""tweet.write"", ""offline.access""]",[],x_enterprise,approved Enterprise API contract; actual member grant and cost budget,Quote creation requires verified X Enterprise access; self-serve pay-per-use excludes quote_tweet_id.,NOT_VERIFIED,[],,NOT_OBSERVED_IN_THIS_TASK,True,NOT_RUN,,NOT_VERIFIED,rafii,Official create-post documentation excludes quote_tweet_id from self-serve pay-per-use. BLOCKED — X ENTERPRISE ACCESS until verified.,https://docs.x.com/openapi.json,2026-10-05,fbbf0a93a4ff8cedf2a60fe4b5e4101dd5c8eabb54e8b65ef046b26e0a74550e,BLOCKED — X ENTERPRISE ACCESS
x,thread,documented,POST /2/tweets; DELETE /2/tweets/{id},publish,"[""users.read"", ""tweet.read"", ""tweet.write"", ""offline.access""]",[],x_api,account with credits and endpoint access,"Official pay-per-use access, app/scopes, credits and separately approved endpoint cost ceiling.",NOT_VERIFIED,[],,NOT_OBSERVED_IN_THIS_TASK,True,NOT_RUN,,NOT_VERIFIED,rafii,Editing depends on provider edit_controls. Calls are metered; an approved budget is required.,https://docs.x.com/openapi.json,2026-10-05,fbbf0a93a4ff8cedf2a60fe4b5e4101dd5c8eabb54e8b65ef046b26e0a74550e,"NOT PRODUCTION READY — approvals, actual grant, eligibility and live E2E unverified"
x,poll,documented,POST /2/tweets; DELETE /2/tweets/{id},publish,"[""users.read"", ""tweet.read"", ""tweet.write"", ""offline.access""]",[],x_api,account with credits and endpoint access,"Official pay-per-use access, app/scopes, credits and separately approved endpoint cost ceiling.",NOT_VERIFIED,[],,NOT_OBSERVED_IN_THIS_TASK,True,NOT_RUN,,NOT_VERIFIED,rafii,Editing depends on provider edit_controls. Calls are metered; an approved budget is required.,https://docs.x.com/openapi.json,2026-10-05,fbbf0a93a4ff8cedf2a60fe4b5e4101dd5c8eabb54e8b65ef046b26e0a74550e,"NOT PRODUCTION READY — approvals, actual grant, eligibility and live E2E unverified"
x,edit,documented,POST /2/tweets; DELETE /2/tweets/{id},publish,"[""users.read"", ""tweet.read"", ""tweet.write"", ""offline.access""]",[],x_api,account with credits and endpoint access,"Official pay-per-use access, app/scopes, credits and separately approved endpoint cost ceiling.",NOT_VERIFIED,[],,NOT_OBSERVED_IN_THIS_TASK,True,NOT_RUN,,NOT_VERIFIED,rafii,Editing depends on provider edit_controls. Calls are metered; an approved budget is required.,https://docs.x.com/openapi.json,2026-10-05,fbbf0a93a4ff8cedf2a60fe4b5e4101dd5c8eabb54e8b65ef046b26e0a74550e,"NOT PRODUCTION READY — approvals, actual grant, eligibility and live E2E unverified"
x,delete,documented,POST /2/tweets; DELETE /2/tweets/{id},publish,"[""users.read"", ""tweet.read"", ""tweet.write"", ""offline.access""]",[],x_api,account with credits and endpoint access,"Official pay-per-use access, app/scopes, credits and separately approved endpoint cost ceiling.",NOT_VERIFIED,[],,NOT_OBSERVED_IN_THIS_TASK,True,NOT_RUN,,NOT_VERIFIED,rafii,Editing depends on provider edit_controls. Calls are metered; an approved budget is required.,https://docs.x.com/openapi.json,2026-10-05,fbbf0a93a4ff8cedf2a60fe4b5e4101dd5c8eabb54e8b65ef046b26e0a74550e,"NOT PRODUCTION READY — approvals, actual grant, eligibility and live E2E unverified"
x,schedule,documented,POST /2/tweets; DELETE /2/tweets/{id},publish,"[""users.read"", ""tweet.read"", ""tweet.write"", ""offline.access""]",[],x_api,account with credits and endpoint access,"Official pay-per-use access, app/scopes, credits and separately approved endpoint cost ceiling.",NOT_VERIFIED,[],,NOT_OBSERVED_IN_THIS_TASK,True,NOT_RUN,,NOT_VERIFIED,rafii,Editing depends on provider edit_controls. Calls are metered; an approved budget is required.,https://docs.x.com/openapi.json,2026-10-05,fbbf0a93a4ff8cedf2a60fe4b5e4101dd5c8eabb54e8b65ef046b26e0a74550e,"NOT PRODUCTION READY — approvals, actual grant, eligibility and live E2E unverified"
x,image,documented,POST /2/media/upload; /2/media/upload/initialize; /{id}/append; /{id}/finalize; GET /2/media/upload; POST /2/media/metadata,publish,"[""users.read"", ""tweet.read"", ""tweet.write"", ""media.write"", ""offline.access""]",[],x_api,account with media access and credits,"Official pay-per-use access, app/scopes, credits and separately approved endpoint cost ceiling.",NOT_VERIFIED,[],,NOT_OBSERVED_IN_THIS_TASK,True,NOT_RUN,,NOT_VERIFIED,none,,https://docs.x.com/openapi.json,2026-10-05,fbbf0a93a4ff8cedf2a60fe4b5e4101dd5c8eabb54e8b65ef046b26e0a74550e,"NOT PRODUCTION READY — approvals, actual grant, eligibility and live E2E unverified"
x,multi_image,documented,POST /2/media/upload; /2/media/upload/initialize; /{id}/append; /{id}/finalize; GET /2/media/upload; POST /2/media/metadata,publish,"[""users.read"", ""tweet.read"", ""tweet.write"", ""media.write"", ""offline.access""]",[],x_api,account with media access and credits,"Official pay-per-use access, app/scopes, credits and separately approved endpoint cost ceiling.",NOT_VERIFIED,[],,NOT_OBSERVED_IN_THIS_TASK,True,NOT_RUN,,NOT_VERIFIED,none,,https://docs.x.com/openapi.json,2026-10-05,fbbf0a93a4ff8cedf2a60fe4b5e4101dd5c8eabb54e8b65ef046b26e0a74550e,"NOT PRODUCTION READY — approvals, actual grant, eligibility and live E2E unverified"
x,gif,documented,POST /2/media/upload; /2/media/upload/initialize; /{id}/append; /{id}/finalize; GET /2/media/upload; POST /2/media/metadata,publish,"[""users.read"", ""tweet.read"", ""tweet.write"", ""media.write"", ""offline.access""]",[],x_api,account with media access and credits,"Official pay-per-use access, app/scopes, credits and separately approved endpoint cost ceiling.",NOT_VERIFIED,[],,NOT_OBSERVED_IN_THIS_TASK,True,NOT_RUN,,NOT_VERIFIED,none,,https://docs.x.com/openapi.json,2026-10-05,fbbf0a93a4ff8cedf2a60fe4b5e4101dd5c8eabb54e8b65ef046b26e0a74550e,"NOT PRODUCTION READY — approvals, actual grant, eligibility and live E2E unverified"
x,video,documented,POST /2/media/upload; /2/media/upload/initialize; /{id}/append; /{id}/finalize; GET /2/media/upload; POST /2/media/metadata,publish,"[""users.read"", ""tweet.read"", ""tweet.write"", ""media.write"", ""offline.access""]",[],x_api,account with media access and credits,"Official pay-per-use access, app/scopes, credits and separately approved endpoint cost ceiling.",NOT_VERIFIED,[],,NOT_OBSERVED_IN_THIS_TASK,True,NOT_RUN,,NOT_VERIFIED,none,,https://docs.x.com/openapi.json,2026-10-05,fbbf0a93a4ff8cedf2a60fe4b5e4101dd5c8eabb54e8b65ef046b26e0a74550e,"NOT PRODUCTION READY — approvals, actual grant, eligibility and live E2E unverified"
x,alt_text,documented,POST /2/media/upload; /2/media/upload/initialize; /{id}/append; /{id}/finalize; GET /2/media/upload; POST /2/media/metadata,publish,"[""users.read"", ""tweet.read"", ""tweet.write"", ""media.write"", ""offline.access""]",[],x_api,account with media access and credits,"Official pay-per-use access, app/scopes, credits and separately approved endpoint cost ceiling.",NOT_VERIFIED,[],,NOT_OBSERVED_IN_THIS_TASK,True,NOT_RUN,,NOT_VERIFIED,none,,https://docs.x.com/openapi.json,2026-10-05,fbbf0a93a4ff8cedf2a60fe4b5e4101dd5c8eabb54e8b65ef046b26e0a74550e,"NOT PRODUCTION READY — approvals, actual grant, eligibility and live E2E unverified"
x,post_read,documented,GET /2/tweets/{id}; GET /2/tweets/search/recent,analytics,"[""users.read"", ""tweet.read"", ""offline.access""]",[],x_api,account with read credits,"Official pay-per-use access, app/scopes, credits and separately approved endpoint cost ceiling.",NOT_VERIFIED,[],,NOT_OBSERVED_IN_THIS_TASK,True,NOT_RUN,,NOT_VERIFIED,none,Public metrics differ from owner organic/non-public metrics. Charge reads per returned resource.,https://docs.x.com/openapi.json,2026-10-05,fbbf0a93a4ff8cedf2a60fe4b5e4101dd5c8eabb54e8b65ef046b26e0a74550e,"NOT PRODUCTION READY — approvals, actual grant, eligibility and live E2E unverified"
x,conversation_read,documented,GET /2/tweets/{id}; GET /2/tweets/search/recent,analytics,"[""users.read"", ""tweet.read"", ""offline.access""]",[],x_api,account with read credits,"Official pay-per-use access, app/scopes, credits and separately approved endpoint cost ceiling.",NOT_VERIFIED,[],,NOT_OBSERVED_IN_THIS_TASK,True,NOT_RUN,,NOT_VERIFIED,none,Public metrics differ from owner organic/non-public metrics. Charge reads per returned resource.,https://docs.x.com/openapi.json,2026-10-05,fbbf0a93a4ff8cedf2a60fe4b5e4101dd5c8eabb54e8b65ef046b26e0a74550e,"NOT PRODUCTION READY — approvals, actual grant, eligibility and live E2E unverified"
x,analytics,documented,GET /2/tweets/{id}; GET /2/tweets/search/recent,analytics,"[""users.read"", ""tweet.read"", ""offline.access""]",[],x_api,account with read credits,"Official pay-per-use access, app/scopes, credits and separately approved endpoint cost ceiling.",NOT_VERIFIED,[],,NOT_OBSERVED_IN_THIS_TASK,True,NOT_RUN,,NOT_VERIFIED,none,Public metrics differ from owner organic/non-public metrics. Charge reads per returned resource.,https://docs.x.com/openapi.json,2026-10-05,fbbf0a93a4ff8cedf2a60fe4b5e4101dd5c8eabb54e8b65ef046b26e0a74550e,"NOT PRODUCTION READY — approvals, actual grant, eligibility and live E2E unverified"
x,repost,documented,POST /2/users/{id}/retweets,publish,"[""users.read"", ""tweet.read"", ""tweet.write""]",[],x_api,X account with credits,"Official pay-per-use access, app/scopes, credits and separately approved endpoint cost ceiling.",NOT_VERIFIED,[],,NOT_OBSERVED_IN_THIS_TASK,True,NOT_RUN,,NOT_VERIFIED,none,,https://docs.x.com/openapi.json,2026-10-05,fbbf0a93a4ff8cedf2a60fe4b5e4101dd5c8eabb54e8b65ef046b26e0a74550e,"NOT PRODUCTION READY — approvals, actual grant, eligibility and live E2E unverified"
x,messaging,documented,X Direct Messages API,messaging,"[""dm.read"", ""dm.write"", ""users.read"", ""tweet.read""]",[],x_api_dm,eligible X account,Separate intentional DM scopes/access; not implemented for ordinary publishing.,NOT_VERIFIED,[],,NOT_OBSERVED_IN_THIS_TASK,False,NOT_RUN,,NOT_VERIFIED,none,Separate scope and intentional product enablement; no DM execution added.,https://docs.x.com/openapi.json,2026-10-05,fbbf0a93a4ff8cedf2a60fe4b5e4101dd5c8eabb54e8b65ef046b26e0a74550e,"NOT PRODUCTION READY — approvals, actual grant, eligibility and live E2E unverified"
x,article_publish,documented,POST /2/articles/draft; POST /2/articles/{article_id}/publish,publish,"[""users.read"", ""tweet.read"", ""tweet.write""]",[],x_articles,account/app with Article authoring endpoint access and credits,"Official Article endpoint access, account eligibility, app scopes and approved cost ceiling.",NOT_VERIFIED,[],,NOT_OBSERVED_IN_THIS_TASK,True,NOT_RUN,,NOT_VERIFIED,none,Present in the current official OpenAPI; actual account/tier eligibility and live access must be proven separately.,https://docs.x.com/openapi.json,2026-10-05,fbbf0a93a4ff8cedf2a60fe4b5e4101dd5c8eabb54e8b65ef046b26e0a74550e,"NOT PRODUCTION READY — approvals, actual grant, eligibility and live E2E unverified"
youtube,connected,documented,GET /youtube/v3/channels?mine=true; GET /youtube/v3/videos,identity,"[""https://www.googleapis.com/auth/youtube.readonly""]",[],youtube_data,YouTube channel,Google OAuth verification; YouTube API compliance audit/public-upload eligibility separate; feature-specific channel eligibility.,NOT_VERIFIED,[],,NOT_OBSERVED_IN_THIS_TASK,True,NOT_RUN,,NOT_VERIFIED,none,,https://developers.google.com/youtube/v3/docs/,2026-10-05,fbbf0a93a4ff8cedf2a60fe4b5e4101dd5c8eabb54e8b65ef046b26e0a74550e,"NOT PRODUCTION READY — approvals, actual grant, eligibility and live E2E unverified"
youtube,channel_identity,documented,GET /youtube/v3/channels?mine=true; GET /youtube/v3/videos,identity,"[""https://www.googleapis.com/auth/youtube.readonly""]",[],youtube_data,YouTube channel,Google OAuth verification; YouTube API compliance audit/public-upload eligibility separate; feature-specific channel eligibility.,NOT_VERIFIED,[],,NOT_OBSERVED_IN_THIS_TASK,True,NOT_RUN,,NOT_VERIFIED,none,,https://developers.google.com/youtube/v3/docs/,2026-10-05,fbbf0a93a4ff8cedf2a60fe4b5e4101dd5c8eabb54e8b65ef046b26e0a74550e,"NOT PRODUCTION READY — approvals, actual grant, eligibility and live E2E unverified"
youtube,media_read,documented,GET /youtube/v3/channels?mine=true; GET /youtube/v3/videos,identity,"[""https://www.googleapis.com/auth/youtube.readonly""]",[],youtube_data,YouTube channel,Google OAuth verification; YouTube API compliance audit/public-upload eligibility separate; feature-specific channel eligibility.,NOT_VERIFIED,[],,NOT_OBSERVED_IN_THIS_TASK,True,NOT_RUN,,NOT_VERIFIED,none,,https://developers.google.com/youtube/v3/docs/,2026-10-05,fbbf0a93a4ff8cedf2a60fe4b5e4101dd5c8eabb54e8b65ef046b26e0a74550e,"NOT PRODUCTION READY — approvals, actual grant, eligibility and live E2E unverified"
youtube,video,documented,POST /upload/youtube/v3/videos?uploadType=resumable,publish,"[""https://www.googleapis.com/auth/youtube.upload""]",[],youtube_data,YouTube channel; public uploads require compliance audit,Google OAuth verification; YouTube API compliance audit/public-upload eligibility separate; feature-specific channel eligibility.,NOT_VERIFIED,[],,NOT_OBSERVED_IN_THIS_TASK,True,NOT_RUN,,NOT_VERIFIED,native_publishAt,Shorts use videos.insert and current eligibility. Upload completion is not processing success.,https://developers.google.com/youtube/v3/docs/,2026-10-05,fbbf0a93a4ff8cedf2a60fe4b5e4101dd5c8eabb54e8b65ef046b26e0a74550e,"NOT PRODUCTION READY — approvals, actual grant, eligibility and live E2E unverified"
youtube,short,documented,POST /upload/youtube/v3/videos?uploadType=resumable,publish,"[""https://www.googleapis.com/auth/youtube.upload""]",[],youtube_data,YouTube channel; public uploads require compliance audit,Google OAuth verification; YouTube API compliance audit/public-upload eligibility separate; feature-specific channel eligibility.,NOT_VERIFIED,[],,NOT_OBSERVED_IN_THIS_TASK,True,NOT_RUN,,NOT_VERIFIED,native_publishAt,Shorts use videos.insert and current eligibility. Upload completion is not processing success.,https://developers.google.com/youtube/v3/docs/,2026-10-05,fbbf0a93a4ff8cedf2a60fe4b5e4101dd5c8eabb54e8b65ef046b26e0a74550e,"NOT PRODUCTION READY — approvals, actual grant, eligibility and live E2E unverified"
youtube,schedule,documented,POST /upload/youtube/v3/videos?uploadType=resumable,publish,"[""https://www.googleapis.com/auth/youtube.upload""]",[],youtube_data,YouTube channel; public uploads require compliance audit,Google OAuth verification; YouTube API compliance audit/public-upload eligibility separate; feature-specific channel eligibility.,NOT_VERIFIED,[],,NOT_OBSERVED_IN_THIS_TASK,True,NOT_RUN,,NOT_VERIFIED,native_publishAt,Shorts use videos.insert and current eligibility. Upload completion is not processing success.,https://developers.google.com/youtube/v3/docs/,2026-10-05,fbbf0a93a4ff8cedf2a60fe4b5e4101dd5c8eabb54e8b65ef046b26e0a74550e,"NOT PRODUCTION READY — approvals, actual grant, eligibility and live E2E unverified"
youtube,disclosure,documented,POST /upload/youtube/v3/videos?uploadType=resumable,publish,"[""https://www.googleapis.com/auth/youtube.upload""]",[],youtube_data,YouTube channel; public uploads require compliance audit,Google OAuth verification; YouTube API compliance audit/public-upload eligibility separate; feature-specific channel eligibility.,NOT_VERIFIED,[],,NOT_OBSERVED_IN_THIS_TASK,True,NOT_RUN,,NOT_VERIFIED,native_publishAt,Shorts use videos.insert and current eligibility. Upload completion is not processing success.,https://developers.google.com/youtube/v3/docs/,2026-10-05,fbbf0a93a4ff8cedf2a60fe4b5e4101dd5c8eabb54e8b65ef046b26e0a74550e,"NOT PRODUCTION READY — approvals, actual grant, eligibility and live E2E unverified"
youtube,localization,documented,POST /upload/youtube/v3/videos?uploadType=resumable,publish,"[""https://www.googleapis.com/auth/youtube.upload""]",[],youtube_data,YouTube channel; public uploads require compliance audit,Google OAuth verification; YouTube API compliance audit/public-upload eligibility separate; feature-specific channel eligibility.,NOT_VERIFIED,[],,NOT_OBSERVED_IN_THIS_TASK,True,NOT_RUN,,NOT_VERIFIED,native_publishAt,Shorts use videos.insert and current eligibility. Upload completion is not processing success.,https://developers.google.com/youtube/v3/docs/,2026-10-05,fbbf0a93a4ff8cedf2a60fe4b5e4101dd5c8eabb54e8b65ef046b26e0a74550e,"NOT PRODUCTION READY — approvals, actual grant, eligibility and live E2E unverified"
youtube,thumbnail,documented,POST /upload/youtube/v3/thumbnails/set,publish,"[""https://www.googleapis.com/auth/youtube.upload""]","[[""https://www.googleapis.com/auth/youtube.force-ssl""]]",youtube_data,channel with custom thumbnails enabled,Google OAuth verification; YouTube API compliance audit/public-upload eligibility separate; feature-specific channel eligibility.,NOT_VERIFIED,[],,NOT_OBSERVED_IN_THIS_TASK,True,NOT_RUN,,NOT_VERIFIED,none,,https://developers.google.com/youtube/v3/docs/,2026-10-05,fbbf0a93a4ff8cedf2a60fe4b5e4101dd5c8eabb54e8b65ef046b26e0a74550e,"NOT PRODUCTION READY — approvals, actual grant, eligibility and live E2E unverified"
youtube,captions,documented,YouTube Data API v3 / Live Streaming API,manage,"[""https://www.googleapis.com/auth/youtube.force-ssl""]",[],youtube_data,channel; feature-specific live/thumbnail eligibility,Google OAuth verification; YouTube API compliance audit/public-upload eligibility separate; feature-specific channel eligibility.,NOT_VERIFIED,[],,NOT_OBSERVED_IN_THIS_TASK,True,NOT_RUN,,NOT_VERIFIED,none,,https://developers.google.com/youtube/v3/docs/,2026-10-05,fbbf0a93a4ff8cedf2a60fe4b5e4101dd5c8eabb54e8b65ef046b26e0a74550e,"NOT PRODUCTION READY — approvals, actual grant, eligibility and live E2E unverified"
youtube,playlists,documented,YouTube Data API v3 / Live Streaming API,manage,"[""https://www.googleapis.com/auth/youtube.force-ssl""]",[],youtube_data,channel; feature-specific live/thumbnail eligibility,Google OAuth verification; YouTube API compliance audit/public-upload eligibility separate; feature-specific channel eligibility.,NOT_VERIFIED,[],,NOT_OBSERVED_IN_THIS_TASK,True,NOT_RUN,,NOT_VERIFIED,none,,https://developers.google.com/youtube/v3/docs/,2026-10-05,fbbf0a93a4ff8cedf2a60fe4b5e4101dd5c8eabb54e8b65ef046b26e0a74550e,"NOT PRODUCTION READY — approvals, actual grant, eligibility and live E2E unverified"
youtube,podcast,documented,YouTube Data API v3 / Live Streaming API,manage,"[""https://www.googleapis.com/auth/youtube.force-ssl""]",[],youtube_data,channel; feature-specific live/thumbnail eligibility,Google OAuth verification; YouTube API compliance audit/public-upload eligibility separate; feature-specific channel eligibility.,NOT_VERIFIED,[],,NOT_OBSERVED_IN_THIS_TASK,True,NOT_RUN,,NOT_VERIFIED,none,,https://developers.google.com/youtube/v3/docs/,2026-10-05,fbbf0a93a4ff8cedf2a60fe4b5e4101dd5c8eabb54e8b65ef046b26e0a74550e,"NOT PRODUCTION READY — approvals, actual grant, eligibility and live E2E unverified"
youtube,comments_read,documented,GET /youtube/v3/commentThreads; GET /youtube/v3/comments,comments_read,"[""https://www.googleapis.com/auth/youtube.readonly""]",[],youtube_data,video with accessible comments,Google OAuth verification; YouTube API compliance audit/public-upload eligibility separate; feature-specific channel eligibility.,NOT_VERIFIED,[],,NOT_OBSERVED_IN_THIS_TASK,True,NOT_RUN,,NOT_VERIFIED,none,,https://developers.google.com/youtube/v3/docs/,2026-10-05,fbbf0a93a4ff8cedf2a60fe4b5e4101dd5c8eabb54e8b65ef046b26e0a74550e,"NOT PRODUCTION READY — approvals, actual grant, eligibility and live E2E unverified"
youtube,reply,documented,YouTube Data API v3 / Live Streaming API,manage,"[""https://www.googleapis.com/auth/youtube.force-ssl""]",[],youtube_data,channel; feature-specific live/thumbnail eligibility,Google OAuth verification; YouTube API compliance audit/public-upload eligibility separate; feature-specific channel eligibility.,NOT_VERIFIED,[],,NOT_OBSERVED_IN_THIS_TASK,True,NOT_RUN,,NOT_VERIFIED,none,,https://developers.google.com/youtube/v3/docs/,2026-10-05,fbbf0a93a4ff8cedf2a60fe4b5e4101dd5c8eabb54e8b65ef046b26e0a74550e,"NOT PRODUCTION READY — approvals, actual grant, eligibility and live E2E unverified"
youtube,moderation,documented,YouTube Data API v3 / Live Streaming API,manage,"[""https://www.googleapis.com/auth/youtube.force-ssl""]",[],youtube_data,channel; feature-specific live/thumbnail eligibility,Google OAuth verification; YouTube API compliance audit/public-upload eligibility separate; feature-specific channel eligibility.,NOT_VERIFIED,[],,NOT_OBSERVED_IN_THIS_TASK,True,NOT_RUN,,NOT_VERIFIED,none,,https://developers.google.com/youtube/v3/docs/,2026-10-05,fbbf0a93a4ff8cedf2a60fe4b5e4101dd5c8eabb54e8b65ef046b26e0a74550e,"NOT PRODUCTION READY — approvals, actual grant, eligibility and live E2E unverified"
youtube,edit,documented,YouTube Data API v3 / Live Streaming API,manage,"[""https://www.googleapis.com/auth/youtube.force-ssl""]",[],youtube_data,channel; feature-specific live/thumbnail eligibility,Google OAuth verification; YouTube API compliance audit/public-upload eligibility separate; feature-specific channel eligibility.,NOT_VERIFIED,[],,NOT_OBSERVED_IN_THIS_TASK,True,NOT_RUN,,NOT_VERIFIED,none,,https://developers.google.com/youtube/v3/docs/,2026-10-05,fbbf0a93a4ff8cedf2a60fe4b5e4101dd5c8eabb54e8b65ef046b26e0a74550e,"NOT PRODUCTION READY — approvals, actual grant, eligibility and live E2E unverified"
youtube,delete,documented,YouTube Data API v3 / Live Streaming API,manage,"[""https://www.googleapis.com/auth/youtube.force-ssl""]",[],youtube_data,channel; feature-specific live/thumbnail eligibility,Google OAuth verification; YouTube API compliance audit/public-upload eligibility separate; feature-specific channel eligibility.,NOT_VERIFIED,[],,NOT_OBSERVED_IN_THIS_TASK,True,NOT_RUN,,NOT_VERIFIED,none,,https://developers.google.com/youtube/v3/docs/,2026-10-05,fbbf0a93a4ff8cedf2a60fe4b5e4101dd5c8eabb54e8b65ef046b26e0a74550e,"NOT PRODUCTION READY — approvals, actual grant, eligibility and live E2E unverified"
youtube,live_broadcast,documented,YouTube Data API v3 / Live Streaming API,manage,"[""https://www.googleapis.com/auth/youtube.force-ssl""]",[],youtube_data,channel; feature-specific live/thumbnail eligibility,Google OAuth verification; YouTube API compliance audit/public-upload eligibility separate; feature-specific channel eligibility.,NOT_VERIFIED,[],,NOT_OBSERVED_IN_THIS_TASK,True,NOT_RUN,,NOT_VERIFIED,none,,https://developers.google.com/youtube/v3/docs/,2026-10-05,fbbf0a93a4ff8cedf2a60fe4b5e4101dd5c8eabb54e8b65ef046b26e0a74550e,"NOT PRODUCTION READY — approvals, actual grant, eligibility and live E2E unverified"
youtube,live_stream,documented,YouTube Data API v3 / Live Streaming API,manage,"[""https://www.googleapis.com/auth/youtube.force-ssl""]",[],youtube_data,channel; feature-specific live/thumbnail eligibility,Google OAuth verification; YouTube API compliance audit/public-upload eligibility separate; feature-specific channel eligibility.,NOT_VERIFIED,[],,NOT_OBSERVED_IN_THIS_TASK,True,NOT_RUN,,NOT_VERIFIED,none,,https://developers.google.com/youtube/v3/docs/,2026-10-05,fbbf0a93a4ff8cedf2a60fe4b5e4101dd5c8eabb54e8b65ef046b26e0a74550e,"NOT PRODUCTION READY — approvals, actual grant, eligibility and live E2E unverified"
youtube,live_chat,documented,YouTube Data API v3 / Live Streaming API,manage,"[""https://www.googleapis.com/auth/youtube.force-ssl""]",[],youtube_data,channel; feature-specific live/thumbnail eligibility,Google OAuth verification; YouTube API compliance audit/public-upload eligibility separate; feature-specific channel eligibility.,NOT_VERIFIED,[],,NOT_OBSERVED_IN_THIS_TASK,True,NOT_RUN,,NOT_VERIFIED,none,,https://developers.google.com/youtube/v3/docs/,2026-10-05,fbbf0a93a4ff8cedf2a60fe4b5e4101dd5c8eabb54e8b65ef046b26e0a74550e,"NOT PRODUCTION READY — approvals, actual grant, eligibility and live E2E unverified"
youtube,live_moderation,documented,YouTube Data API v3 / Live Streaming API,manage,"[""https://www.googleapis.com/auth/youtube.force-ssl""]",[],youtube_data,channel; feature-specific live/thumbnail eligibility,Google OAuth verification; YouTube API compliance audit/public-upload eligibility separate; feature-specific channel eligibility.,NOT_VERIFIED,[],,NOT_OBSERVED_IN_THIS_TASK,True,NOT_RUN,,NOT_VERIFIED,none,,https://developers.google.com/youtube/v3/docs/,2026-10-05,fbbf0a93a4ff8cedf2a60fe4b5e4101dd5c8eabb54e8b65ef046b26e0a74550e,"NOT PRODUCTION READY — approvals, actual grant, eligibility and live E2E unverified"
youtube,analytics,documented,GET youtubeanalytics.googleapis.com/v2/reports; youtubereporting.googleapis.com/v1/jobs,analytics,"[""https://www.googleapis.com/auth/yt-analytics.readonly""]",[],youtube_analytics,owned channel,YouTube Analytics/Reporting APIs enabled; Google OAuth verification; owned channel.,NOT_VERIFIED,[],,NOT_OBSERVED_IN_THIS_TASK,True,NOT_RUN,,NOT_VERIFIED,none,,https://developers.google.com/youtube/v3/docs/,2026-10-05,fbbf0a93a4ff8cedf2a60fe4b5e4101dd5c8eabb54e8b65ef046b26e0a74550e,"NOT PRODUCTION READY — approvals, actual grant, eligibility and live E2E unverified"
youtube,shorts_analytics,documented,GET youtubeanalytics.googleapis.com/v2/reports; youtubereporting.googleapis.com/v1/jobs,analytics,"[""https://www.googleapis.com/auth/yt-analytics.readonly""]",[],youtube_analytics,owned channel,YouTube Analytics/Reporting APIs enabled; Google OAuth verification; owned channel.,NOT_VERIFIED,[],,NOT_OBSERVED_IN_THIS_TASK,True,NOT_RUN,,NOT_VERIFIED,none,,https://developers.google.com/youtube/v3/docs/,2026-10-05,fbbf0a93a4ff8cedf2a60fe4b5e4101dd5c8eabb54e8b65ef046b26e0a74550e,"NOT PRODUCTION READY — approvals, actual grant, eligibility and live E2E unverified"
youtube,reporting,documented,GET youtubeanalytics.googleapis.com/v2/reports; youtubereporting.googleapis.com/v1/jobs,analytics,"[""https://www.googleapis.com/auth/yt-analytics.readonly""]",[],youtube_analytics,owned channel,YouTube Analytics/Reporting APIs enabled; Google OAuth verification; owned channel.,NOT_VERIFIED,[],,NOT_OBSERVED_IN_THIS_TASK,True,NOT_RUN,,NOT_VERIFIED,none,,https://developers.google.com/youtube/v3/docs/,2026-10-05,fbbf0a93a4ff8cedf2a60fe4b5e4101dd5c8eabb54e8b65ef046b26e0a74550e,"NOT PRODUCTION READY — approvals, actual grant, eligibility and live E2E unverified"
youtube,reporting_download,documented,GET /v1/jobs/{job}/reports/{report}; GET /v1/media/{name}?alt=media,analytics,"[""https://www.googleapis.com/auth/yt-analytics.readonly""]",[],youtube_analytics,owned channel reporting job,YouTube Analytics/Reporting APIs enabled; Google OAuth verification; owned channel.,NOT_VERIFIED,[],,NOT_OBSERVED_IN_THIS_TASK,True,NOT_RUN,,NOT_VERIFIED,none,"Bounded CSV up to 512 kB, 500 returned rows; full-file hash and period retained. Larger reports need a separate streaming export workflow.",https://developers.google.com/youtube/v3/docs/,2026-10-05,fbbf0a93a4ff8cedf2a60fe4b5e4101dd5c8eabb54e8b65ef046b26e0a74550e,"NOT PRODUCTION READY — approvals, actual grant, eligibility and live E2E unverified"
youtube,monetary_analytics,documented,GET youtubeanalytics.googleapis.com/v2/reports,monetary_analytics,"[""https://www.googleapis.com/auth/yt-analytics-monetary.readonly""]",[],youtube_analytics_monetary,eligible monetized channel,"Separate intentional monetary scope, OAuth verification and eligible monetized channel.",NOT_VERIFIED,[],,NOT_OBSERVED_IN_THIS_TASK,True,NOT_RUN,,NOT_VERIFIED,none,,https://developers.google.com/youtube/v3/docs/,2026-10-05,fbbf0a93a4ff8cedf2a60fe4b5e4101dd5c8eabb54e8b65ef046b26e0a74550e,"NOT PRODUCTION READY — approvals, actual grant, eligibility and live E2E unverified"
youtube,memberships,documented,GET /youtube/v3/members|membershipsLevels,memberships,"[""https://www.googleapis.com/auth/youtube.channel-memberships.creator""]",[],youtube_memberships,eligible channel with memberships,"Separate creator-membership scope, OAuth verification and eligible channel.",NOT_VERIFIED,[],,NOT_OBSERVED_IN_THIS_TASK,True,NOT_RUN,,NOT_VERIFIED,none,,https://developers.google.com/youtube/v3/docs/,2026-10-05,fbbf0a93a4ff8cedf2a60fe4b5e4101dd5c8eabb54e8b65ef046b26e0a74550e,"NOT PRODUCTION READY — approvals, actual grant, eligibility and live E2E unverified"
youtube,community_posts,unsupported,none,identity,[],[],none,none,Not applicable: no supported authoring contract.,NOT_VERIFIED,[],,NOT_OBSERVED_IN_THIS_TASK,False,NOT_RUN,,NOT_VERIFIED,none,UNSUPPORTED BY OFFICIAL API: no public Community Posts authoring method in YouTube Data API v3.,https://developers.google.com/youtube/v3/docs/,2026-10-05,fbbf0a93a4ff8cedf2a60fe4b5e4101dd5c8eabb54e8b65ef046b26e0a74550e,UNSUPPORTED BY OFFICIAL API
tiktok,connected,documented,GET /v2/user/info/,identity,"[""user.info.basic""]",[],login_kit,TikTok account,TikTok Login Kit/scopes/redirect approval.,NOT_VERIFIED,[],,NOT_OBSERVED_IN_THIS_TASK,True,NOT_RUN,,NOT_VERIFIED,none,,https://developers.tiktok.com/doc/content-posting-api-get-started,2026-10-05,fbbf0a93a4ff8cedf2a60fe4b5e4101dd5c8eabb54e8b65ef046b26e0a74550e,"NOT PRODUCTION READY — approvals, actual grant, eligibility and live E2E unverified"
tiktok,identity,documented,GET /v2/user/info/,identity,"[""user.info.basic""]",[],login_kit,TikTok account,TikTok Login Kit/scopes/redirect approval.,NOT_VERIFIED,[],,NOT_OBSERVED_IN_THIS_TASK,True,NOT_RUN,,NOT_VERIFIED,none,,https://developers.tiktok.com/doc/content-posting-api-get-started,2026-10-05,fbbf0a93a4ff8cedf2a60fe4b5e4101dd5c8eabb54e8b65ef046b26e0a74550e,"NOT PRODUCTION READY — approvals, actual grant, eligibility and live E2E unverified"
tiktok,creator_info,documented,POST /v2/post/publish/creator_info/query/; /video/init/; /content/init/; /status/fetch/,publish,"[""user.info.basic"", ""video.publish""]",[],content_posting,current creator capabilities and domain verification for URL transfer,TikTok Content Posting Direct Post audit; unaudited public publishing BLOCKED — TIKTOK AUDIT.,NOT_VERIFIED,[],,NOT_OBSERVED_IN_THIS_TASK,True,NOT_RUN,,NOT_VERIFIED,rafii,Public Publishing: BLOCKED — TIKTOK AUDIT until approved. Creator information is refreshed before every post.,https://developers.tiktok.com/doc/content-posting-api-get-started,2026-10-05,fbbf0a93a4ff8cedf2a60fe4b5e4101dd5c8eabb54e8b65ef046b26e0a74550e,"NOT PRODUCTION READY — approvals, actual grant, eligibility and live E2E unverified"
tiktok,video,documented,POST /v2/post/publish/creator_info/query/; /video/init/; /content/init/; /status/fetch/,publish,"[""user.info.basic"", ""video.publish""]",[],content_posting,current creator capabilities and domain verification for URL transfer,TikTok Content Posting Direct Post audit; unaudited public publishing BLOCKED — TIKTOK AUDIT.,NOT_VERIFIED,[],,NOT_OBSERVED_IN_THIS_TASK,True,NOT_RUN,,NOT_VERIFIED,rafii,Public Publishing: BLOCKED — TIKTOK AUDIT until approved. Creator information is refreshed before every post.,https://developers.tiktok.com/doc/content-posting-api-get-started,2026-10-05,fbbf0a93a4ff8cedf2a60fe4b5e4101dd5c8eabb54e8b65ef046b26e0a74550e,"NOT PRODUCTION READY — approvals, actual grant, eligibility and live E2E unverified"
tiktok,direct_post,documented,POST /v2/post/publish/creator_info/query/; /video/init/; /content/init/; /status/fetch/,publish,"[""user.info.basic"", ""video.publish""]",[],content_posting,current creator capabilities and domain verification for URL transfer,TikTok Content Posting Direct Post audit; unaudited public publishing BLOCKED — TIKTOK AUDIT.,NOT_VERIFIED,[],,NOT_OBSERVED_IN_THIS_TASK,True,NOT_RUN,,NOT_VERIFIED,rafii,Public Publishing: BLOCKED — TIKTOK AUDIT until approved. Creator information is refreshed before every post.,https://developers.tiktok.com/doc/content-posting-api-get-started,2026-10-05,fbbf0a93a4ff8cedf2a60fe4b5e4101dd5c8eabb54e8b65ef046b26e0a74550e,"NOT PRODUCTION READY — approvals, actual grant, eligibility and live E2E unverified"
tiktok,photo,documented,POST /v2/post/publish/creator_info/query/; /video/init/; /content/init/; /status/fetch/,publish,"[""user.info.basic"", ""video.publish""]",[],content_posting,current creator capabilities and domain verification for URL transfer,TikTok Content Posting Direct Post audit; unaudited public publishing BLOCKED — TIKTOK AUDIT.,NOT_VERIFIED,[],,NOT_OBSERVED_IN_THIS_TASK,True,NOT_RUN,,NOT_VERIFIED,rafii,Public Publishing: BLOCKED — TIKTOK AUDIT until approved. Creator information is refreshed before every post.,https://developers.tiktok.com/doc/content-posting-api-get-started,2026-10-05,fbbf0a93a4ff8cedf2a60fe4b5e4101dd5c8eabb54e8b65ef046b26e0a74550e,"NOT PRODUCTION READY — approvals, actual grant, eligibility and live E2E unverified"
tiktok,privacy,documented,POST /v2/post/publish/creator_info/query/; /video/init/; /content/init/; /status/fetch/,publish,"[""user.info.basic"", ""video.publish""]",[],content_posting,current creator capabilities and domain verification for URL transfer,TikTok Content Posting Direct Post audit; unaudited public publishing BLOCKED — TIKTOK AUDIT.,NOT_VERIFIED,[],,NOT_OBSERVED_IN_THIS_TASK,True,NOT_RUN,,NOT_VERIFIED,rafii,Public Publishing: BLOCKED — TIKTOK AUDIT until approved. Creator information is refreshed before every post.,https://developers.tiktok.com/doc/content-posting-api-get-started,2026-10-05,fbbf0a93a4ff8cedf2a60fe4b5e4101dd5c8eabb54e8b65ef046b26e0a74550e,"NOT PRODUCTION READY — approvals, actual grant, eligibility and live E2E unverified"
tiktok,interactions,documented,POST /v2/post/publish/creator_info/query/; /video/init/; /content/init/; /status/fetch/,publish,"[""user.info.basic"", ""video.publish""]",[],content_posting,current creator capabilities and domain verification for URL transfer,TikTok Content Posting Direct Post audit; unaudited public publishing BLOCKED — TIKTOK AUDIT.,NOT_VERIFIED,[],,NOT_OBSERVED_IN_THIS_TASK,True,NOT_RUN,,NOT_VERIFIED,rafii,Public Publishing: BLOCKED — TIKTOK AUDIT until approved. Creator information is refreshed before every post.,https://developers.tiktok.com/doc/content-posting-api-get-started,2026-10-05,fbbf0a93a4ff8cedf2a60fe4b5e4101dd5c8eabb54e8b65ef046b26e0a74550e,"NOT PRODUCTION READY — approvals, actual grant, eligibility and live E2E unverified"
tiktok,processing,documented,POST /v2/post/publish/creator_info/query/; /video/init/; /content/init/; /status/fetch/,publish,"[""user.info.basic"", ""video.publish""]",[],content_posting,current creator capabilities and domain verification for URL transfer,TikTok Content Posting Direct Post audit; unaudited public publishing BLOCKED — TIKTOK AUDIT.,NOT_VERIFIED,[],,NOT_OBSERVED_IN_THIS_TASK,True,NOT_RUN,,NOT_VERIFIED,rafii,Public Publishing: BLOCKED — TIKTOK AUDIT until approved. Creator information is refreshed before every post.,https://developers.tiktok.com/doc/content-posting-api-get-started,2026-10-05,fbbf0a93a4ff8cedf2a60fe4b5e4101dd5c8eabb54e8b65ef046b26e0a74550e,"NOT PRODUCTION READY — approvals, actual grant, eligibility and live E2E unverified"
tiktok,schedule,documented,POST /v2/post/publish/creator_info/query/; /video/init/; /content/init/; /status/fetch/,publish,"[""user.info.basic"", ""video.publish""]",[],content_posting,current creator capabilities and domain verification for URL transfer,TikTok Content Posting Direct Post audit; unaudited public publishing BLOCKED — TIKTOK AUDIT.,NOT_VERIFIED,[],,NOT_OBSERVED_IN_THIS_TASK,True,NOT_RUN,,NOT_VERIFIED,rafii,Public Publishing: BLOCKED — TIKTOK AUDIT until approved. Creator information is refreshed before every post.,https://developers.tiktok.com/doc/content-posting-api-get-started,2026-10-05,fbbf0a93a4ff8cedf2a60fe4b5e4101dd5c8eabb54e8b65ef046b26e0a74550e,"NOT PRODUCTION READY — approvals, actual grant, eligibility and live E2E unverified"
tiktok,upload_inbox,documented,POST /v2/post/publish/inbox/video/init/,upload_inbox,"[""user.info.basic"", ""video.upload""]",[],content_posting_upload,TikTok account,TikTok Upload product/video.upload review; inbox completion requires creator action.,NOT_VERIFIED,[],,NOT_OBSERVED_IN_THIS_TASK,True,NOT_RUN,,NOT_VERIFIED,none,"SEND_TO_USER_INBOX is a handoff, not a published post.",https://developers.tiktok.com/doc/content-posting-api-get-started,2026-10-05,fbbf0a93a4ff8cedf2a60fe4b5e4101dd5c8eabb54e8b65ef046b26e0a74550e,"NOT PRODUCTION READY — approvals, actual grant, eligibility and live E2E unverified"
tiktok,photo_inbox,documented,POST /v2/post/publish/content/init/ post_mode=MEDIA_UPLOAD,upload_inbox,"[""user.info.basic"", ""video.upload""]",[],content_posting_upload,verified media domain; TikTok inbox completion by creator,TikTok Upload product/video.upload review; inbox completion requires creator action.,NOT_VERIFIED,[],,NOT_OBSERVED_IN_THIS_TASK,True,NOT_RUN,,NOT_VERIFIED,none,,https://developers.tiktok.com/doc/content-posting-api-get-started,2026-10-05,fbbf0a93a4ff8cedf2a60fe4b5e4101dd5c8eabb54e8b65ef046b26e0a74550e,"NOT PRODUCTION READY — approvals, actual grant, eligibility and live E2E unverified"
tiktok,video_url_transfer,documented,POST /v2/post/publish/video/init/; /content/init/,publish,"[""user.info.basic"", ""video.publish""]",[],content_posting,verified URL domain for PULL_FROM_URL; current creator capabilities,TikTok Content Posting Direct Post audit; unaudited public publishing BLOCKED — TIKTOK AUDIT.,NOT_VERIFIED,[],,NOT_OBSERVED_IN_THIS_TASK,True,NOT_RUN,,NOT_VERIFIED,none,Video cover timestamp must be within approved duration. Photo AI disclosure is top-level; video disclosure belongs to post_info.,https://developers.tiktok.com/doc/content-posting-api-get-started,2026-10-05,fbbf0a93a4ff8cedf2a60fe4b5e4101dd5c8eabb54e8b65ef046b26e0a74550e,"NOT PRODUCTION READY — approvals, actual grant, eligibility and live E2E unverified"
tiktok,cover_frame,documented,POST /v2/post/publish/video/init/; /content/init/,publish,"[""user.info.basic"", ""video.publish""]",[],content_posting,verified URL domain for PULL_FROM_URL; current creator capabilities,TikTok Content Posting Direct Post audit; unaudited public publishing BLOCKED — TIKTOK AUDIT.,NOT_VERIFIED,[],,NOT_OBSERVED_IN_THIS_TASK,True,NOT_RUN,,NOT_VERIFIED,none,Video cover timestamp must be within approved duration. Photo AI disclosure is top-level; video disclosure belongs to post_info.,https://developers.tiktok.com/doc/content-posting-api-get-started,2026-10-05,fbbf0a93a4ff8cedf2a60fe4b5e4101dd5c8eabb54e8b65ef046b26e0a74550e,"NOT PRODUCTION READY — approvals, actual grant, eligibility and live E2E unverified"
tiktok,ai_disclosure,documented,POST /v2/post/publish/video/init/; /content/init/,publish,"[""user.info.basic"", ""video.publish""]",[],content_posting,verified URL domain for PULL_FROM_URL; current creator capabilities,TikTok Content Posting Direct Post audit; unaudited public publishing BLOCKED — TIKTOK AUDIT.,NOT_VERIFIED,[],,NOT_OBSERVED_IN_THIS_TASK,True,NOT_RUN,,NOT_VERIFIED,none,Video cover timestamp must be within approved duration. Photo AI disclosure is top-level; video disclosure belongs to post_info.,https://developers.tiktok.com/doc/content-posting-api-get-started,2026-10-05,fbbf0a93a4ff8cedf2a60fe4b5e4101dd5c8eabb54e8b65ef046b26e0a74550e,"NOT PRODUCTION READY — approvals, actual grant, eligibility and live E2E unverified"
tiktok,cancel_transfer,documented,POST /v2/post/publish/cancel/,publish,"[""user.info.basic"", ""video.publish""]","[[""user.info.basic"", ""video.upload""]]",content_posting,owned publish ID; still-cancellable URL transfer,TikTok Content Posting Direct Post audit; unaudited public publishing BLOCKED — TIKTOK AUDIT.,NOT_VERIFIED,[],,NOT_OBSERVED_IN_THIS_TASK,True,NOT_RUN,,NOT_VERIFIED,none,"Best-effort transfer cancellation, never deletion of a published post.",https://developers.tiktok.com/doc/content-posting-api-get-started,2026-10-05,fbbf0a93a4ff8cedf2a60fe4b5e4101dd5c8eabb54e8b65ef046b26e0a74550e,"NOT PRODUCTION READY — approvals, actual grant, eligibility and live E2E unverified"
tiktok,media_read,documented,POST /v2/video/list/; /v2/video/query/,posts_read,"[""user.info.basic"", ""video.list""]",[],display_api,owned account,TikTok Display API product/video.list approval.,NOT_VERIFIED,[],,NOT_OBSERVED_IN_THIS_TASK,True,NOT_RUN,,NOT_VERIFIED,none,,https://developers.tiktok.com/doc/content-posting-api-get-started,2026-10-05,fbbf0a93a4ff8cedf2a60fe4b5e4101dd5c8eabb54e8b65ef046b26e0a74550e,"NOT PRODUCTION READY — approvals, actual grant, eligibility and live E2E unverified"
tiktok,analytics,unsupported,none,identity,[],[],none,none,Not applicable: no supported authoring contract.,NOT_VERIFIED,[],,NOT_OBSERVED_IN_THIS_TASK,False,NOT_RUN,,NOT_VERIFIED,none,No verified general public creator-management endpoint. Research API access does not qualify.,https://developers.tiktok.com/doc/content-posting-api-get-started,2026-10-05,fbbf0a93a4ff8cedf2a60fe4b5e4101dd5c8eabb54e8b65ef046b26e0a74550e,UNSUPPORTED BY OFFICIAL API
tiktok,comments_read,unsupported,none,identity,[],[],none,none,Not applicable: no supported authoring contract.,NOT_VERIFIED,[],,NOT_OBSERVED_IN_THIS_TASK,False,NOT_RUN,,NOT_VERIFIED,none,No verified general public creator-management endpoint. Research API access does not qualify.,https://developers.tiktok.com/doc/content-posting-api-get-started,2026-10-05,fbbf0a93a4ff8cedf2a60fe4b5e4101dd5c8eabb54e8b65ef046b26e0a74550e,UNSUPPORTED BY OFFICIAL API
tiktok,reply,unsupported,none,identity,[],[],none,none,Not applicable: no supported authoring contract.,NOT_VERIFIED,[],,NOT_OBSERVED_IN_THIS_TASK,False,NOT_RUN,,NOT_VERIFIED,none,No verified general public creator-management endpoint. Research API access does not qualify.,https://developers.tiktok.com/doc/content-posting-api-get-started,2026-10-05,fbbf0a93a4ff8cedf2a60fe4b5e4101dd5c8eabb54e8b65ef046b26e0a74550e,UNSUPPORTED BY OFFICIAL API
tiktok,edit,unsupported,none,identity,[],[],none,none,Not applicable: no supported authoring contract.,NOT_VERIFIED,[],,NOT_OBSERVED_IN_THIS_TASK,False,NOT_RUN,,NOT_VERIFIED,none,No verified general public creator-management endpoint. Research API access does not qualify.,https://developers.tiktok.com/doc/content-posting-api-get-started,2026-10-05,fbbf0a93a4ff8cedf2a60fe4b5e4101dd5c8eabb54e8b65ef046b26e0a74550e,UNSUPPORTED BY OFFICIAL API
tiktok,delete,unsupported,none,identity,[],[],none,none,Not applicable: no supported authoring contract.,NOT_VERIFIED,[],,NOT_OBSERVED_IN_THIS_TASK,False,NOT_RUN,,NOT_VERIFIED,none,No verified general public creator-management endpoint. Research API access does not qualify.,https://developers.tiktok.com/doc/content-posting-api-get-started,2026-10-05,fbbf0a93a4ff8cedf2a60fe4b5e4101dd5c8eabb54e8b65ef046b26e0a74550e,UNSUPPORTED BY OFFICIAL API
pinterest,connected,documented,GET /v5/user_account,identity,"[""user_accounts:read""]",[],pinterest_v5,Pinterest business account,Pinterest business eligibility and Trial versus approved Standard access.,NOT_VERIFIED,[],,NOT_OBSERVED_IN_THIS_TASK,True,NOT_RUN,,NOT_VERIFIED,none,,https://github.com/pinterest/api-description/blob/main/v5/openapi.yaml,2026-10-05,fbbf0a93a4ff8cedf2a60fe4b5e4101dd5c8eabb54e8b65ef046b26e0a74550e,"NOT PRODUCTION READY — approvals, actual grant, eligibility and live E2E unverified"
pinterest,identity,documented,GET /v5/user_account,identity,"[""user_accounts:read""]",[],pinterest_v5,Pinterest business account,Pinterest business eligibility and Trial versus approved Standard access.,NOT_VERIFIED,[],,NOT_OBSERVED_IN_THIS_TASK,True,NOT_RUN,,NOT_VERIFIED,none,,https://github.com/pinterest/api-description/blob/main/v5/openapi.yaml,2026-10-05,fbbf0a93a4ff8cedf2a60fe4b5e4101dd5c8eabb54e8b65ef046b26e0a74550e,"NOT PRODUCTION READY — approvals, actual grant, eligibility and live E2E unverified"
pinterest,boards,documented,GET|POST|PATCH|DELETE /v5/boards; /boards/{id}/sections,boards,"[""boards:read"", ""boards:write""]",[],pinterest_v5,owned board; Standard for release,Pinterest business eligibility and Trial versus approved Standard access.,NOT_VERIFIED,[],,NOT_OBSERVED_IN_THIS_TASK,True,NOT_RUN,,NOT_VERIFIED,none,,https://github.com/pinterest/api-description/blob/main/v5/openapi.yaml,2026-10-05,fbbf0a93a4ff8cedf2a60fe4b5e4101dd5c8eabb54e8b65ef046b26e0a74550e,"NOT PRODUCTION READY — approvals, actual grant, eligibility and live E2E unverified"
pinterest,sections,documented,GET|POST|PATCH|DELETE /v5/boards; /boards/{id}/sections,boards,"[""boards:read"", ""boards:write""]",[],pinterest_v5,owned board; Standard for release,Pinterest business eligibility and Trial versus approved Standard access.,NOT_VERIFIED,[],,NOT_OBSERVED_IN_THIS_TASK,True,NOT_RUN,,NOT_VERIFIED,none,,https://github.com/pinterest/api-description/blob/main/v5/openapi.yaml,2026-10-05,fbbf0a93a4ff8cedf2a60fe4b5e4101dd5c8eabb54e8b65ef046b26e0a74550e,"NOT PRODUCTION READY — approvals, actual grant, eligibility and live E2E unverified"
pinterest,image,documented,POST /v5/media; GET /v5/media/{id}; POST|PATCH|DELETE /v5/pins,publish,"[""boards:read"", ""pins:read"", ""pins:write""]",[],pinterest_v5,owned board; approved access tier,Pinterest business eligibility and Trial versus approved Standard access.,NOT_VERIFIED,[],,NOT_OBSERVED_IN_THIS_TASK,True,NOT_RUN,,NOT_VERIFIED,rafii,Video media registration/upload/processing precedes Pin creation; ambiguous creates never retry automatically.,https://github.com/pinterest/api-description/blob/main/v5/openapi.yaml,2026-10-05,fbbf0a93a4ff8cedf2a60fe4b5e4101dd5c8eabb54e8b65ef046b26e0a74550e,"NOT PRODUCTION READY — approvals, actual grant, eligibility and live E2E unverified"
pinterest,video,documented,POST /v5/media; GET /v5/media/{id}; POST|PATCH|DELETE /v5/pins,publish,"[""boards:read"", ""pins:read"", ""pins:write""]",[],pinterest_v5,owned board; approved access tier,Pinterest business eligibility and Trial versus approved Standard access.,NOT_VERIFIED,[],,NOT_OBSERVED_IN_THIS_TASK,True,NOT_RUN,,NOT_VERIFIED,rafii,Video media registration/upload/processing precedes Pin creation; ambiguous creates never retry automatically.,https://github.com/pinterest/api-description/blob/main/v5/openapi.yaml,2026-10-05,fbbf0a93a4ff8cedf2a60fe4b5e4101dd5c8eabb54e8b65ef046b26e0a74550e,"NOT PRODUCTION READY — approvals, actual grant, eligibility and live E2E unverified"
pinterest,publish,documented,POST /v5/media; GET /v5/media/{id}; POST|PATCH|DELETE /v5/pins,publish,"[""boards:read"", ""pins:read"", ""pins:write""]",[],pinterest_v5,owned board; approved access tier,Pinterest business eligibility and Trial versus approved Standard access.,NOT_VERIFIED,[],,NOT_OBSERVED_IN_THIS_TASK,True,NOT_RUN,,NOT_VERIFIED,rafii,Video media registration/upload/processing precedes Pin creation; ambiguous creates never retry automatically.,https://github.com/pinterest/api-description/blob/main/v5/openapi.yaml,2026-10-05,fbbf0a93a4ff8cedf2a60fe4b5e4101dd5c8eabb54e8b65ef046b26e0a74550e,"NOT PRODUCTION READY — approvals, actual grant, eligibility and live E2E unverified"
pinterest,edit,documented,POST /v5/media; GET /v5/media/{id}; POST|PATCH|DELETE /v5/pins,publish,"[""boards:read"", ""pins:read"", ""pins:write""]",[],pinterest_v5,owned board; approved access tier,Pinterest business eligibility and Trial versus approved Standard access.,NOT_VERIFIED,[],,NOT_OBSERVED_IN_THIS_TASK,True,NOT_RUN,,NOT_VERIFIED,rafii,Video media registration/upload/processing precedes Pin creation; ambiguous creates never retry automatically.,https://github.com/pinterest/api-description/blob/main/v5/openapi.yaml,2026-10-05,fbbf0a93a4ff8cedf2a60fe4b5e4101dd5c8eabb54e8b65ef046b26e0a74550e,"NOT PRODUCTION READY — approvals, actual grant, eligibility and live E2E unverified"
pinterest,delete,documented,POST /v5/media; GET /v5/media/{id}; POST|PATCH|DELETE /v5/pins,publish,"[""boards:read"", ""pins:read"", ""pins:write""]",[],pinterest_v5,owned board; approved access tier,Pinterest business eligibility and Trial versus approved Standard access.,NOT_VERIFIED,[],,NOT_OBSERVED_IN_THIS_TASK,True,NOT_RUN,,NOT_VERIFIED,rafii,Video media registration/upload/processing precedes Pin creation; ambiguous creates never retry automatically.,https://github.com/pinterest/api-description/blob/main/v5/openapi.yaml,2026-10-05,fbbf0a93a4ff8cedf2a60fe4b5e4101dd5c8eabb54e8b65ef046b26e0a74550e,"NOT PRODUCTION READY — approvals, actual grant, eligibility and live E2E unverified"
pinterest,schedule,documented,POST /v5/media; GET /v5/media/{id}; POST|PATCH|DELETE /v5/pins,publish,"[""boards:read"", ""pins:read"", ""pins:write""]",[],pinterest_v5,owned board; approved access tier,Pinterest business eligibility and Trial versus approved Standard access.,NOT_VERIFIED,[],,NOT_OBSERVED_IN_THIS_TASK,True,NOT_RUN,,NOT_VERIFIED,rafii,Video media registration/upload/processing precedes Pin creation; ambiguous creates never retry automatically.,https://github.com/pinterest/api-description/blob/main/v5/openapi.yaml,2026-10-05,fbbf0a93a4ff8cedf2a60fe4b5e4101dd5c8eabb54e8b65ef046b26e0a74550e,"NOT PRODUCTION READY — approvals, actual grant, eligibility and live E2E unverified"
pinterest,pin_read,documented,GET /v5/pins/{id}; /pins/{id}/analytics; /user_account/analytics|analytics/top_video_pins,analytics,"[""pins:read"", ""user_accounts:read""]",[],pinterest_v5,owned Pins/business account,Pinterest business eligibility and Trial versus approved Standard access.,NOT_VERIFIED,[],,NOT_OBSERVED_IN_THIS_TASK,True,NOT_RUN,,NOT_VERIFIED,none,,https://github.com/pinterest/api-description/blob/main/v5/openapi.yaml,2026-10-05,fbbf0a93a4ff8cedf2a60fe4b5e4101dd5c8eabb54e8b65ef046b26e0a74550e,"NOT PRODUCTION READY — approvals, actual grant, eligibility and live E2E unverified"
pinterest,analytics,documented,GET /v5/pins/{id}; /pins/{id}/analytics; /user_account/analytics|analytics/top_video_pins,analytics,"[""pins:read"", ""user_accounts:read""]",[],pinterest_v5,owned Pins/business account,Pinterest business eligibility and Trial versus approved Standard access.,NOT_VERIFIED,[],,NOT_OBSERVED_IN_THIS_TASK,True,NOT_RUN,,NOT_VERIFIED,none,,https://github.com/pinterest/api-description/blob/main/v5/openapi.yaml,2026-10-05,fbbf0a93a4ff8cedf2a60fe4b5e4101dd5c8eabb54e8b65ef046b26e0a74550e,"NOT PRODUCTION READY — approvals, actual grant, eligibility and live E2E unverified"
pinterest,video_analytics,documented,GET /v5/pins/{id}; /pins/{id}/analytics; /user_account/analytics|analytics/top_video_pins,analytics,"[""pins:read"", ""user_accounts:read""]",[],pinterest_v5,owned Pins/business account,Pinterest business eligibility and Trial versus approved Standard access.,NOT_VERIFIED,[],,NOT_OBSERVED_IN_THIS_TASK,True,NOT_RUN,,NOT_VERIFIED,none,,https://github.com/pinterest/api-description/blob/main/v5/openapi.yaml,2026-10-05,fbbf0a93a4ff8cedf2a60fe4b5e4101dd5c8eabb54e8b65ef046b26e0a74550e,"NOT PRODUCTION READY — approvals, actual grant, eligibility and live E2E unverified"
pinterest,account_analytics,documented,GET /v5/pins/{id}; /pins/{id}/analytics; /user_account/analytics|analytics/top_video_pins,analytics,"[""pins:read"", ""user_accounts:read""]",[],pinterest_v5,owned Pins/business account,Pinterest business eligibility and Trial versus approved Standard access.,NOT_VERIFIED,[],,NOT_OBSERVED_IN_THIS_TASK,True,NOT_RUN,,NOT_VERIFIED,none,,https://github.com/pinterest/api-description/blob/main/v5/openapi.yaml,2026-10-05,fbbf0a93a4ff8cedf2a60fe4b5e4101dd5c8eabb54e8b65ef046b26e0a74550e,"NOT PRODUCTION READY — approvals, actual grant, eligibility and live E2E unverified"
pinterest,trends,documented,GET /v5/trends/keywords/{region}/top/{trend_type},trends,"[""user_accounts:read""]",[],pinterest_v5,approved access tier,Pinterest business eligibility and Trial versus approved Standard access.,NOT_VERIFIED,[],,NOT_OBSERVED_IN_THIS_TASK,True,NOT_RUN,,NOT_VERIFIED,none,,https://github.com/pinterest/api-description/blob/main/v5/openapi.yaml,2026-10-05,fbbf0a93a4ff8cedf2a60fe4b5e4101dd5c8eabb54e8b65ef046b26e0a74550e,"NOT PRODUCTION READY — approvals, actual grant, eligibility and live E2E unverified"
pinterest,audience_insights,documented,GET /v5/ad_accounts/{id}/audience_insights,audience_insights,"[""ads:read""]",[],pinterest_ads,ad account,"Separate ads:read enablement, ad-account authorization and access approval.",NOT_VERIFIED,[],,NOT_OBSERVED_IN_THIS_TASK,True,NOT_RUN,,NOT_VERIFIED,none,Advertising/account eligibility; not assumed for an ordinary creator.,https://github.com/pinterest/api-description/blob/main/v5/openapi.yaml,2026-10-05,fbbf0a93a4ff8cedf2a60fe4b5e4101dd5c8eabb54e8b65ef046b26e0a74550e,"NOT PRODUCTION READY — approvals, actual grant, eligibility and live E2E unverified"
pinterest,commerce,documented,GET /v5/catalogs|catalogs/product_groups|catalogs/feeds,commerce,"[""catalogs:read""]",[],pinterest_commerce,merchant/catalog eligibility,Separate commerce enablement/scopes; Standard access and merchant/catalog eligibility.,NOT_VERIFIED,[],,NOT_OBSERVED_IN_THIS_TASK,True,NOT_RUN,,NOT_VERIFIED,none,,https://github.com/pinterest/api-description/blob/main/v5/openapi.yaml,2026-10-05,fbbf0a93a4ff8cedf2a60fe4b5e4101dd5c8eabb54e8b65ef046b26e0a74550e,"NOT PRODUCTION READY — approvals, actual grant, eligibility and live E2E unverified"
pinterest,commerce_write,documented,POST|PATCH|DELETE /v5/catalogs/feeds|catalogs/product_groups; POST /catalogs/feeds/{id}/ingest,commerce_write,"[""catalogs:read"", ""catalogs:write""]",[],pinterest_commerce,eligible RETAIL merchant,Separate commerce enablement/scopes; Standard access and merchant/catalog eligibility.,NOT_VERIFIED,[],,NOT_OBSERVED_IN_THIS_TASK,True,NOT_RUN,,NOT_VERIFIED,none,"Separately enabled; immutable native-action approvals. Credential-protected feeds, hotel/creative catalogs and item-batch mutation are outside the implemented retail feed flow.",https://github.com/pinterest/api-description/blob/main/v5/openapi.yaml,2026-10-05,fbbf0a93a4ff8cedf2a60fe4b5e4101dd5c8eabb54e8b65ef046b26e0a74550e,"NOT PRODUCTION READY — approvals, actual grant, eligibility and live E2E unverified"
pinterest,product_tag,documented,POST /v5/pins/{id}/product_tags,product_tag,"[""boards:read"", ""boards:write"", ""pins:read"", ""pins:write""]",[],pinterest_commerce,eligible merchant and product Pins; sandbox disabled,Separate commerce enablement/scopes; Standard access and merchant/catalog eligibility.,NOT_VERIFIED,[],,NOT_OBSERVED_IN_THIS_TASK,True,NOT_RUN,,NOT_VERIFIED,none,,https://github.com/pinterest/api-description/blob/main/v5/openapi.yaml,2026-10-05,fbbf0a93a4ff8cedf2a60fe4b5e4101dd5c8eabb54e8b65ef046b26e0a74550e,"NOT PRODUCTION READY — approvals, actual grant, eligibility and live E2E unverified"
pinterest,comments_read,unsupported,none,identity,[],[],none,none,Not applicable: no supported authoring contract.,NOT_VERIFIED,[],,NOT_OBSERVED_IN_THIS_TASK,False,NOT_RUN,,NOT_VERIFIED,none,UNSUPPORTED BY OFFICIAL API: engagement counts do not grant comment/reply management.,https://github.com/pinterest/api-description/blob/main/v5/openapi.yaml,2026-10-05,fbbf0a93a4ff8cedf2a60fe4b5e4101dd5c8eabb54e8b65ef046b26e0a74550e,UNSUPPORTED BY OFFICIAL API
pinterest,reply,unsupported,none,identity,[],[],none,none,Not applicable: no supported authoring contract.,NOT_VERIFIED,[],,NOT_OBSERVED_IN_THIS_TASK,False,NOT_RUN,,NOT_VERIFIED,none,UNSUPPORTED BY OFFICIAL API: engagement counts do not grant comment/reply management.,https://github.com/pinterest/api-description/blob/main/v5/openapi.yaml,2026-10-05,fbbf0a93a4ff8cedf2a60fe4b5e4101dd5c8eabb54e8b65ef046b26e0a74550e,UNSUPPORTED BY OFFICIAL API
